stem,cf,df,df/N,stop_at_theta_0.5
the,29622,42,1.0,True
and,27365,42,1.0,True
i,23243,42,1.0,True
to,20898,42,1.0,True
of,18181,42,1.0,True
a,15347,42,1.0,True
you,14236,42,1.0,True
my,12935,42,1.0,True
that,11938,42,1.0,True
in,11901,42,1.0,True
is,9717,42,1.0,True
not,8871,42,1.0,True
with,8243,42,1.0,True
it,8090,42,1.0,True
for,8088,42,1.0,True
s,8078,42,1.0,True
me,8033,42,1.0,True
be,7978,42,1.0,True
hi,7410,42,1.0,True
he,7152,42,1.0,True
your,7145,42,1.0,True
thi,6923,42,1.0,True
but,6637,42,1.0,True
have,6293,42,1.0,True
as,6041,42,1.0,True
thou,5861,42,1.0,True
d,5722,41,0.9761904761904762,True
him,5441,42,1.0,True
so,5361,42,1.0,True
on,5338,42,1.0,True
will,5274,42,1.0,True
what,5026,42,1.0,True
her,4384,42,1.0,True
thy,4259,42,1.0,True
all,4190,42,1.0,True
do,4069,42,1.0,True
by,4033,42,1.0,True
no,3973,42,1.0,True
lord,3780,40,0.9523809523809523,True
we,3757,42,1.0,True
shall,3749,42,1.0,True
if,3689,42,1.0,True
ar,3582,42,1.0,True
come,3403,42,1.0,True
thee,3368,42,1.0,True
king,3260,39,0.9285714285714286,True
our,3256,42,1.0,True
o,3208,42,1.0,True
sir,3033,37,0.8809523809523809,True
good,3016,42,1.0,True
now,2950,42,1.0,True
love,2914,42,1.0,True
from,2854,42,1.0,True
she,2805,42,1.0,True
thei,2705,42,1.0,True
at,2644,42,1.0,True
or,2568,42,1.0,True
which,2543,42,1.0,True
ll,2487,40,0.9523809523809523,True
let,2474,42,1.0,True
enter,2465,40,0.9523809523809523,True
here,2439,42,1.0,True
more,2429,42,1.0,True
would,2415,42,1.0,True
wa,2401,42,1.0,True
well,2349,42,1.0,True
their,2344,42,1.0,True
then,2334,42,1.0,True
how,2291,42,1.0,True
there,2284,42,1.0,True
make,2228,42,1.0,True
am,2217,42,1.0,True
when,2178,42,1.0,True
us,2133,42,1.0,True
sai,2101,42,1.0,True
like,2091,42,1.0,True
them,2088,42,1.0,True
know,2081,42,1.0,True
man,2076,42,1.0,True
hath,2035,42,1.0,True
than,1952,42,1.0,True
an,1910,42,1.0,True
go,1880,42,1.0,True
upon,1845,42,1.0,True
did,1748,42,1.0,True
mai,1741,42,1.0,True
yet,1693,42,1.0,True
were,1674,42,1.0,True
should,1661,42,1.0,True
see,1656,42,1.0,True
give,1627,42,1.0,True
must,1564,42,1.0,True
had,1534,42,1.0,True
why,1534,42,1.0,True
ti,1502,42,1.0,True
such,1498,42,1.0,True
out,1479,42,1.0,True
where,1469,42,1.0,True
who,1424,42,1.0,True
speak,1420,41,0.9761904761904762,True
take,1419,42,1.0,True
time,1414,42,1.0,True
some,1412,42,1.0,True
these,1377,42,1.0,True
first,1369,41,0.9761904761904762,True
heart,1360,42,1.0,True
can,1304,41,0.9761904761904762,True
too,1303,42,1.0,True
ey,1281,42,1.0,True
god,1281,40,0.9523809523809523,True
look,1270,42,1.0,True
mine,1252,42,1.0,True
hand,1240,42,1.0,True
dai,1229,41,0.9761904761904762,True
most,1222,42,1.0,True
think,1220,42,1.0,True
tell,1198,42,1.0,True
t,1181,41,0.9761904761904762,True
duke,1165,26,0.6190476190476191,True
up,1159,42,1.0,True
ladi,1158,40,0.9523809523809523,True
father,1153,42,1.0,True
henri,1149,13,0.30952380952380953,False
er,1088,42,1.0,True
never,1088,42,1.0,True
doth,1080,42,1.0,True
much,1075,42,1.0,True
exeunt,1061,37,0.8809523809523809,True
hear,1045,42,1.0,True
nor,1034,42,1.0,True
great,1023,41,0.9761904761904762,True
men,1022,42,1.0,True
live,1014,42,1.0,True
death,1010,41,0.9761904761904762,True
queen,1010,34,0.8095238095238095,True
master,981,42,1.0,True
art,977,41,0.9761904761904762,True
exit,977,37,0.8809523809523809,True
night,977,41,0.9761904761904762,True
word,969,42,1.0,True
honour,955,41,0.9761904761904762,True
fear,954,42,1.0,True
other,951,42,1.0,True
life,948,42,1.0,True
hast,944,41,0.9761904761904762,True
friend,935,41,0.9761904761904762,True
princ,935,35,0.8333333333333334,True
call,932,41,0.9761904761904762,True
awai,891,40,0.9523809523809523,True
sweet,890,42,1.0,True
made,877,42,1.0,True
thing,868,42,1.0,True
befor,861,41,0.9761904761904762,True
heaven,861,42,1.0,True
true,857,42,1.0,True
fair,855,42,1.0,True
ani,846,42,1.0,True
son,833,40,0.9523809523809523,True
thu,823,42,1.0,True
veri,823,41,0.9761904761904762,True
own,816,42,1.0,True
mistress,809,37,0.8809523809523809,True
prai,806,40,0.9523809523809523,True
again,803,42,1.0,True
stand,800,41,0.9761904761904762,True
ay,794,41,0.9761904761904762,True
bear,794,41,0.9761904761904762,True
leav,792,42,1.0,True
scene,791,37,0.8809523809523809,True
name,790,41,0.9761904761904762,True
cannot,788,41,0.9761904761904762,True
st,788,41,0.9761904761904762,True
been,742,42,1.0,True
blood,732,42,1.0,True
gloucest,723,9,0.21428571428571427,False
part,723,42,1.0,True
world,721,42,1.0,True
old,714,42,1.0,True
done,707,42,1.0,True
two,707,40,0.9523809523809523,True
brother,699,37,0.8809523809523809,True
grace,695,42,1.0,True
nobl,694,39,0.9285714285714286,True
down,690,42,1.0,True
whose,689,42,1.0,True
poor,687,42,1.0,True
thought,685,42,1.0,True
head,681,42,1.0,True
wai,677,42,1.0,True
though,676,42,1.0,True
both,673,42,1.0,True
till,671,42,1.0,True
could,669,42,1.0,True
even,669,42,1.0,True
into,662,42,1.0,True
noth,660,41,0.9761904761904762,True
ever,659,42,1.0,True
second,654,39,0.9285714285714286,True
therefor,651,41,0.9761904761904762,True
mean,650,41,0.9761904761904762,True
show,650,42,1.0,True
still,639,42,1.0,True
better,636,41,0.9761904761904762,True
ha,636,36,0.8571428571428571,True
keep,620,41,0.9761904761904762,True
find,619,42,1.0,True
myself,618,42,1.0,True
hous,615,40,0.9523809523809523,True
against,611,42,1.0,True
fool,609,42,1.0,True
new,606,42,1.0,True
mani,604,42,1.0,True
soul,603,41,0.9761904761904762,True
caesar,602,19,0.4523809523809524,False
nai,601,39,0.9285714285714286,True
those,601,42,1.0,True
falstaff,597,4,0.09523809523809523,False
everi,595,42,1.0,True
hold,595,40,0.9523809523809523,True
put,591,41,0.9761904761904762,True
face,590,42,1.0,True
york,588,9,0.21428571428571427,False
dead,587,40,0.9523809523809523,True
gentleman,575,35,0.8333333333333334,True
place,573,42,1.0,True
follow,572,42,1.0,True
peac,569,42,1.0,True
mark,562,41,0.9761904761904762,True
long,553,42,1.0,True
set,551,42,1.0,True
bring,547,40,0.9523809523809523,True
tongu,542,42,1.0,True
might,541,42,1.0,True
marri,538,38,0.9047619047619048,True
richard,535,12,0.2857142857142857,False
madam,532,32,0.7619047619047619,True
pleas,531,41,0.9761904761904762,True
stai,529,41,0.9761904761904762,True
wit,527,42,1.0,True
ye,527,40,0.9523809523809523,True
arm,526,39,0.9285714285714286,True
fortun,523,41,0.9761904761904762,True
wife,522,38,0.9047619047619048,True
off,521,42,1.0,True
thank,521,39,0.9285714285714286,True
boi,517,38,0.9047619047619048,True
within,516,41,0.9761904761904762,True
daughter,515,37,0.8809523809523809,True
littl,514,42,1.0,True
antoni,513,6,0.14285714285714285,False
die,510,41,0.9761904761904762,True
john,508,18,0.42857142857142855,False
natur,506,42,1.0,True
brutu,502,9,0.21428571428571427,False
none,498,42,1.0,True
answer,491,41,0.9761904761904762,True
servant,488,37,0.8809523809523809,True
thine,488,42,1.0,True
gone,486,41,0.9761904761904762,True
himself,486,42,1.0,True
mind,486,42,1.0,True
best,482,42,1.0,True
young,482,41,0.9761904761904762,True
sinc,480,42,1.0,True
soldier,480,34,0.8095238095238095,True
anoth,478,41,0.9761904761904762,True
hour,478,42,1.0,True
dear,477,40,0.9523809523809523,True
turn,477,42,1.0,True
fall,473,42,1.0,True
high,472,42,1.0,True
hamlet,470,1,0.023809523809523808,False
faith,468,40,0.9523809523809523,True
page,468,20,0.47619047619047616,False
whom,468,42,1.0,True
hope,466,41,0.9761904761904762,True
power,463,40,0.9523809523809523,True
unto,461,41,0.9761904761904762,True
full,459,42,1.0,True
seem,456,42,1.0,True
mother,452,40,0.9523809523809523,True
inde,450,41,0.9761904761904762,True
end,449,41,0.9761904761904762,True
onc,449,42,1.0,True
bid,448,41,0.9761904761904762,True
dost,448,40,0.9523809523809523,True
present,447,40,0.9523809523809523,True
after,441,41,0.9761904761904762,True
asid,432,37,0.8809523809523809,True
els,430,42,1.0,True
re,429,37,0.8809523809523809,True
sword,427,37,0.8809523809523809,True
plai,426,42,1.0,True
tear,425,40,0.9523809523809523,True
woman,425,40,0.9523809523809523,True
warwick,420,6,0.14285714285714285,False
gentl,419,41,0.9761904761904762,True
war,419,36,0.8571428571428571,True
kill,418,40,0.9523809523809523,True
three,418,40,0.9523809523809523,True
franc,415,19,0.4523809523809524,False
about,414,41,0.9761904761904762,True
shame,414,41,0.9761904761904762,True
meet,411,40,0.9523809523809523,True
said,410,42,1.0,True
ear,409,40,0.9523809523809523,True
fellow,404,38,0.9047619047619048,True
right,404,42,1.0,True
edward,403,10,0.23809523809523808,False
spirit,401,42,1.0,True
rest,400,41,0.9761904761904762,True
crown,398,39,0.9285714285714286,True
forth,397,42,1.0,True
reason,397,42,1.0,True
attend,396,42,1.0,True
matter,394,41,0.9761904761904762,True
back,393,40,0.9523809523809523,True
desir,392,42,1.0,True
welcom,392,40,0.9523809523809523,True
wrong,392,41,0.9761904761904762,True
without,386,42,1.0,True
caus,380,41,0.9761904761904762,True
breath,379,42,1.0,True
letter,379,37,0.8809523809523809,True
sleep,379,41,0.9761904761904762,True
murder,378,36,0.8571428571428571,True
need,377,42,1.0,True
bed,375,40,0.9523809523809523,True
henc,375,42,1.0,True
home,375,40,0.9523809523809523,True
husband,373,37,0.8809523809523809,True
kind,372,42,1.0,True
light,372,42,1.0,True
help,370,41,0.9761904761904762,True
heard,366,42,1.0,True
came,363,42,1.0,True
truth,363,42,1.0,True
farewel,361,40,0.9523809523809523,True
iago,359,1,0.023809523809523808,False
thousand,358,41,0.9761904761904762,True
bodi,357,41,0.9761904761904762,True
read,356,39,0.9285714285714286,True
act,355,41,0.9761904761904762,True
while,354,41,0.9761904761904762,True
morrow,353,39,0.9285714285714286,True
clown,351,10,0.23809523809523808,False
earth,349,42,1.0,True
state,349,40,0.9523809523809523,True
lie,348,41,0.9761904761904762,True
fals,346,42,1.0,True
hang,346,41,0.9761904761904762,True
get,344,41,0.9761904761904762,True
lai,344,41,0.9761904761904762,True
mad,344,40,0.9523809523809523,True
sure,344,39,0.9285714285714286,True
doe,343,31,0.7380952380952381,True
rome,342,17,0.40476190476190477,False
fire,340,40,0.9523809523809523,True
messeng,340,36,0.8571428571428571,True
law,338,40,0.9523809523809523,True
sea,337,40,0.9523809523809523,True
timon,337,2,0.047619047619047616,False
break,336,41,0.9761904761904762,True
onli,336,41,0.9761904761904762,True
iii,335,38,0.9047619047619048,True
iv,335,38,0.9047619047619048,True
youth,335,41,0.9761904761904762,True
wilt,334,40,0.9523809523809523,True
same,331,40,0.9523809523809523,True
othello,330,1,0.023809523809523808,False
prove,329,41,0.9761904761904762,True
rather,329,41,0.9761904761904762,True
swear,329,40,0.9523809523809523,True
don,328,4,0.09523809523809523,False
pardon,327,40,0.9523809523809523,True
hors,326,40,0.9523809523809523,True
wish,326,42,1.0,True
enough,325,40,0.9523809523809523,True
last,325,42,1.0,True
fight,324,38,0.9047619047619048,True
offic,324,39,0.9285714285714286,True
kiss,321,40,0.9523809523809523,True
sit,321,42,1.0,True
serv,320,40,0.9523809523809523,True
ii,319,38,0.9047619047619048,True
ill,316,42,1.0,True
shalt,315,39,0.9285714285714286,True
beauti,314,39,0.9285714285714286,True
grief,314,40,0.9523809523809523,True
send,314,38,0.9047619047619048,True
care,312,40,0.9523809523809523,True
villain,312,37,0.8809523809523809,True
england,311,19,0.4523809523809524,False
margaret,309,5,0.11904761904761904,False
romeo,309,1,0.023809523809523808,False
hither,308,39,0.9285714285714286,True
piti,307,42,1.0,True
under,307,41,0.9761904761904762,True
born,304,39,0.9285714285714286,True
cardin,304,6,0.14285714285714285,False
honest,304,38,0.9047619047619048,True
sound,304,40,0.9523809523809523,True
through,304,40,0.9523809523809523,True
strang,303,41,0.9761904761904762,True
far,302,41,0.9761904761904762,True
seek,302,41,0.9761904761904762,True
year,300,39,0.9285714285714286,True
land,299,38,0.9047619047619048,True
command,298,40,0.9523809523809523,True
weep,297,41,0.9761904761904762,True
yourself,295,38,0.9047619047619048,True
return,294,39,0.9285714285714286,True
saw,294,42,1.0,True
sorrow,290,39,0.9285714285714286,True
dare,288,39,0.9285714285714286,True
deed,288,38,0.9047619047619048,True
ford,288,3,0.07142857142857142,False
devil,287,38,0.9047619047619048,True
enemi,287,37,0.8809523809523809,True
fault,287,39,0.9285714285714286,True
hate,287,38,0.9047619047619048,True
claudio,286,3,0.07142857142857142,False
court,286,38,0.9047619047619048,True
cousin,286,24,0.5714285714285714,True
happi,285,40,0.9523809523809523,True
lost,285,41,0.9761904761904762,True
macbeth,285,1,0.023809523809523808,False
draw,284,41,0.9761904761904762,True
purpos,284,40,0.9523809523809523,True
save,284,40,0.9523809523809523,True
seen,284,41,0.9761904761904762,True
citizen,283,22,0.5238095238095238,True
majesti,283,27,0.6428571428571429,True
run,283,41,0.9761904761904762,True
fly,281,39,0.9285714285714286,True
prais,281,41,0.9761904761904762,True
talk,281,40,0.9523809523809523,True
believ,279,40,0.9523809523809523,True
bless,279,40,0.9523809523809523,True
li,278,42,1.0,True
sun,278,42,1.0,True
busi,276,38,0.9047619047619048,True
virtu,275,41,0.9761904761904762,True
rosalind,274,1,0.023809523809523808,False
wind,273,40,0.9523809523809523,True
cleopatra,272,4,0.09523809523809523,False
near,272,38,0.9047619047619048,True
sent,271,40,0.9523809523809523,True
each,270,42,1.0,True
foul,270,38,0.9047619047619048,True
worthi,270,39,0.9285714285714286,True
sing,268,39,0.9285714285714286,True
togeth,268,39,0.9285714285714286,True
antonio,267,7,0.16666666666666666,False
left,267,40,0.9523809523809523,True
wear,267,41,0.9761904761904762,True
cry,266,39,0.9285714285714286,True
child,265,37,0.8809523809523809,True
servic,264,37,0.8809523809523809,True
work,264,41,0.9761904761904762,True
itself,263,38,0.9047619047619048,True
grow,262,41,0.9761904761904762,True
ag,261,42,1.0,True
charg,260,40,0.9523809523809523,True
de,259,12,0.2857142857142857,False
third,259,33,0.7857142857142857,True
quickli,258,36,0.8571428571428571,True
shallow,258,23,0.5476190476190477,True
v,258,38,0.9047619047619048,True
gener,257,39,0.9285714285714286,True
speed,257,37,0.8809523809523809,True
justic,256,34,0.8095238095238095,True
ne,256,41,0.9761904761904762,True
buckingham,255,4,0.09523809523809523,False
suffolk,255,5,0.11904761904761904,False
fit,254,41,0.9761904761904762,True
pass,254,39,0.9285714285714286,True
comfort,253,40,0.9523809523809523,True
maid,253,38,0.9047619047619048,True
vincentio,253,2,0.047619047619047616,False
cassio,252,1,0.023809523809523808,False
side,252,39,0.9285714285714286,True
gave,251,41,0.9761904761904762,True
joi,250,40,0.9523809523809523,True
troilu,249,7,0.16666666666666666,False
vi,249,25,0.5952380952380952,True
chang,248,38,0.9047619047619048,True
half,248,39,0.9285714285714286,True
sight,248,40,0.9523809523809523,True
appear,246,40,0.9523809523809523,True
lose,246,40,0.9523809523809523,True
sick,246,40,0.9523809523809523,True
sin,246,37,0.8809523809523809,True
grave,245,38,0.9047619047619048,True
rememb,245,40,0.9523809523809523,True
told,245,41,0.9761904761904762,True
between,244,39,0.9285714285714286,True
late,243,41,0.9761904761904762,True
danger,242,38,0.9047619047619048,True
found,242,41,0.9761904761904762,True
luciu,241,6,0.14285714285714285,False
beseech,240,37,0.8809523809523809,True
bloodi,240,35,0.8333333333333334,True
thyself,239,38,0.9047619047619048,True
alon,238,40,0.9523809523809523,True
field,238,36,0.8571428571428571,True
reveng,238,38,0.9047619047619048,True
gold,237,41,0.9761904761904762,True
content,236,42,1.0,True
di,236,40,0.9523809523809523,True
doubt,236,41,0.9761904761904762,True
ala,235,39,0.9285714285714286,True
move,235,42,1.0,True
over,235,41,0.9761904761904762,True
wound,235,39,0.9285714285714286,True
royal,233,34,0.8095238095238095,True
nurs,232,25,0.5952380952380952,True
proud,232,39,0.9285714285714286,True
becom,231,41,0.9761904761904762,True
peopl,231,37,0.8809523809523809,True
pleasur,231,41,0.9761904761904762,True
touch,231,42,1.0,True
andronicu,230,1,0.023809523809523808,False
want,230,42,1.0,True
cassiu,229,2,0.047619047619047616,False
desdemona,229,1,0.023809523809523808,False
less,229,39,0.9285714285714286,True
woe,229,36,0.8571428571428571,True
cold,228,40,0.9523809523809523,True
music,228,36,0.8571428571428571,True
syracus,228,1,0.023809523809523808,False
voic,228,42,1.0,True
worth,228,41,0.9761904761904762,True
lear,226,1,0.023809523809523808,False
prison,226,37,0.8809523809523809,True
hector,225,11,0.2619047619047619,False
valentin,225,6,0.14285714285714285,False
oath,224,38,0.9047619047619048,True
sister,224,34,0.8095238095238095,True
yield,224,41,0.9761904761904762,True
ask,223,42,1.0,True
captain,223,28,0.6666666666666666,True
deni,221,40,0.9523809523809523,True
holi,221,39,0.9285714285714286,True
titu,221,4,0.09523809523809523,False
behold,220,41,0.9761904761904762,True
dromio,220,1,0.023809523809523808,False
foot,220,39,0.9285714285714286,True
knave,220,31,0.7380952380952381,True
learn,220,39,0.9285714285714286,True
compani,219,38,0.9047619047619048,True
drink,219,38,0.9047619047619048,True
bound,218,41,0.9761904761904762,True
promis,218,42,1.0,True
brave,217,34,0.8095238095238095,True
proteu,217,2,0.047619047619047616,False
sad,216,41,0.9761904761904762,True
air,215,40,0.9523809523809523,True
antipholu,215,1,0.023809523809523808,False
brought,215,42,1.0,True
prithe,215,28,0.6666666666666666,True
strike,215,39,0.9285714285714286,True
strong,215,39,0.9285714285714286,True
further,214,35,0.8333333333333334,True
ho,214,33,0.7857142857142857,True
bastard,213,30,0.7142857142857143,True
senat,213,9,0.21428571428571427,False
traitor,213,33,0.7857142857142857,True
dog,212,36,0.8571428571428571,True
knight,212,27,0.6428571428571429,True
note,212,42,1.0,True
angelo,211,3,0.07142857142857142,False
gentlemen,211,35,0.8333333333333334,True
begin,210,41,0.9761904761904762,True
clarenc,210,6,0.14285714285714285,False
coriolanu,210,2,0.047619047619047616,False
forc,210,41,0.9761904761904762,True
petruchio,210,1,0.023809523809523808,False
lip,209,37,0.8809523809523809,True
free,208,41,0.9761904761904762,True
merci,208,39,0.9285714285714286,True
receiv,208,40,0.9523809523809523,True
rich,208,40,0.9523809523809523,True
bardolph,207,4,0.09523809523809523,False
common,207,41,0.9761904761904762,True
open,207,40,0.9523809523809523,True
uncl,207,22,0.5238095238095238,True
base,206,38,0.9047619047619048,True
wise,206,38,0.9047619047619048,True
cut,205,39,0.9285714285714286,True
heavi,205,39,0.9285714285714286,True
pompei,205,6,0.14285714285714285,False
tobi,205,1,0.023809523809523808,False
trust,205,40,0.9523809523809523,True
yea,205,36,0.8571428571428571,True
banish,204,28,0.6666666666666666,True
lead,204,40,0.9523809523809523,True
point,204,38,0.9047619047619048,True
door,203,39,0.9285714285714286,True
dream,203,36,0.8571428571428571,True
favour,203,39,0.9285714285714286,True
graciou,203,37,0.8809523809523809,True
hard,203,42,1.0,True
patienc,202,38,0.9047619047619048,True
benedick,201,1,0.023809523809523808,False
black,200,39,0.9285714285714286,True
burn,199,41,0.9761904761904762,True
curs,199,36,0.8571428571428571,True
friar,199,9,0.21428571428571427,False
given,199,37,0.8809523809523809,True
warrant,199,39,0.9285714285714286,True
deserv,198,36,0.8571428571428571,True
walk,198,39,0.9285714285714286,True
water,198,41,0.9761904761904762,True
juliet,197,2,0.047619047619047616,False
known,197,40,0.9523809523809523,True
beat,196,37,0.8809523809523809,True
becaus,196,38,0.9047619047619048,True
deliv,195,37,0.8809523809523809,True
suit,195,40,0.9523809523809523,True
meneniu,194,1,0.023809523809523808,False
mouth,194,39,0.9285714285714286,True
neither,194,40,0.9523809523809523,True
biron,193,1,0.023809523809523808,False
countri,193,38,0.9047619047619048,True
cours,193,41,0.9761904761904762,True
ground,193,40,0.9523809523809523,True
helena,193,3,0.07142857142857142,False
wonder,193,40,0.9523809523809523,True
kent,191,7,0.16666666666666666,False
subject,191,38,0.9047619047619048,True
blow,190,39,0.9285714285714286,True
didst,190,39,0.9285714285714286,True
french,190,20,0.47619047619047616,False
monei,190,32,0.7619047619047619,True
person,190,38,0.9047619047619048,True
ring,190,34,0.8095238095238095,True
women,190,39,0.9285714285714286,True
colour,188,37,0.8809523809523809,True
doctor,188,15,0.35714285714285715,False
pai,188,37,0.8809523809523809,True
pandaru,188,3,0.07142857142857142,False
report,188,37,0.8809523809523809,True
tender,188,39,0.9285714285714286,True
affect,187,41,0.9761904761904762,True
certain,186,37,0.8809523809523809,True
cheek,186,41,0.9761904761904762,True
duti,186,38,0.9047619047619048,True
eat,186,39,0.9285714285714286,True
goe,186,40,0.9523809523809523,True
pain,186,40,0.9523809523809523,True
pistol,186,6,0.14285714285714285,False
canst,185,40,0.9523809523809523,True
hell,185,38,0.9047619047619048,True
morn,185,37,0.8809523809523809,True
sake,185,41,0.9761904761904762,True
someth,185,37,0.8809523809523809,True
vow,184,39,0.9285714285714286,True
watch,184,35,0.8333333333333334,True
either,183,40,0.9523809523809523,True
pericl,183,1,0.023809523809523808,False
talbot,183,3,0.07142857142857142,False
suffer,182,42,1.0,True
white,181,41,0.9761904761904762,True
portia,180,2,0.047619047619047616,False
belch,179,7,0.16666666666666666,False
guard,179,33,0.7857142857142857,True
slave,179,37,0.8809523809523809,True
confess,178,38,0.9047619047619048,True
write,178,36,0.8571428571428571,True
cressida,177,2,0.047619047619047616,False
deep,177,40,0.9523809523809523,True
question,177,37,0.8809523809523809,True
ann,176,7,0.16666666666666666,False
bolingbrok,176,5,0.11904761904761904,False
ferdinand,176,4,0.09523809523809523,False
parol,176,1,0.023809523809523808,False
took,176,40,0.9523809523809523,True
toward,176,40,0.9523809523809523,True
hot,175,40,0.9523809523809523,True
leonato,175,1,0.023809523809523808,False
merri,175,37,0.8809523809523809,True
octaviu,175,2,0.047619047619047616,False
princess,175,17,0.40476190476190477,False
roman,175,17,0.40476190476190477,False
ah,174,32,0.7619047619047619,True
em,174,22,0.5238095238095238,True
excel,174,36,0.8571428571428571,True
fare,174,36,0.8571428571428571,True
sens,174,37,0.8809523809523809,True
themselv,174,38,0.9047619047619048,True
truli,174,36,0.8571428571428571,True
wors,174,40,0.9523809523809523,True
ephesu,173,2,0.047619047619047616,False
rage,173,38,0.9047619047619048,True
smile,173,39,0.9285714285714286,True
trumpet,173,30,0.7142857142857143,True
gate,172,39,0.9285714285714286,True
next,172,41,0.9761904761904762,True
pluck,172,40,0.9523809523809523,True
earl,171,17,0.40476190476190477,False
achil,170,4,0.09523809523809523,False
twenti,169,36,0.8571428571428571,True
fast,168,38,0.9047619047619048,True
sonnet,168,9,0.21428571428571427,False
almost,167,38,0.9047619047619048,True
bosom,167,40,0.9523809523809523,True
commend,167,39,0.9285714285714286,True
knew,167,38,0.9047619047619048,True
pale,167,38,0.9047619047619048,True
twa,167,36,0.8571428571428571,True
wall,167,33,0.7857142857142857,True
offer,166,38,0.9047619047619048,True
readi,166,36,0.8571428571428571,True
sovereign,166,33,0.7857142857142857,True
feel,165,41,0.9761904761904762,True
march,165,24,0.5714285714285714,True
past,165,41,0.9761904761904762,True
straight,165,37,0.8809523809523809,True
wast,165,39,0.9285714285714286,True
abov,164,38,0.9047619047619048,True
demetriu,164,3,0.07142857142857142,False
bold,163,38,0.9047619047619048,True
citi,163,32,0.7619047619047619,True
fie,163,33,0.7857142857142857,True
mock,163,33,0.7857142857142857,True
orlando,163,1,0.023809523809523808,False
palac,163,29,0.6904761904761905,True
unless,163,38,0.9047619047619048,True
imogen,162,1,0.023809523809523808,False
ten,162,34,0.8095238095238095,True
hair,161,37,0.8809523809523809,True
isabella,161,1,0.023809523809523808,False
labour,161,40,0.9523809523809523,True
manner,161,40,0.9523809523809523,True
beatric,159,1,0.023809523809523808,False
scorn,159,38,0.9047619047619048,True
valiant,159,31,0.7380952380952381,True
carri,158,39,0.9285714285714286,True
chamber,158,31,0.7380952380952381,True
horatio,158,1,0.023809523809523808,False
counsel,157,38,0.9047619047619048,True
english,157,17,0.40476190476190477,False
hark,157,31,0.7380952380952381,True
just,157,37,0.8809523809523809,True
lest,157,39,0.9285714285714286,True
pari,157,11,0.2619047619047619,False
respect,157,38,0.9047619047619048,True
sometim,157,40,0.9523809523809523,True
speech,157,37,0.8809523809523809,True
town,157,29,0.6904761904761905,True
drum,156,27,0.6428571428571429,True
oft,156,37,0.8809523809523809,True
plain,156,39,0.9285714285714286,True
soon,156,41,0.9761904761904762,True
wretch,156,37,0.8809523809523809,True
offend,154,37,0.8809523809523809,True
action,153,34,0.8095238095238095,True
brain,153,38,0.9047619047619048,True
humbl,153,35,0.8333333333333334,True
northumberland,153,8,0.19047619047619047,False
olivia,153,1,0.023809523809523808,False
spoke,153,35,0.8333333333333334,True
besid,152,40,0.9523809523809523,True
capulet,152,1,0.023809523809523808,False
drop,152,40,0.9523809523809523,True
enobarbu,152,1,0.023809523809523808,False
flesh,152,38,0.9047619047619048,True
four,152,37,0.8809523809523809,True
grant,152,39,0.9285714285714286,True
moon,152,33,0.7857142857142857,True
methink,151,37,0.8809523809523809,True
pedro,151,1,0.023809523809523808,False
throw,151,35,0.8333333333333334,True
weak,151,38,0.9047619047619048,True
alreadi,150,36,0.8571428571428571,True
flower,150,35,0.8333333333333334,True
foe,150,33,0.7857142857142857,True
woo,150,31,0.7380952380952381,True
en,149,35,0.8333333333333334,True
julia,149,1,0.023809523809523808,False
passion,149,38,0.9047619047619048,True
room,149,35,0.8333333333333334,True
sirrah,149,34,0.8095238095238095,True
somerset,149,3,0.07142857142857142,False
wherein,149,37,0.8809523809523809,True
book,148,38,0.9047619047619048,True
caiu,148,7,0.16666666666666666,False
host,148,18,0.42857142857142855,False
lack,148,36,0.8571428571428571,True
loss,148,36,0.8571428571428571,True
offenc,148,38,0.9047619047619048,True
edmund,147,6,0.14285714285714285,False
lieg,147,25,0.5952380952380952,True
lion,147,34,0.8095238095238095,True
prepar,147,38,0.9047619047619048,True
sever,147,42,1.0,True
shake,147,40,0.9523809523809523,True
stone,147,37,0.8809523809523809,True
cri,146,39,0.9285714285714286,True
emilia,146,2,0.047619047619047616,False
katharin,146,5,0.11904761904761904,False
laugh,146,40,0.9523809523809523,True
leont,146,1,0.023809523809523808,False
sport,146,39,0.9285714285714286,True
withal,146,37,0.8809523809523809,True
hide,145,38,0.9047619047619048,True
piec,145,35,0.8333333333333334,True
self,145,39,0.9285714285714286,True
tale,145,40,0.9523809523809523,True
entreat,144,36,0.8571428571428571,True
feast,144,37,0.8809523809523809,True
five,144,36,0.8571428571428571,True
form,144,36,0.8571428571428571,True
close,143,37,0.8809523809523809,True
prospero,143,1,0.023809523809523808,False
wherefor,143,37,0.8809523809523809,True
bad,142,38,0.9047619047619048,True
sigh,142,35,0.8333333333333334,True
vile,142,38,0.9047619047619048,True
count,141,25,0.5952380952380952,True
dark,141,36,0.8571428571428571,True
fell,141,36,0.8571428571428571,True
heir,141,35,0.8333333333333334,True
knock,141,29,0.6904761904761905,True
met,141,37,0.8809523809523809,True
quit,141,40,0.9523809523809523,True
saint,141,30,0.7142857142857143,True
glad,140,38,0.9047619047619048,True
marciu,140,1,0.023809523809523808,False
teach,140,38,0.9047619047619048,True
tranio,140,1,0.023809523809523808,False
battl,139,26,0.6190476190476191,True
domitiu,139,1,0.023809523809523808,False
prayer,139,36,0.8571428571428571,True
assur,138,40,0.9523809523809523,True
clifford,138,3,0.07142857142857142,False
humour,138,28,0.6666666666666666,True
mortal,138,38,0.9047619047619048,True
salisburi,138,7,0.16666666666666666,False
soft,138,39,0.9285714285714286,True
sworn,138,36,0.8571428571428571,True
win,138,36,0.8571428571428571,True
duchess,137,8,0.19047619047619047,False
flourish,137,29,0.6904761904761905,True
strength,137,37,0.8809523809523809,True
viola,137,1,0.023809523809523808,False
poison,136,35,0.8333333333333334,True
siciniu,136,1,0.023809523809523808,False
slain,136,27,0.6428571428571429,True
street,136,30,0.7142857142857143,True
edgar,135,1,0.023809523809523808,False
issu,135,35,0.8333333333333334,True
lucio,135,2,0.047619047619047616,False
signior,135,15,0.35714285714285715,False
bertram,134,1,0.023809523809523808,False
breast,134,36,0.8571428571428571,True
fetch,134,34,0.8095238095238095,True
lend,134,36,0.8571428571428571,True
lordship,134,26,0.6190476190476191,True
marcu,134,5,0.11904761904761904,False
shape,134,40,0.9523809523809523,True
star,134,37,0.8809523809523809,True
anon,133,36,0.8571428571428571,True
behind,133,39,0.9285714285714286,True
chanc,133,37,0.8809523809523809,True
harm,133,35,0.8333333333333334,True
stop,133,40,0.9523809523809523,True
troubl,133,36,0.8571428571428571,True
wouldst,133,35,0.8333333333333334,True
apemantu,132,1,0.023809523809523808,False
conscienc,132,31,0.7380952380952381,True
damn,132,33,0.7857142857142857,True
kingdom,132,28,0.6666666666666666,True
lover,132,30,0.7142857142857143,True
often,132,39,0.9285714285714286,True
sebastian,132,4,0.09523809523809523,False
shepherd,132,18,0.42857142857142855,False
brow,131,36,0.8571428571428571,True
children,131,36,0.8571428571428571,True
claudiu,131,2,0.047619047619047616,False
got,131,32,0.7619047619047619,True
hugh,131,5,0.11904761904761904,False
whole,131,38,0.9047619047619048,True
widow,131,25,0.5952380952380952,True
ajax,130,9,0.21428571428571427,False
cross,130,37,0.8809523809523809,True
dread,130,33,0.7857142857142857,True
feed,130,38,0.9047619047619048,True
malvolio,130,1,0.023809523809523808,False
pretti,130,35,0.8333333333333334,True
remain,130,35,0.8333333333333334,True
jest,129,30,0.7142857142857143,True
judgment,129,31,0.7380952380952381,True
shadow,129,34,0.8095238095238095,True
case,128,38,0.9047619047619048,True
e,128,30,0.7142857142857143,True
fashion,128,36,0.8571428571428571,True
hotspur,128,2,0.047619047619047616,False
marriag,128,31,0.7380952380952381,True
possess,128,37,0.8809523809523809,True
stir,128,38,0.9047619047619048,True
fill,127,35,0.8333333333333334,True
norfolk,127,5,0.11904761904761904,False
pride,127,34,0.8095238095238095,True
seal,127,41,0.9761904761904762,True
silvia,127,1,0.023809523809523808,False
simpl,127,31,0.7380952380952381,True
titl,127,33,0.7857142857142857,True
creatur,126,37,0.8809523809523809,True
posthumu,126,1,0.023809523809523808,False
quarrel,126,30,0.7142857142857143,True
treason,126,32,0.7619047619047619,True
twere,126,35,0.8333333333333334,True
understand,126,34,0.8095238095238095,True
celia,125,1,0.023809523809523808,False
coward,125,35,0.8333333333333334,True
rise,125,35,0.8333333333333334,True
worship,125,31,0.7380952380952381,True
camillo,124,1,0.023809523809523808,False
dull,124,35,0.8333333333333334,True
green,124,31,0.7380952380952381,True
hero,124,6,0.14285714285714285,False
katharina,124,1,0.023809523809523808,False
la,124,18,0.42857142857142855,False
measur,124,35,0.8333333333333334,True
steal,124,38,0.9047619047619048,True
armado,123,3,0.07142857142857142,False
cast,123,37,0.8809523809523809,True
ow,123,38,0.9047619047619048,True
wake,123,33,0.7857142857142857,True
bassanio,122,1,0.023809523809523808,False
elizabeth,122,3,0.07142857142857142,False
flatter,122,32,0.7619047619047619,True
longer,122,38,0.9047619047619048,True
thersit,122,2,0.047619047619047616,False
whilst,122,31,0.7380952380952381,True
abus,121,36,0.8571428571428571,True
health,121,36,0.8571428571428571,True
short,121,37,0.8809523809523809,True
tent,121,23,0.5476190476190477,True
forget,120,37,0.8809523809523809,True
harri,120,9,0.21428571428571427,False
knee,120,33,0.7857142857142857,True
lucentio,120,2,0.047619047619047616,False
mighti,120,31,0.7380952380952381,True
paper,120,34,0.8095238095238095,True
silenc,120,32,0.7619047619047619,True
beg,119,36,0.8571428571428571,True
consent,119,34,0.8095238095238095,True
fine,119,33,0.7857142857142857,True
hundr,119,32,0.7619047619047619,True
kneel,119,27,0.6428571428571429,True
plagu,119,30,0.7142857142857143,True
poloniu,119,1,0.023809523809523808,False
wing,119,39,0.9285714285714286,True
charl,118,7,0.16666666666666666,False
costard,118,4,0.09523809523809523,False
effect,118,38,0.9047619047619048,True
finger,118,37,0.8809523809523809,True
leonatu,118,1,0.023809523809523808,False
along,117,34,0.8095238095238095,True
andrew,117,2,0.047619047619047616,False
drown,117,33,0.7857142857142857,True
gift,117,34,0.8095238095238095,True
leg,117,36,0.8571428571428571,True
low,117,40,0.9523809523809523,True
maria,117,3,0.07142857142857142,False
nois,117,33,0.7857142857142857,True
whether,117,35,0.8333333333333334,True
beard,116,33,0.7857142857142857,True
countess,116,5,0.11904761904761904,False
embrac,116,39,0.9285714285714286,True
glori,116,28,0.6666666666666666,True
hortensio,116,1,0.023809523809523808,False
judg,116,31,0.7380952380952381,True
lafeu,116,1,0.023809523809523808,False
london,116,11,0.2619047619047619,False
ourselv,116,31,0.7380952380952381,True
provost,116,1,0.023809523809523808,False
quick,116,39,0.9285714285714286,True
tide,116,31,0.7380952380952381,True
alarum,115,19,0.4523809523809524,False
breed,115,35,0.8333333333333334,True
cymbelin,115,1,0.023809523809523808,False
danc,115,30,0.7142857142857143,True
perceiv,115,37,0.8809523809523809,True
ulyss,115,4,0.09523809523809523,False
baptista,114,2,0.047619047619047616,False
herself,114,38,0.9047619047619048,True
safe,114,30,0.7142857142857143,True
term,114,37,0.8809523809523809,True
beast,113,35,0.8333333333333334,True
choos,113,35,0.8333333333333334,True
hurt,113,31,0.7380952380952381,True
order,113,34,0.8095238095238095,True
rose,113,34,0.8095238095238095,True
awak,112,32,0.7619047619047619,True
bianca,112,2,0.047619047619047616,False
cheer,112,33,0.7857142857142857,True
cloten,112,1,0.023809523809523808,False
patient,112,38,0.9047619047619048,True
perform,112,31,0.7380952380952381,True
post,112,34,0.8095238095238095,True
valour,112,31,0.7380952380952381,True
weari,112,36,0.8571428571428571,True
writ,112,34,0.8095238095238095,True
adriano,111,1,0.023809523809523808,False
buri,111,34,0.8095238095238095,True
delight,111,34,0.8095238095238095,True
excus,111,36,0.8571428571428571,True
kate,111,7,0.16666666666666666,False
perfect,111,37,0.8809523809523809,True
red,111,34,0.8095238095238095,True
slender,111,9,0.21428571428571427,False
wild,111,37,0.8809523809523809,True
william,111,12,0.2857142857142857,False
worst,111,34,0.8095238095238095,True
bui,110,36,0.8571428571428571,True
jewel,110,35,0.8333333333333334,True
lancast,110,7,0.16666666666666666,False
presenc,110,35,0.8333333333333334,True
quoth,110,24,0.5714285714285714,True
blind,109,33,0.7857142857142857,True
bottom,109,25,0.5952380952380952,True
number,109,32,0.7619047619047619,True
viii,109,10,0.23809523809523808,False
wisdom,109,33,0.7857142857142857,True
armi,108,26,0.6190476190476191,True
beggar,108,35,0.8333333333333334,True
blame,108,33,0.7857142857142857,True
castl,108,17,0.40476190476190477,False
fresh,108,35,0.8333333333333334,True
hadst,108,34,0.8095238095238095,True
least,108,36,0.8571428571428571,True
tast,108,36,0.8571428571428571,True
troth,108,29,0.6904761904761905,True
went,108,34,0.8095238095238095,True
wert,108,32,0.7619047619047619,True
dauphin,107,5,0.11904761904761904,False
doubl,107,38,0.9047619047619048,True
gainst,107,35,0.8333333333333334,True
kept,107,36,0.8571428571428571,True
macduff,107,1,0.023809523809523808,False
stood,107,35,0.8333333333333334,True
awhil,106,30,0.7142857142857143,True
birth,106,35,0.8333333333333334,True
entertain,106,36,0.8571428571428571,True
evan,106,1,0.023809523809523808,False
golden,106,36,0.8571428571428571,True
laert,106,2,0.047619047619047616,False
match,106,33,0.7857142857142857,True
opinion,106,36,0.8571428571428571,True
shylock,106,1,0.023809523809523808,False
song,106,32,0.7619047619047619,True
stain,106,34,0.8095238095238095,True
wolsei,106,1,0.023809523809523808,False
acquaint,105,35,0.8333333333333334,True
angri,105,34,0.8095238095238095,True
horn,105,25,0.5952380952380952,True
paint,105,33,0.7857142857142857,True
roderigo,105,2,0.047619047619047616,False
witch,105,18,0.42857142857142855,False
adieu,104,31,0.7380952380952381,True
blush,104,32,0.7619047619047619,True
charmian,104,1,0.023809523809523808,False
cloud,104,30,0.7142857142857143,True
moth,104,5,0.11904761904761904,False
pisanio,104,1,0.023809523809523808,False
regan,104,1,0.023809523809523808,False
bird,103,31,0.7380952380952381,True
bone,103,36,0.8571428571428571,True
chief,103,21,0.5,False
cominiu,103,1,0.023809523809523808,False
emperor,103,15,0.35714285714285715,False
endur,103,33,0.7857142857142857,True
obei,103,33,0.7857142857142857,True
purs,103,28,0.6666666666666666,True
rogu,103,21,0.5,False
rule,103,36,0.8571428571428571,True
summer,103,34,0.8095238095238095,True
view,103,36,0.8571428571428571,True
ass,102,27,0.6428571428571429,True
lysand,102,1,0.023809523809523808,False
marina,102,1,0.023809523809523808,False
shine,102,34,0.8095238095238095,True
spring,102,33,0.7857142857142857,True
thenc,102,32,0.7619047619047619,True
virtuou,102,34,0.8095238095238095,True
wait,102,37,0.8809523809523809,True
bond,101,29,0.6904761904761905,True
boyet,101,1,0.023809523809523808,False
folli,101,32,0.7619047619047619,True
rosalin,101,2,0.047619047619047616,False
small,101,34,0.8095238095238095,True
deceiv,100,38,0.9047619047619048,True
foolish,100,37,0.8809523809523809,True
forward,100,32,0.7619047619047619,True
gratiano,100,2,0.047619047619047616,False
hermia,100,1,0.023809523809523808,False
intend,100,36,0.8571428571428571,True
laid,100,32,0.7619047619047619,True
ship,100,24,0.5714285714285714,True
tree,100,30,0.7142857142857143,True
westmoreland,100,4,0.09523809523809523,False
agamemnon,99,4,0.09523809523809523,False
approach,99,30,0.7142857142857143,True
brief,99,33,0.7857142857142857,True
practis,99,33,0.7857142857142857,True
proof,99,34,0.8095238095238095,True
secret,99,35,0.8333333333333334,True
ta,99,30,0.7142857142857143,True
won,99,33,0.7857142857142857,True
aliv,98,34,0.8095238095238095,True
dinner,98,25,0.5952380952380952,True
ghost,98,21,0.5,False
jack,98,22,0.5238095238095238,True
perci,98,4,0.09523809523809523,False
tower,98,21,0.5,False
vain,98,32,0.7619047619047619,True
wash,98,36,0.8571428571428571,True
aaron,97,1,0.023809523809523808,False
accus,97,22,0.5238095238095238,True
bawd,97,16,0.38095238095238093,False
cade,97,1,0.023809523809523808,False
fame,97,26,0.6190476190476191,True
greater,97,37,0.8809523809523809,True
monster,97,27,0.6428571428571429,True
motion,97,35,0.8333333333333334,True
round,97,38,0.9047619047619048,True
drawn,96,35,0.8333333333333334,True
groan,96,34,0.8095238095238095,True
grumio,96,1,0.023809523809523808,False
pure,96,37,0.8809523809523809,True
slander,96,31,0.7380952380952381,True
studi,96,30,0.7142857142857143,True
taken,96,35,0.8333333333333334,True
troi,96,12,0.2857142857142857,False
among,95,32,0.7619047619047619,True
angel,95,31,0.7380952380952381,True
catch,95,38,0.9047619047619048,True
demand,95,33,0.7857142857142857,True
escalu,95,2,0.047619047619047616,False
evil,95,33,0.7857142857142857,True
exet,95,5,0.11904761904761904,False
gertrud,95,1,0.023809523809523808,False
hubert,95,1,0.023809523809523808,False
iachimo,95,1,0.023809523809523808,False
join,95,31,0.7380952380952381,True
lust,95,24,0.5714285714285714,True
poin,95,3,0.07142857142857142,False
scarc,95,34,0.8095238095238095,True
shore,95,29,0.6904761904761905,True
train,95,28,0.6666666666666666,True
bow,94,36,0.8571428571428571,True
brook,94,25,0.5952380952380952,True
visit,94,32,0.7619047619047619,True
aufidiu,93,1,0.023809523809523808,False
bestow,93,33,0.7857142857142857,True
dispatch,93,33,0.7857142857142857,True
fled,93,30,0.7142857142857143,True
forgot,93,36,0.8571428571428571,True
frown,93,31,0.7380952380952381,True
gain,93,30,0.7142857142857143,True
guilti,93,27,0.6428571428571429,True
jove,93,30,0.7142857142857143,True
montagu,93,2,0.047619047619047616,False
neck,93,34,0.8095238095238095,True
occas,93,34,0.8095238095238095,True
quiet,93,35,0.8333333333333334,True
sign,93,28,0.6666666666666666,True
sorri,93,34,0.8095238095238095,True
sort,93,32,0.7619047619047619,True
thither,93,35,0.8333333333333334,True
whenc,93,34,0.8095238095238095,True
advantag,92,32,0.7619047619047619,True
execut,92,29,0.6904761904761905,True
griev,92,34,0.8095238095238095,True
lewi,92,3,0.07142857142857142,False
observ,92,34,0.8095238095238095,True
retir,92,29,0.6904761904761905,True
try,92,36,0.8571428571428571,True
whither,92,34,0.8095238095238095,True
author,91,31,0.7380952380952381,True
bitter,91,29,0.6904761904761905,True
clock,91,29,0.6904761904761905,True
expect,91,35,0.8333333333333334,True
greet,91,32,0.7619047619047619,True
gremio,91,1,0.023809523809523808,False
heel,91,33,0.7857142857142857,True
line,91,33,0.7857142857142857,True
peter,91,11,0.2619047619047619,False
rude,91,32,0.7619047619047619,True
thunder,91,30,0.7142857142857143,True
tune,91,34,0.8095238095238095,True
ariel,90,1,0.023809523809523808,False
broke,90,32,0.7619047619047619,True
commit,90,35,0.8333333333333334,True
condit,90,30,0.7142857142857143,True
defend,90,27,0.6428571428571429,True
forest,90,16,0.38095238095238093,False
held,90,40,0.9523809523809523,True
honesti,90,28,0.6666666666666666,True
idl,90,34,0.8095238095238095,True
rascal,90,24,0.5714285714285714,True
clear,89,33,0.7857142857142857,True
courag,89,29,0.6904761904761905,True
courtesi,89,29,0.6904761904761905,True
glass,89,32,0.7619047619047619,True
heat,89,37,0.8809523809523809,True
ignor,89,31,0.7380952380952381,True
rais,89,33,0.7857142857142857,True
tamora,89,1,0.023809523809523808,False
adriana,88,1,0.023809523809523808,False
although,88,33,0.7857142857142857,True
bleed,88,28,0.6666666666666666,True
bright,88,32,0.7619047619047619,True
due,88,28,0.6666666666666666,True
fluellen,88,1,0.023809523809523808,False
innoc,88,29,0.6904761904761905,True
mercutio,88,1,0.023809523809523808,False
sharp,88,33,0.7857142857142857,True
stephano,88,2,0.047619047619047616,False
touchston,88,2,0.047619047619047616,False
trick,88,33,0.7857142857142857,True
wed,88,24,0.5714285714285714,True
cure,87,31,0.7380952380952381,True
lament,87,30,0.7142857142857143,True
ld,87,18,0.42857142857142855,False
ophelia,87,1,0.023809523809523808,False
qualiti,87,32,0.7619047619047619,True
river,87,22,0.5238095238095238,True
silver,87,30,0.7142857142857143,True
winter,87,35,0.8333333333333334,True
bishop,86,9,0.21428571428571427,False
depart,86,34,0.8095238095238095,True
lo,86,32,0.7619047619047619,True
neighbour,86,26,0.6190476190476191,True
nose,86,32,0.7619047619047619,True
orlean,86,5,0.11904761904761904,False
resolv,86,31,0.7380952380952381,True
thrice,86,33,0.7857142857142857,True
wench,86,26,0.6190476190476191,True
whereof,86,33,0.7857142857142857,True
advis,85,33,0.7857142857142857,True
diomed,85,3,0.07142857142857142,False
fail,85,29,0.6904761904761905,True
forgiv,85,31,0.7380952380952381,True
govern,85,33,0.7857142857142857,True
jaqu,85,4,0.09523809523809523,False
mere,85,30,0.7142857142857143,True
paulina,85,1,0.023809523809523808,False
privat,85,37,0.8809523809523809,True
proce,85,35,0.8333333333333334,True
wine,85,27,0.6428571428571429,True
aenea,84,8,0.19047619047619047,False
knowledg,84,30,0.7142857142857143,True
preciou,84,31,0.7380952380952381,True
priest,84,25,0.5952380952380952,True
rank,84,31,0.7380952380952381,True
seat,84,27,0.6428571428571429,True
stori,84,29,0.6904761904761905,True
struck,84,31,0.7380952380952381,True
sudden,84,32,0.7619047619047619,True
virgin,84,22,0.5238095238095238,True
amen,83,28,0.6666666666666666,True
fiend,83,26,0.6190476190476191,True
forbid,83,36,0.8571428571428571,True
goodli,83,29,0.6904761904761905,True
joan,83,5,0.11904761904761904,False
month,83,28,0.6666666666666666,True
n,83,28,0.6666666666666666,True
proclaim,83,29,0.6904761904761905,True
rough,83,33,0.7857142857142857,True
satisfi,83,31,0.7380952380952381,True
storm,83,29,0.6904761904761905,True
wood,83,22,0.5238095238095238,True
ancient,82,26,0.6190476190476191,True
christian,82,21,0.5,False
constabl,82,10,0.23809523809523808,False
crave,82,34,0.8095238095238095,True
direct,82,31,0.7380952380952381,True
disgrac,82,31,0.7380952380952381,True
fairi,82,14,0.3333333333333333,False
goneril,82,1,0.023809523809523808,False
grei,82,19,0.4523809523809524,False
larg,82,33,0.7857142857142857,True
launc,82,1,0.023809523809523808,False
obedi,82,30,0.7142857142857143,True
request,82,30,0.7142857142857143,True
spend,82,31,0.7380952380952381,True
steel,82,33,0.7857142857142857,True
success,82,30,0.7142857142857143,True
whip,82,24,0.5714285714285714,True
affair,81,31,0.7380952380952381,True
argument,81,30,0.7142857142857143,True
burgundi,81,5,0.11904761904761904,False
chain,81,23,0.5476190476190477,True
cun,81,32,0.7619047619047619,True
hail,81,26,0.6190476190476191,True
helen,81,11,0.2619047619047619,False
hostess,81,12,0.2857142857142857,False
orsino,81,1,0.023809523809523808,False
plot,81,28,0.6666666666666666,True
swift,81,34,0.8095238095238095,True
travel,81,25,0.5952380952380952,True
until,81,31,0.7380952380952381,True
alack,80,21,0.5,False
bare,80,32,0.7619047619047619,True
belariu,80,1,0.023809523809523808,False
benvolio,80,1,0.023809523809523808,False
camp,80,20,0.47619047619047616,False
diana,80,9,0.21428571428571427,False
divin,80,34,0.8095238095238095,True
intent,80,33,0.7857142857142857,True
launcelot,80,1,0.023809523809523808,False
liberti,80,28,0.6666666666666666,True
lorenzo,80,1,0.023809523809523808,False
mar,80,31,0.7380952380952381,True
mend,80,31,0.7380952380952381,True
moor,80,6,0.14285714285714285,False
polixen,80,1,0.023809523809523808,False
repent,80,30,0.7142857142857143,True
shouldst,80,36,0.8571428571428571,True
stranger,80,28,0.6666666666666666,True
temper,80,35,0.8333333333333334,True
bend,79,33,0.7857142857142857,True
blunt,79,25,0.5952380952380952,True
dishonour,79,28,0.6666666666666666,True
encount,79,33,0.7857142857142857,True
fat,79,22,0.5238095238095238,True
list,79,32,0.7619047619047619,True
rain,79,35,0.8333333333333334,True
spare,79,34,0.8095238095238095,True
suppos,79,31,0.7380952380952381,True
throat,79,28,0.6666666666666666,True
tybalt,79,1,0.023809523809523808,False
venic,79,6,0.14285714285714285,False
aught,78,32,0.7619047619047619,True
corrupt,78,30,0.7142857142857143,True
cruel,78,32,0.7619047619047619,True
deal,78,35,0.8333333333333334,True
dwell,78,34,0.8095238095238095,True
frame,78,31,0.7380952380952381,True
guideriu,78,1,0.023809523809523808,False
laurenc,78,2,0.047619047619047616,False
merit,78,31,0.7380952380952381,True
remov,78,28,0.6666666666666666,True
smell,78,32,0.7619047619047619,True
throne,78,33,0.7857142857142857,True
top,78,36,0.8571428571428571,True
urg,78,25,0.5952380952380952,True
wanton,78,32,0.7619047619047619,True
claim,77,22,0.5238095238095238,True
continu,77,33,0.7857142857142857,True
desert,77,34,0.8095238095238095,True
devis,77,32,0.7619047619047619,True
dry,77,32,0.7619047619047619,True
lavinia,77,1,0.023809523809523808,False
lock,77,30,0.7142857142857143,True
odd,77,31,0.7380952380952381,True
reput,77,32,0.7619047619047619,True
ride,77,27,0.6428571428571429,True
sail,77,24,0.5714285714285714,True
seven,77,27,0.6428571428571429,True
stock,77,26,0.6190476190476191,True
trembl,77,30,0.7142857142857143,True
tribun,77,4,0.09523809523809523,False
twixt,77,30,0.7142857142857143,True
wrath,77,30,0.7142857142857143,True
banquo,76,1,0.023809523809523808,False
charm,76,27,0.6428571428571429,True
chide,76,30,0.7142857142857143,True
choic,76,28,0.6666666666666666,True
faint,76,29,0.6904761904761905,True
furi,76,34,0.8095238095238095,True
jew,76,7,0.16666666666666666,False
malic,76,26,0.6190476190476191,True
meat,76,24,0.5714285714285714,True
melancholi,76,29,0.6904761904761905,True
provid,76,38,0.9047619047619048,True
pucel,76,1,0.023809523809523808,False
rare,76,23,0.5476190476190477,True
root,76,28,0.6666666666666666,True
rosencrantz,76,1,0.023809523809523808,False
safeti,76,31,0.7380952380952381,True
spent,76,34,0.8095238095238095,True
twice,76,32,0.7619047619047619,True
utter,76,32,0.7619047619047619,True
wealth,76,27,0.6428571428571429,True
weigh,76,31,0.7380952380952381,True
albani,75,1,0.023809523809523808,False
autolycu,75,1,0.023809523809523808,False
betrai,75,29,0.6904761904761905,True
desper,75,31,0.7380952380952381,True
dumain,75,2,0.047619047619047616,False
enjoi,75,31,0.7380952380952381,True
led,75,29,0.6904761904761905,True
roar,75,28,0.6666666666666666,True
tyrant,75,28,0.6666666666666666,True
yonder,75,28,0.6666666666666666,True
advanc,74,33,0.7857142857142857,True
biondello,74,1,0.023809523809523808,False
cap,74,23,0.5476190476190477,True
church,74,20,0.47619047619047616,False
cloth,74,29,0.6904761904761905,True
cornwal,74,1,0.023809523809523808,False
discours,74,30,0.7142857142857143,True
disdain,74,29,0.6904761904761905,True
enforc,74,30,0.7142857142857143,True
extrem,74,32,0.7619047619047619,True
fanci,74,27,0.6428571428571429,True
hit,74,29,0.6904761904761905,True
lodg,74,33,0.7857142857142857,True
mayst,74,29,0.6904761904761905,True
plantagenet,74,7,0.16666666666666666,False
slaughter,74,19,0.4523809523809524,False
spite,74,30,0.7142857142857143,True
sum,74,29,0.6904761904761905,True
tabl,74,28,0.6666666666666666,True
yourselv,74,28,0.6666666666666666,True
anger,73,31,0.7380952380952381,True
catesbi,73,1,0.023809523809523808,False
consid,73,33,0.7857142857142857,True
fabian,73,1,0.023809523809523808,False
imagin,73,32,0.7619047619047619,True
le,73,9,0.21428571428571427,False
main,73,25,0.5952380952380952,True
mortim,73,4,0.09523809523809523,False
poet,73,14,0.3333333333333333,False
protest,73,33,0.7857142857142857,True
reign,73,26,0.6190476190476191,True
thief,73,25,0.5952380952380952,True
thoma,73,9,0.21428571428571427,False
worm,73,32,0.7619047619047619,True
arthur,72,4,0.09523809523809523,False
casca,72,1,0.023809523809523808,False
eas,72,30,0.7142857142857143,True
equal,72,31,0.7380952380952381,True
fate,72,29,0.6904761904761905,True
fond,72,29,0.6904761904761905,True
herald,72,25,0.5952380952380952,True
infect,72,34,0.8095238095238095,True
loud,72,32,0.7619047619047619,True
mountain,72,34,0.8095238095238095,True
mourn,72,27,0.6428571428571429,True
nestor,72,7,0.16666666666666666,False
prosper,72,29,0.6904761904761905,True
remembr,72,27,0.6428571428571429,True
usurp,72,24,0.5714285714285714,True
vice,72,29,0.6904761904761905,True
wick,72,26,0.6190476190476191,True
wive,72,27,0.6428571428571429,True
amaz,71,30,0.7142857142857143,True
chamberlain,71,5,0.11904761904761904,False
counterfeit,71,31,0.7380952380952381,True
gallant,71,27,0.6428571428571429,True
garment,71,27,0.6428571428571429,True
girl,71,25,0.5952380952380952,True
injuri,71,30,0.7142857142857143,True
leisur,71,29,0.6904761904761905,True
lepidu,71,2,0.047619047619047616,False
merchant,71,14,0.3333333333333333,False
patroclu,71,1,0.023809523809523808,False
pound,71,21,0.5,False
servingman,71,4,0.09523809523809523,False
thurio,71,1,0.023809523809523808,False
victori,71,27,0.6428571428571429,True
weapon,71,22,0.5238095238095238,True
admir,70,32,0.7619047619047619,True
aumerl,70,1,0.023809523809523808,False
babe,70,24,0.5714285714285714,True
caliban,70,1,0.023809523809523808,False
confound,70,30,0.7142857142857143,True
envi,70,27,0.6428571428571429,True
few,70,30,0.7142857142857143,True
franci,70,7,0.16666666666666666,False
gaunt,70,7,0.16666666666666666,False
memori,70,29,0.6904761904761905,True
plead,70,26,0.6190476190476191,True
remedi,70,27,0.6428571428571429,True
richmond,70,3,0.07142857142857142,False
ross,70,2,0.047619047619047616,False
saturninu,70,1,0.023809523809523808,False
singl,70,28,0.6666666666666666,True
thrive,70,29,0.6904761904761905,True
triumph,70,25,0.5952380952380952,True
weed,70,30,0.7142857142857143,True
aid,69,29,0.6904761904761905,True
borrow,69,32,0.7619047619047619,True
c,69,29,0.6904761904761905,True
challeng,69,23,0.5476190476190477,True
despair,69,27,0.6428571428571429,True
differ,69,29,0.6904761904761905,True
drunk,69,27,0.6428571428571429,True
except,69,25,0.5952380952380952,True
forbear,69,27,0.6428571428571429,True
fought,69,26,0.6190476190476191,True
instrument,69,27,0.6428571428571429,True
limb,69,29,0.6904761904761905,True
melt,69,29,0.6904761904761905,True
minist,69,29,0.6904761904761905,True
mount,69,28,0.6666666666666666,True
prize,69,31,0.7380952380952381,True
proper,69,32,0.7619047619047619,True
tomb,69,24,0.5714285714285714,True
treasur,69,30,0.7142857142857143,True
archbishop,68,8,0.19047619047619047,False
easi,68,31,0.7380952380952381,True
gower,68,3,0.07142857142857142,False
hunt,68,27,0.6428571428571429,True
lean,68,31,0.7380952380952381,True
miseri,68,27,0.6428571428571429,True
particular,68,22,0.5238095238095238,True
prick,68,27,0.6428571428571429,True
profess,68,23,0.5476190476190477,True
allow,67,24,0.5714285714285714,True
alwai,67,31,0.7380952380952381,True
condemn,67,26,0.6190476190476191,True
dust,67,30,0.7142857142857143,True
empti,67,32,0.7619047619047619,True
fain,67,27,0.6428571428571429,True
figur,67,32,0.7619047619047619,True
fish,67,25,0.5952380952380952,True
flood,67,32,0.7619047619047619,True
food,67,30,0.7142857142857143,True
fruit,67,31,0.7380952380952381,True
gaze,67,27,0.6428571428571429,True
gonzalo,67,1,0.023809523809523808,False
gross,67,28,0.6666666666666666,True
guest,67,29,0.6904761904761905,True
habit,67,30,0.7142857142857143,True
imag,67,26,0.6190476190476191,True
knife,67,25,0.5952380952380952,True
loath,67,33,0.7857142857142857,True
possibl,67,28,0.6666666666666666,True
punish,67,27,0.6428571428571429,True
shut,67,30,0.7142857142857143,True
twill,67,29,0.6904761904761905,True
volumnia,67,1,0.023809523809523808,False
winchest,67,4,0.09523809523809523,False
window,67,28,0.6666666666666666,True
debt,66,28,0.6666666666666666,True
doom,66,25,0.5952380952380952,True
paid,66,26,0.6190476190476191,True
parti,66,24,0.5714285714285714,True
peer,66,25,0.5952380952380952,True
philip,66,5,0.11904761904761904,False
season,66,30,0.7142857142857143,True
skill,66,30,0.7142857142857143,True
sore,66,32,0.7619047619047619,True
stroke,66,27,0.6428571428571429,True
thrust,66,29,0.6904761904761905,True
whisper,66,36,0.8571428571428571,True
arviragu,65,1,0.023809523809523808,False
athen,65,4,0.09523809523809523,False
constanc,65,13,0.30952380952380953,False
degre,65,24,0.5714285714285714,True
despit,65,30,0.7142857142857143,True
disguis,65,30,0.7142857142857143,True
flaviu,65,3,0.07142857142857142,False
garden,65,22,0.5238095238095238,True
gentlewoman,65,21,0.5,False
minut,65,28,0.6666666666666666,True
monstrou,65,26,0.6190476190476191,True
nerissa,65,1,0.023809523809523808,False
oliv,65,8,0.19047619047619047,False
ransom,65,23,0.5476190476190477,True
render,65,25,0.5952380952380952,True
renown,65,30,0.7142857142857143,True
revolt,65,27,0.6428571428571429,True
sack,65,15,0.35714285714285715,False
search,65,24,0.5714285714285714,True
shoulder,65,28,0.6666666666666666,True
slow,65,26,0.6190476190476191,True
stuff,65,30,0.7142857142857143,True
supper,65,29,0.6904761904761905,True
trial,65,29,0.6904761904761905,True
aim,64,32,0.7619047619047619,True
conceit,64,31,0.7380952380952381,True
diseas,64,26,0.6190476190476191,True
fli,64,30,0.7142857142857143,True
forsworn,64,21,0.5,False
grown,64,26,0.6190476190476191,True
guildenstern,64,1,0.023809523809523808,False
marvel,64,30,0.7142857142857143,True
mowbrai,64,2,0.047619047619047616,False
persuad,64,33,0.7857142857142857,True
regard,64,30,0.7142857142857143,True
shed,64,27,0.6428571428571429,True
solemn,64,31,0.7380952380952381,True
stomach,64,29,0.6904761904761905,True
theseu,64,2,0.047619047619047616,False
womb,64,31,0.7380952380952381,True
belov,63,28,0.6666666666666666,True
beyond,63,28,0.6666666666666666,True
bite,63,24,0.5714285714285714,True
broken,63,30,0.7142857142857143,True
counten,63,24,0.5714285714285714,True
ero,63,1,0.023809523809523808,False
fright,63,32,0.7619047619047619,True
gown,63,23,0.5476190476190477,True
heavenli,63,30,0.7142857142857143,True
niec,63,11,0.2619047619047619,False
nought,63,32,0.7619047619047619,True
profit,63,30,0.7142857142857143,True
public,63,28,0.6666666666666666,True
pursu,63,28,0.6666666666666666,True
rock,63,28,0.6666666666666666,True
sooner,63,28,0.6666666666666666,True
start,63,29,0.6904761904761905,True
therein,63,31,0.7380952380952381,True
trinculo,63,1,0.023809523809523808,False
warm,63,30,0.7142857142857143,True
wont,63,28,0.6666666666666666,True
abroad,62,29,0.6904761904761905,True
account,62,30,0.7142857142857143,True
cordelia,62,1,0.023809523809523808,False
dumb,62,26,0.6190476190476191,True
elbow,62,14,0.3333333333333333,False
estat,62,29,0.6904761904761905,True
former,62,28,0.6666666666666666,True
holofern,62,1,0.023809523809523808,False
humphrei,62,4,0.09523809523809523,False
loos,62,27,0.6428571428571429,True
lucetta,62,1,0.023809523809523808,False
luciliu,62,2,0.047619047619047616,False
maiden,62,25,0.5952380952380952,True
miranda,62,1,0.023809523809523808,False
nine,62,27,0.6428571428571429,True
peril,62,29,0.6904761904761905,True
prevent,62,33,0.7857142857142857,True
reverend,62,27,0.6428571428571429,True
step,62,29,0.6904761904761905,True
strive,62,29,0.6904761904761905,True
swell,62,30,0.7142857142857143,True
wide,62,29,0.6904761904761905,True
wither,62,29,0.6904761904761905,True
worcest,62,4,0.09523809523809523,False
abl,61,29,0.6904761904761905,True
accord,61,30,0.7142857142857143,True
alcibiad,61,1,0.023809523809523808,False
armour,61,19,0.4523809523809524,False
asleep,61,23,0.5476190476190477,True
bell,61,26,0.6190476190476191,True
betwixt,61,20,0.47619047619047616,False
bred,61,31,0.7380952380952381,True
chariti,61,26,0.6190476190476191,True
confirm,61,27,0.6428571428571429,True
cover,61,27,0.6428571428571429,True
crack,61,27,0.6428571428571429,True
cupid,61,17,0.40476190476190477,False
discov,61,28,0.6666666666666666,True
dote,61,28,0.6666666666666666,True
drive,61,29,0.6904761904761905,True
dy,61,27,0.6428571428571429,True
express,61,26,0.6190476190476191,True
heed,61,28,0.6666666666666666,True
hermion,61,1,0.023809523809523808,False
hill,61,28,0.6666666666666666,True
instant,61,27,0.6428571428571429,True
maintain,61,26,0.6190476190476191,True
pictur,61,28,0.6666666666666666,True
rebel,61,22,0.5238095238095238,True
ruin,61,28,0.6666666666666666,True
scape,61,29,0.6904761904761905,True
sheep,61,22,0.5238095238095238,True
six,61,28,0.6666666666666666,True
teeth,61,35,0.8333333333333334,True
troop,61,25,0.5952380952380952,True
warlik,61,22,0.5238095238095238,True
appoint,60,27,0.6428571428571429,True
bark,60,31,0.7380952380952381,True
boot,60,24,0.5714285714285714,True
cup,60,24,0.5714285714285714,True
custom,60,27,0.6428571428571429,True
determin,60,28,0.6666666666666666,True
dispos,60,32,0.7619047619047619,True
hollow,60,30,0.7142857142857143,True
instruct,60,22,0.5238095238095238,True
keeper,60,19,0.4523809523809524,False
mirth,60,28,0.6666666666666666,True
object,60,32,0.7619047619047619,True
preserv,60,26,0.6190476190476191,True
realm,60,15,0.35714285714285715,False
spoken,60,28,0.6666666666666666,True
tread,60,28,0.6666666666666666,True
undertak,60,28,0.6666666666666666,True
vouchsaf,60,27,0.6428571428571429,True
below,59,30,0.7142857142857143,True
ceas,59,27,0.6428571428571429,True
coat,59,23,0.5476190476190477,True
dogberri,59,1,0.023809523809523808,False
dougla,59,2,0.047619047619047616,False
feet,59,27,0.6428571428571429,True
flight,59,27,0.6428571428571429,True
longavil,59,1,0.023809523809523808,False
malcolm,59,1,0.023809523809523808,False
outward,59,27,0.6428571428571429,True
player,59,10,0.23809523809523808,False
press,59,25,0.5952380952380952,True
proceed,59,32,0.7619047619047619,True
protector,59,5,0.11904761904761904,False
rob,59,26,0.6190476190476191,True
secur,59,26,0.6190476190476191,True
seiz,59,29,0.6904761904761905,True
civil,58,27,0.6428571428571429,True
contrari,58,29,0.6904761904761905,True
etern,58,28,0.6666666666666666,True
georg,58,12,0.2857142857142857,False
lieuten,58,11,0.2619047619047619,False
pyramu,58,2,0.047619047619047616,False
smooth,58,26,0.6190476190476191,True
tempt,58,29,0.6904761904761905,True
undon,58,25,0.5952380952380952,True
whore,58,16,0.38095238095238093,False
add,57,29,0.6904761904761905,True
beguil,57,28,0.6666666666666666,True
companion,57,29,0.6904761904761905,True
compass,57,31,0.7380952380952381,True
deadli,57,27,0.6428571428571429,True
ducat,57,10,0.23809523809523808,False
earli,57,26,0.6190476190476191,True
florizel,57,1,0.023809523809523808,False
freeli,57,24,0.5714285714285714,True
greek,57,11,0.2619047619047619,False
helicanu,57,1,0.023809523809523808,False
jessica,57,1,0.023809523809523808,False
leap,57,30,0.7142857142857143,True
nativ,57,27,0.6428571428571429,True
nym,57,2,0.047619047619047616,False
rate,57,29,0.6904761904761905,True
sand,57,18,0.42857142857142855,False
store,57,29,0.6904761904761905,True
tame,57,28,0.6666666666666666,True
absenc,56,28,0.6666666666666666,True
blest,56,28,0.6666666666666666,True
bounti,56,27,0.6428571428571429,True
commiss,56,23,0.5476190476190477,True
conclud,56,29,0.6904761904761905,True
constant,56,27,0.6428571428571429,True
convei,56,26,0.6190476190476191,True
credit,56,27,0.6428571428571429,True
crow,56,28,0.6666666666666666,True
dagger,56,23,0.5476190476190477,True
dearest,56,24,0.5714285714285714,True
gall,56,27,0.6428571428571429,True
glove,56,20,0.47619047619047616,False
greatest,56,28,0.6666666666666666,True
guess,56,28,0.6666666666666666,True
iron,56,24,0.5714285714285714,True
mistak,56,28,0.6666666666666666,True
purchas,56,32,0.7619047619047619,True
rail,56,28,0.6666666666666666,True
simonid,56,1,0.023809523809523808,False
spur,56,29,0.6904761904761905,True
swai,56,27,0.6428571428571429,True
sweat,56,30,0.7142857142857143,True
tailor,56,21,0.5,False
taught,56,30,0.7142857142857143,True
tempest,56,26,0.6190476190476191,True
tire,56,29,0.6904761904761905,True
villani,56,21,0.5,False
wander,56,27,0.6428571428571429,True
cool,55,32,0.7619047619047619,True
durst,55,29,0.6904761904761905,True
fix,55,29,0.6904761904761905,True
honei,55,23,0.5476190476190477,True
joint,55,22,0.5238095238095238,True
lamb,55,27,0.6428571428571429,True
luciana,55,1,0.023809523809523808,False
mayor,55,6,0.14285714285714285,False
nake,55,30,0.7142857142857143,True
oppos,55,24,0.5714285714285714,True
oswald,55,1,0.023809523809523808,False
oxford,55,5,0.11904761904761904,False
quinc,55,2,0.047619047619047616,False
rever,55,27,0.6428571428571429,True
reward,55,24,0.5714285714285714,True
sentenc,55,26,0.6190476190476191,True
sooth,55,28,0.6666666666666666,True
suspect,55,22,0.5238095238095238,True
tarri,55,23,0.5476190476190477,True
vengeanc,55,24,0.5714285714285714,True
vers,55,16,0.38095238095238093,False
alter,54,27,0.6428571428571429,True
bought,54,25,0.5952380952380952,True
boult,54,1,0.023809523809523808,False
cave,54,15,0.35714285714285715,False
conduct,54,28,0.6666666666666666,True
conjur,54,27,0.6428571428571429,True
council,54,18,0.42857142857142855,False
despis,54,28,0.6666666666666666,True
discharg,54,28,0.6666666666666666,True
disposit,54,20,0.47619047619047616,False
divid,54,25,0.5952380952380952,True
meant,54,26,0.6190476190476191,True
mile,54,24,0.5714285714285714,True
mischief,54,27,0.6428571428571429,True
modesti,54,25,0.5952380952380952,True
pick,54,27,0.6428571428571429,True
pour,54,24,0.5714285714285714,True
prei,54,29,0.6904761904761905,True
prevail,54,21,0.5,False
repair,54,30,0.7142857142857143,True
requir,54,20,0.47619047619047616,False
salt,54,31,0.7380952380952381,True
spake,54,26,0.6190476190476191,True
swallow,54,29,0.6904761904761905,True
unkind,54,30,0.7142857142857143,True
agrippa,53,2,0.047619047619047616,False
amend,53,23,0.5476190476190477,True
approv,53,26,0.6190476190476191,True
build,53,30,0.7142857142857143,True
chase,53,28,0.6666666666666666,True
contempt,53,23,0.5476190476190477,True
delai,53,30,0.7142857142857143,True
devic,53,27,0.6428571428571429,True
digniti,53,27,0.6428571428571429,True
esteem,53,25,0.5952380952380952,True
import,53,23,0.5476190476190477,True
mena,53,1,0.023809523809523808,False
necess,53,25,0.5952380952380952,True
pierc,53,29,0.6904761904761905,True
stoop,53,23,0.5476190476190477,True
suddenli,53,27,0.6428571428571429,True
templ,53,23,0.5476190476190477,True
torch,53,18,0.42857142857142855,False
ambit,52,23,0.5476190476190477,True
beaten,52,27,0.6428571428571429,True
chiron,52,1,0.023809523809523808,False
conquer,52,22,0.5238095238095238,True
dew,52,24,0.5714285714285714,True
hereaft,52,32,0.7619047619047619,True
inform,52,20,0.47619047619047616,False
jealou,52,21,0.5,False
monument,52,22,0.5238095238095238,True
musician,52,14,0.3333333333333333,False
priam,52,7,0.16666666666666666,False
shot,52,24,0.5714285714285714,True
stab,52,19,0.4523809523809524,False
strain,52,26,0.6190476190476191,True
swore,52,22,0.5238095238095238,True
afflict,51,26,0.6190476190476191,True
boast,51,27,0.6428571428571429,True
borachio,51,1,0.023809523809523808,False
chast,51,25,0.5952380952380952,True
complexion,51,21,0.5,False
confin,51,23,0.5476190476190477,True
cost,51,30,0.7142857142857143,True
darest,51,26,0.6190476190476191,True
descend,51,26,0.6190476190476191,True
dish,51,24,0.5714285714285714,True
doll,51,2,0.047619047619047616,False
emploi,51,24,0.5714285714285714,True
fieri,51,24,0.5714285714285714,True
flow,51,26,0.6190476190476191,True
friendship,51,26,0.6190476190476191,True
hid,51,28,0.6666666666666666,True
inclin,51,28,0.6666666666666666,True
lad,51,19,0.4523809523809524,False
leagu,51,23,0.5476190476190477,True
painter,51,9,0.21428571428571427,False
perchanc,51,23,0.5476190476190477,True
pinch,51,17,0.40476190476190477,False
rhyme,51,18,0.42857142857142855,False
sacr,51,28,0.6666666666666666,True
suck,51,25,0.5952380952380952,True
thiev,51,21,0.5,False
threaten,51,28,0.6666666666666666,True
wink,51,24,0.5714285714285714,True
agre,50,27,0.6428571428571429,True
bade,50,20,0.47619047619047616,False
belli,50,20,0.47619047619047616,False
confer,50,26,0.6190476190476191,True
edg,50,26,0.6190476190476191,True
empress,50,6,0.14285714285714285,False
fourth,50,19,0.4523809523809524,False
hie,50,24,0.5714285714285714,True
jealousi,50,19,0.4523809523809524,False
lysimachu,50,1,0.023809523809523808,False
neglect,50,26,0.6190476190476191,True
pace,50,24,0.5714285714285714,True
plant,50,28,0.6666666666666666,True
recov,50,21,0.5,False
ripe,50,31,0.7380952380952381,True
sink,50,28,0.6666666666666666,True
sky,50,27,0.6428571428571429,True
tediou,50,25,0.5952380952380952,True
trade,50,21,0.5,False
valu,50,24,0.5714285714285714,True
vein,50,24,0.5714285714285714,True
ventur,50,24,0.5714285714285714,True
alonso,49,1,0.023809523809523808,False
attempt,49,25,0.5952380952380952,True
bar,49,21,0.5,False
bind,49,24,0.5714285714285714,True
fatal,49,19,0.4523809523809524,False
flame,49,24,0.5714285714285714,True
hazard,49,22,0.5238095238095238,True
kinsman,49,22,0.5238095238095238,True
lovel,49,2,0.047619047619047616,False
methought,49,22,0.5238095238095238,True
pen,49,24,0.5714285714285714,True
perforc,49,24,0.5714285714285714,True
polici,49,26,0.6190476190476191,True
provok,49,25,0.5952380952380952,True
rash,49,28,0.6666666666666666,True
resolut,49,29,0.6904761904761905,True
school,49,30,0.7142857142857143,True
spoil,49,25,0.5952380952380952,True
stanlei,49,3,0.07142857142857142,False
stream,49,33,0.7857142857142857,True
thaisa,49,1,0.023809523809523808,False
trojan,49,7,0.16666666666666666,False
twelv,49,26,0.6190476190476191,True
unhappi,49,25,0.5952380952380952,True
violent,49,21,0.5,False
wreck,49,25,0.5952380952380952,True
abid,48,23,0.5476190476190477,True
alencon,48,5,0.11904761904761904,False
apart,48,25,0.5952380952380952,True
apparel,48,23,0.5476190476190477,True
assist,48,26,0.6190476190476191,True
avoid,48,26,0.6190476190476191,True
big,48,29,0.6904761904761905,True
ceremoni,48,24,0.5714285714285714,True
circumst,48,23,0.5476190476190477,True
concern,48,21,0.5,False
depend,48,24,0.5714285714285714,True
egypt,48,4,0.09523809523809523,False
error,48,26,0.6190476190476191,True
fairest,48,25,0.5952380952380952,True
forsooth,48,21,0.5,False
glendow,48,4,0.09523809523809523,False
gloriou,48,21,0.5,False
guid,48,30,0.7142857142857143,True
imposs,48,24,0.5714285714285714,True
modest,48,22,0.5238095238095238,True
perhap,48,26,0.6190476190476191,True
puck,48,1,0.023809523809523808,False
refus,48,25,0.5952380952380952,True
reignier,48,3,0.07142857142857142,False
rush,48,26,0.6190476190476191,True
stick,48,25,0.5952380952380952,True
torment,48,24,0.5714285714285714,True
tortur,48,24,0.5714285714285714,True
trifl,48,22,0.5238095238095238,True
unknown,48,28,0.6666666666666666,True
weight,48,25,0.5952380952380952,True
accept,47,20,0.47619047619047616,False
admit,47,22,0.5238095238095238,True
advic,47,24,0.5714285714285714,True
apt,47,21,0.5,False
bedford,47,3,0.07142857142857142,False
belong,47,27,0.6428571428571429,True
benefit,47,23,0.5476190476190477,True
blown,47,25,0.5952380952380952,True
cat,47,21,0.5,False
confus,47,23,0.5476190476190477,True
convers,47,23,0.5476190476190477,True
creep,47,25,0.5952380952380952,True
dame,47,21,0.5,False
fairli,47,26,0.6190476190476191,True
feather,47,28,0.6666666666666666,True
fee,47,27,0.6428571428571429,True
fore,47,21,0.5,False
hapli,47,20,0.47619047619047616,False
hound,47,20,0.47619047619047616,False
kei,47,28,0.6666666666666666,True
marcellu,47,2,0.047619047619047616,False
mariana,47,2,0.047619047619047616,False
pair,47,27,0.6428571428571429,True
paus,47,24,0.5714285714285714,True
phebe,47,1,0.023809523809523808,False
pronounc,47,23,0.5476190476190477,True
rag,47,25,0.5952380952380952,True
shortli,47,22,0.5238095238095238,True
surrei,47,4,0.09523809523809523,False
tarquin,47,6,0.14285714285714285,False
vantag,47,26,0.6190476190476191,True
wave,47,20,0.47619047619047616,False
bassianu,46,1,0.023809523809523808,False
behalf,46,25,0.5952380952380952,True
chequ,46,25,0.5952380952380952,True
conceiv,46,28,0.6666666666666666,True
creat,46,22,0.5238095238095238,True
cur,46,22,0.5238095238095238,True
dine,46,18,0.42857142857142855,False
firm,46,25,0.5952380952380952,True
human,46,20,0.47619047619047616,False
liest,46,22,0.5238095238095238,True
market,46,20,0.47619047619047616,False
messala,46,1,0.023809523809523808,False
mild,46,17,0.40476190476190477,False
miss,46,23,0.5476190476190477,True
passag,46,23,0.5476190476190477,True
sell,46,23,0.5476190476190477,True
shout,46,15,0.35714285714285715,False
snow,46,28,0.6666666666666666,True
sought,46,27,0.6428571428571429,True
tend,46,23,0.5476190476190477,True
thick,46,24,0.5714285714285714,True
yoke,46,26,0.6190476190476191,True
appetit,45,26,0.6190476190476191,True
arriv,45,23,0.5476190476190477,True
band,45,22,0.5238095238095238,True
barren,45,23,0.5476190476190477,True
began,45,24,0.5714285714285714,True
capitol,45,8,0.19047619047619047,False
davi,45,2,0.047619047619047616,False
displeasur,45,20,0.47619047619047616,False
earnest,45,25,0.5952380952380952,True
elder,45,27,0.6428571428571429,True
fenton,45,1,0.023809523809523808,False
fierc,45,22,0.5238095238095238,True
fold,45,26,0.6190476190476191,True
gaoler,45,9,0.21428571428571427,False
goth,45,2,0.047619047619047616,False
hole,45,22,0.5238095238095238,True
invent,45,22,0.5238095238095238,True
ladyship,45,17,0.40476190476190477,False
lucrec,45,4,0.09523809523809523,False
north,45,23,0.5476190476190477,True
repli,45,29,0.6904761904761905,True
revel,45,27,0.6428571428571429,True
shift,45,28,0.6666666666666666,True
strife,45,26,0.6190476190476191,True
twain,45,23,0.5476190476190477,True
watchman,45,5,0.11904761904761904,False
wrought,45,26,0.6190476190476191,True
afraid,44,22,0.5238095238095238,True
alik,44,21,0.5,False
chair,44,18,0.42857142857142855,False
courtier,44,14,0.3333333333333333,False
dearli,44,26,0.6190476190476191,True
decai,44,23,0.5476190476190477,True
deer,44,19,0.4523809523809524,False
event,44,30,0.7142857142857143,True
exampl,44,23,0.5476190476190477,True
familiar,44,25,0.5952380952380952,True
furnish,44,29,0.6904761904761905,True
garter,44,13,0.30952380952380953,False
hat,44,24,0.5714285714285714,True
infinit,44,23,0.5476190476190477,True
invit,44,23,0.5476190476190477,True
island,44,11,0.2619047619047619,False
knit,44,25,0.5952380952380952,True
languag,44,22,0.5238095238095238,True
nail,44,22,0.5238095238095238,True
porter,44,14,0.3333333333333333,False
reckon,44,23,0.5476190476190477,True
rescu,44,21,0.5,False
skin,44,25,0.5952380952380952,True
sour,44,23,0.5476190476190477,True
staff,44,21,0.5,False
stamp,44,25,0.5952380952380952,True
substanc,44,19,0.4523809523809524,False
suppli,44,20,0.47619047619047616,False
task,44,25,0.5952380952380952,True
unworthi,44,26,0.6190476190476191,True
vernon,44,2,0.047619047619047616,False
adam,43,14,0.3333333333333333,False
amongst,43,21,0.5,False
beauteou,43,21,0.5,False
belik,43,22,0.5238095238095238,True
blot,43,22,0.5238095238095238,True
brabantio,43,1,0.023809523809523808,False
compar,43,22,0.5238095238095238,True
cromwel,43,2,0.047619047619047616,False
defenc,43,23,0.5476190476190477,True
destroi,43,20,0.47619047619047616,False
dove,43,22,0.5238095238095238,True
dress,43,20,0.47619047619047616,False
fed,43,28,0.6666666666666666,True
henceforth,43,28,0.6666666666666666,True
increas,43,22,0.5238095238095238,True
ira,43,3,0.07142857142857142,False
lodovico,43,1,0.023809523809523808,False
midnight,43,23,0.5476190476190477,True
monsieur,43,14,0.3333333333333333,False
oberon,43,1,0.023809523809523808,False
pack,43,23,0.5476190476190477,True
record,43,23,0.5476190476190477,True
restor,43,26,0.6190476190476191,True
robe,43,21,0.5,False
rotten,43,28,0.6666666666666666,True
rt,43,17,0.40476190476190477,False
seest,43,28,0.6666666666666666,True
senior,43,3,0.07142857142857142,False
sting,43,25,0.5952380952380952,True
token,43,23,0.5476190476190477,True
unfold,43,23,0.5476190476190477,True
vessel,43,20,0.47619047619047616,False
worn,43,25,0.5952380952380952,True
aris,42,20,0.47619047619047616,False
arrest,42,14,0.3333333333333333,False
bent,42,29,0.6904761904761905,True
calm,42,20,0.47619047619047616,False
censur,42,21,0.5,False
feebl,42,15,0.35714285714285715,False
felt,42,23,0.5476190476190477,True
huge,42,21,0.5,False
impati,42,25,0.5952380952380952,True
imperi,42,18,0.42857142857142855,False
isl,42,14,0.3333333333333333,False
nice,42,29,0.6904761904761905,True
octavia,42,1,0.023809523809523808,False
oppress,42,23,0.5476190476190477,True
physic,42,25,0.5952380952380952,True
pocket,42,21,0.5,False
quench,42,25,0.5952380952380952,True
savag,42,24,0.5714285714285714,True
silviu,42,2,0.047619047619047616,False
slew,42,17,0.40476190476190477,False
sly,42,10,0.23809523809523808,False
special,42,22,0.5238095238095238,True
taint,42,21,0.5,False
visag,42,25,0.5952380952380952,True
wale,42,7,0.16666666666666666,False
wipe,42,24,0.5714285714285714,True
ambassador,41,13,0.30952380952380953,False
banquet,41,18,0.42857142857142855,False
beam,41,25,0.5952380952380952,True
blast,41,20,0.47619047619047616,False
boar,41,11,0.2619047619047619,False
breach,41,22,0.5238095238095238,True
bride,41,15,0.35714285714285715,False
cell,41,8,0.19047619047619047,False
cock,41,19,0.4523809523809524,False
conspir,41,22,0.5238095238095238,True
contract,41,18,0.42857142857142855,False
east,41,23,0.5476190476190477,True
forfeit,41,15,0.35714285714285715,False
hal,41,2,0.047619047619047616,False
hardli,41,25,0.5952380952380952,True
knot,41,29,0.6904761904761905,True
length,41,25,0.5952380952380952,True
miser,41,22,0.5238095238095238,True
muse,41,22,0.5238095238095238,True
nation,41,19,0.4523809523809524,False
opposit,41,20,0.47619047619047616,False
pate,41,22,0.5238095238095238,True
pearl,41,26,0.6190476190476191,True
privileg,41,23,0.5476190476190477,True
prologu,41,16,0.38095238095238093,False
sailor,41,12,0.2857142857142857,False
sauci,41,23,0.5476190476190477,True
score,41,23,0.5476190476190477,True
serpent,41,21,0.5,False
shoot,41,22,0.5238095238095238,True
soothsay,41,3,0.07142857142857142,False
stronger,41,23,0.5476190476190477,True
suitor,41,22,0.5238095238095238,True
titania,41,1,0.023809523809523808,False
toil,41,25,0.5952380952380952,True
unnatur,41,18,0.42857142857142855,False
wail,41,17,0.40476190476190477,False
whoreson,41,14,0.3333333333333333,False
ambiti,40,15,0.35714285714285715,False
amiss,40,24,0.5714285714285714,True
bore,40,26,0.6190476190476191,True
bud,40,21,0.5,False
cleon,40,1,0.023809523809523808,False
control,40,16,0.38095238095238093,False
corn,40,18,0.42857142857142855,False
countrymen,40,14,0.3333333333333333,False
discont,40,23,0.5476190476190477,True
distress,40,23,0.5476190476190477,True
drew,40,24,0.5714285714285714,True
eight,40,19,0.4523809523809524,False
fairer,40,22,0.5238095238095238,True
fox,40,22,0.5238095238095238,True
friendli,40,27,0.6428571428571429,True
gather,40,23,0.5476190476190477,True
heartili,40,19,0.4523809523809524,False
pitch,40,23,0.5476190476190477,True
requit,40,24,0.5714285714285714,True
rous,40,20,0.47619047619047616,False
share,40,24,0.5714285714285714,True
sold,40,26,0.6190476190476191,True
sole,40,24,0.5714285714285714,True
stretch,40,21,0.5,False
tearsheet,40,2,0.047619047619047616,False
terror,40,22,0.5238095238095238,True
tut,40,15,0.35714285714285715,False
vex,40,24,0.5714285714285714,True
yond,40,19,0.4523809523809524,False
abhor,39,26,0.6190476190476191,True
afford,39,19,0.4523809523809524,False
ap,39,20,0.47619047619047616,False
athenian,39,4,0.09523809523809523,False
balthasar,39,3,0.07142857142857142,False
basket,39,9,0.21428571428571427,False
butcher,39,19,0.4523809523809524,False
captiv,39,21,0.5,False
consul,39,5,0.11904761904761904,False
cuckold,39,17,0.40476190476190477,False
deriv,39,24,0.5714285714285714,True
distract,39,22,0.5238095238095238,True
eagl,39,21,0.5,False
gait,39,24,0.5714285714285714,True
grecian,39,6,0.14285714285714285,False
inward,39,22,0.5238095238095238,True
mask,39,20,0.47619047619047616,False
outlaw,39,6,0.14285714285714285,False
pawn,39,18,0.42857142857142855,False
perdita,39,1,0.023809523809523808,False
pine,39,22,0.5238095238095238,True
ratcliff,39,1,0.023809523809523808,False
redeem,39,21,0.5,False
robert,39,5,0.11904761904761904,False
silent,39,22,0.5238095238095238,True
spot,39,24,0.5714285714285714,True
stage,39,22,0.5238095238095238,True
starv,39,23,0.5476190476190477,True
undo,39,22,0.5238095238095238,True
wax,39,22,0.5238095238095238,True
weather,39,21,0.5,False
wolf,39,21,0.5,False
accid,38,19,0.4523809523809524,False
achiev,38,21,0.5,False
articl,38,18,0.42857142857142855,False
burthen,38,16,0.38095238095238093,False
choler,38,21,0.5,False
cinna,38,1,0.023809523809523808,False
grew,38,21,0.5,False
hall,38,23,0.5476190476190477,True
height,38,27,0.6428571428571429,True
infant,38,22,0.5238095238095238,True
lartiu,38,1,0.023809523809523808,False
lent,38,22,0.5238095238095238,True
lusti,38,19,0.4523809523809524,False
mate,38,23,0.5476190476190477,True
nobli,38,20,0.47619047619047616,False
op,38,22,0.5238095238095238,True
padua,38,3,0.07142857142857142,False
pembrok,38,4,0.09523809523809523,False
perish,38,21,0.5,False
prefer,38,19,0.4523809523809524,False
quarter,38,23,0.5476190476190477,True
raven,38,26,0.6190476190476191,True
ravish,38,17,0.40476190476190477,False
sayest,38,18,0.42857142857142855,False
sceptr,38,17,0.40476190476190477,False
shoe,38,20,0.47619047619047616,False
withdraw,38,21,0.5,False
wondrou,38,20,0.47619047619047616,False
absolut,37,17,0.40476190476190477,False
bate,37,19,0.4523809523809524,False
behavior,37,22,0.5238095238095238,True
charact,37,19,0.4523809523809524,False
combat,37,15,0.35714285714285715,False
conclus,37,24,0.5714285714285714,True
confid,37,22,0.5238095238095238,True
cressid,37,4,0.09523809523809523,False
dolabella,37,1,0.023809523809523808,False
duncan,37,1,0.023809523809523808,False
element,37,20,0.47619047619047616,False
enterpris,37,17,0.40476190476190477,False
fret,37,20,0.47619047619047616,False
groom,37,13,0.30952380952380953,False
higher,37,21,0.5,False
imprison,37,21,0.5,False
kindli,37,23,0.5476190476190477,True
lift,37,21,0.5,False
nephew,37,17,0.40476190476190477,False
nobil,37,13,0.30952380952380953,False
otherwis,37,20,0.47619047619047616,False
pedant,37,3,0.07142857142857142,False
pleasant,37,21,0.5,False
reach,37,20,0.47619047619047616,False
rejoic,37,25,0.5952380952380952,True
rid,37,24,0.5714285714285714,True
salarino,37,1,0.023809523809523808,False
slept,37,22,0.5238095238095238,True
slight,37,21,0.5,False
spit,37,23,0.5476190476190477,True
spread,37,22,0.5238095238095238,True
subdu,37,21,0.5,False
thereof,37,15,0.35714285714285715,False
tyranni,37,17,0.40476190476190477,False
west,37,25,0.5952380952380952,True
whereon,37,22,0.5238095238095238,True
also,36,18,0.42857142857142855,False
asham,36,24,0.5714285714285714,True
bai,36,23,0.5476190476190477,True
befal,36,18,0.42857142857142855,False
bill,36,18,0.42857142857142855,False
britain,36,4,0.09523809523809523,False
canterburi,36,5,0.11904761904761904,False
climb,36,20,0.47619047619047616,False
cloak,36,20,0.47619047619047616,False
conceal,36,28,0.6666666666666666,True
conquest,36,19,0.4523809523809524,False
contain,36,22,0.5238095238095238,True
cranmer,36,1,0.023809523809523808,False
crime,36,19,0.4523809523809524,False
discret,36,20,0.47619047619047616,False
dismiss,36,22,0.5238095238095238,True
dozen,36,20,0.47619047619047616,False
earthli,36,23,0.5476190476190477,True
enviou,36,17,0.40476190476190477,False
et,36,9,0.21428571428571427,False
falsehood,36,22,0.5238095238095238,True
gild,36,23,0.5476190476190477,True
goddess,36,18,0.42857142857142855,False
guilt,36,18,0.42857142857142855,False
handkerchief,36,5,0.11904761904761904,False
haunt,36,21,0.5,False
hercul,36,15,0.35714285714285715,False
hereford,36,4,0.09523809523809523,False
immedi,36,21,0.5,False
incens,36,22,0.5238095238095238,True
jupit,36,10,0.23809523809523808,False
milk,36,23,0.5476190476190477,True
miracl,36,21,0.5,False
nathaniel,36,2,0.047619047619047616,False
proport,36,22,0.5238095238095238,True
purg,36,20,0.47619047619047616,False
robin,36,9,0.21428571428571427,False
salut,36,22,0.5238095238095238,True
sheet,36,17,0.40476190476190477,False
shun,36,24,0.5714285714285714,True
slai,36,16,0.38095238095238093,False
smoke,36,21,0.5,False
spleen,36,23,0.5476190476190477,True
spurn,36,20,0.47619047619047616,False
subtl,36,22,0.5238095238095238,True
surfeit,36,22,0.5238095238095238,True
titiniu,36,1,0.023809523809523808,False
varro,36,2,0.047619047619047616,False
week,36,24,0.5714285714285714,True
willingli,36,23,0.5476190476190477,True
wrinkl,36,18,0.42857142857142855,False
zeal,36,18,0.42857142857142855,False
aboard,35,14,0.3333333333333333,False
ad,35,19,0.4523809523809524,False
assembl,35,17,0.40476190476190477,False
bank,35,21,0.5,False
beheld,35,19,0.4523809523809524,False
branch,35,21,0.5,False
compound,35,20,0.47619047619047616,False
coz,35,10,0.23809523809523808,False
defi,35,23,0.5476190476190477,True
depos,35,10,0.23809523809523808,False
derbi,35,2,0.047619047619047616,False
design,35,18,0.42857142857142855,False
detest,35,20,0.47619047619047616,False
devour,35,22,0.5238095238095238,True
diom,35,2,0.047619047619047616,False
ensu,35,23,0.5476190476190477,True
exchang,35,17,0.40476190476190477,False
freedom,35,21,0.5,False
interest,35,18,0.42857142857142855,False
itali,35,12,0.2857142857142857,False
kin,35,19,0.4523809523809524,False
limit,35,24,0.5714285714285714,True
liveri,35,20,0.47619047619047616,False
lovest,35,17,0.40476190476190477,False
loyal,35,20,0.47619047619047616,False
medicin,35,19,0.4523809523809524,False
messag,35,21,0.5,False
montano,35,1,0.023809523809523808,False
moral,35,20,0.47619047619047616,False
ocean,35,21,0.5,False
partli,35,20,0.47619047619047616,False
petti,35,21,0.5,False
physician,35,21,0.5,False
pomp,35,21,0.5,False
profan,35,19,0.4523809523809524,False
shown,35,21,0.5,False
sieg,35,20,0.47619047619047616,False
stolen,35,18,0.42857142857142855,False
suspicion,35,18,0.42857142857142855,False
verg,35,7,0.16666666666666666,False
virgilia,35,1,0.023809523809523808,False
wheel,35,25,0.5952380952380952,True
younger,35,18,0.42857142857142855,False
absent,34,19,0.4523809523809524,False
adventur,34,18,0.42857142857142855,False
alexa,34,1,0.023809523809523808,False
beget,34,21,0.5,False
burden,34,17,0.40476190476190477,False
bush,34,14,0.3333333333333333,False
cerimon,34,1,0.023809523809523808,False
corin,34,2,0.047619047619047616,False
correct,34,16,0.38095238095238093,False
couch,34,26,0.6190476190476191,True
counti,34,12,0.2857142857142857,False
crest,34,20,0.47619047619047616,False
daili,34,21,0.5,False
decre,34,21,0.5,False
exil,34,12,0.2857142857142857,False
fisherman,34,1,0.023809523809523808,False
gentli,34,25,0.5952380952380952,True
harsh,34,26,0.6190476190476191,True
inherit,34,21,0.5,False
journei,34,22,0.5238095238095238,True
lennox,34,1,0.023809523809523808,False
level,34,21,0.5,False
liver,34,21,0.5,False
moment,34,22,0.5238095238095238,True
nimbl,34,22,0.5238095238095238,True
phrase,34,16,0.38095238095238093,False
ran,34,18,0.42857142857142855,False
remors,34,24,0.5714285714285714,True
repos,34,23,0.5476190476190477,True
seldom,34,18,0.42857142857142855,False
steward,34,11,0.2619047619047619,False
surpris,34,19,0.4523809523809524,False
tall,34,19,0.4523809523809524,False
thrown,34,17,0.40476190476190477,False
ursula,34,3,0.07142857142857142,False
volsc,34,1,0.023809523809523808,False
accurs,33,13,0.30952380952380953,False
addit,33,18,0.42857142857142855,False
audienc,33,16,0.38095238095238093,False
bait,33,24,0.5714285714285714,True
begun,33,20,0.47619047619047616,False
blue,33,22,0.5238095238095238,True
calf,33,11,0.2619047619047619,False
canker,33,16,0.38095238095238093,False
caught,33,21,0.5,False
cherish,33,19,0.4523809523809524,False
choke,33,25,0.5952380952380952,True
complain,33,18,0.42857142857142855,False
conveni,33,18,0.42857142857142855,False
couldst,33,23,0.5476190476190477,True
current,33,17,0.40476190476190477,False
deceit,33,19,0.4523809523809524,False
dick,33,6,0.14285714285714285,False
dissembl,33,21,0.5,False
fifti,33,15,0.35714285714285715,False
fleet,33,18,0.42857142857142855,False
garland,33,13,0.30952380952380953,False
goos,33,14,0.3333333333333333,False
hap,33,23,0.5476190476190477,True
immort,33,21,0.5,False
inch,33,19,0.4523809523809524,False
instanc,33,17,0.40476190476190477,False
invis,33,20,0.47619047619047616,False
m,33,15,0.35714285714285715,False
marshal,33,12,0.2857142857142857,False
mass,33,11,0.2619047619047619,False
milan,33,4,0.09523809523809523,False
mingl,33,18,0.42857142857142855,False
moan,33,18,0.42857142857142855,False
oak,33,17,0.40476190476190477,False
oh,33,12,0.2857142857142857,False
ornament,33,20,0.47619047619047616,False
owl,33,18,0.42857142857142855,False
perpetu,33,20,0.47619047619047616,False
publiu,33,4,0.09523809523809523,False
redress,33,15,0.35714285714285715,False
satisfact,33,20,0.47619047619047616,False
shade,33,20,0.47619047619047616,False
slip,33,25,0.5952380952380952,True
soil,33,21,0.5,False
space,33,19,0.4523809523809524,False
steed,33,18,0.42857142857142855,False
sue,33,19,0.4523809523809524,False
th,33,14,0.3333333333333333,False
theme,33,21,0.5,False
throng,33,17,0.40476190476190477,False
vanish,33,18,0.42857142857142855,False
venom,33,22,0.5238095238095238,True
walter,33,4,0.09523809523809523,False
wept,33,16,0.38095238095238093,False
wholesom,33,17,0.40476190476190477,False
written,33,18,0.42857142857142855,False
alexand,32,8,0.19047619047619047,False
aspect,32,21,0.5,False
aw,32,21,0.5,False
beshrew,32,20,0.47619047619047616,False
chin,32,15,0.35714285714285715,False
clap,32,22,0.5238095238095238,True
clerk,32,11,0.2619047619047619,False
dionyza,32,1,0.023809523809523808,False
directli,32,15,0.35714285714285715,False
dukedom,32,8,0.19047619047619047,False
escap,32,21,0.5,False
estim,32,19,0.4523809523809524,False
famou,32,19,0.4523809523809524,False
flatteri,32,20,0.47619047619047616,False
forswear,32,19,0.4523809523809524,False
front,32,19,0.4523809523809524,False
gardin,32,1,0.023809523809523808,False
giddi,32,19,0.4523809523809524,False
horribl,32,18,0.42857142857142855,False
howl,32,19,0.4523809523809524,False
importun,32,19,0.4523809523809524,False
ink,32,18,0.42857142857142855,False
item,32,7,0.16666666666666666,False
justli,32,20,0.47619047619047616,False
kindr,32,19,0.4523809523809524,False
lesser,32,21,0.5,False
liber,32,20,0.47619047619047616,False
manag,32,25,0.5952380952380952,True
mutini,32,19,0.4523809523809524,False
notic,32,19,0.4523809523809524,False
park,32,13,0.30952380952380953,False
perjur,32,16,0.38095238095238093,False
protect,32,13,0.30952380952380953,False
rapier,32,15,0.35714285714285715,False
rebellion,32,13,0.30952380952380953,False
recompens,32,20,0.47619047619047616,False
reserv,32,21,0.5,False
rite,32,20,0.47619047619047616,False
rugbi,32,1,0.023809523809523808,False
sat,32,22,0.5238095238095238,True
scale,32,20,0.47619047619047616,False
shield,32,20,0.47619047619047616,False
signifi,32,21,0.5,False
sleev,32,15,0.35714285714285715,False
stern,32,20,0.47619047619047616,False
strumpet,32,15,0.35714285714285715,False
terribl,32,21,0.5,False
threw,32,22,0.5238095238095238,True
yellow,32,16,0.38095238095238093,False
afeard,31,19,0.4523809523809524,False
ago,31,20,0.47619047619047616,False
audrei,31,1,0.023809523809523808,False
burst,31,18,0.42857142857142855,False
clamour,31,20,0.47619047619047616,False
coal,31,17,0.40476190476190477,False
conrad,31,1,0.023809523809523808,False
cors,31,12,0.2857142857142857,False
delic,31,14,0.3333333333333333,False
destruct,31,18,0.42857142857142855,False
dire,31,16,0.38095238095238093,False
easili,31,25,0.5952380952380952,True
elect,31,15,0.35714285714285715,False
fifth,31,12,0.2857142857142857,False
flat,31,17,0.40476190476190477,False
foreign,31,19,0.4523809523809524,False
forti,31,22,0.5238095238095238,True
frederick,31,2,0.047619047619047616,False
gar,31,1,0.023809523809523808,False
grandam,31,9,0.21428571428571427,False
hue,31,12,0.2857142857142857,False
intellig,31,18,0.42857142857142855,False
ireland,31,9,0.21428571428571427,False
isabel,31,2,0.047619047619047616,False
jade,31,21,0.5,False
joy,31,18,0.42857142857142855,False
linger,31,23,0.5476190476190477,True
lower,31,18,0.42857142857142855,False
ly,31,20,0.47619047619047616,False
menelau,31,2,0.047619047619047616,False
newli,31,22,0.5238095238095238,True
obscur,31,22,0.5238095238095238,True
orchard,31,11,0.2619047619047619,False
osric,31,1,0.023809523809523808,False
palm,31,16,0.38095238095238093,False
parlei,31,18,0.42857142857142855,False
peasant,31,17,0.40476190476190477,False
pin,31,17,0.40476190476190477,False
port,31,17,0.40476190476190477,False
price,31,18,0.42857142857142855,False
reliev,31,18,0.42857142857142855,False
reproach,31,16,0.38095238095238093,False
royalti,31,14,0.3333333333333333,False
scope,31,15,0.35714285714285715,False
scratch,31,19,0.4523809523809524,False
shook,31,23,0.5476190476190477,True
spy,31,19,0.4523809523809524,False
stol,31,14,0.3333333333333333,False
thane,31,1,0.023809523809523808,False
toi,31,20,0.47619047619047616,False
venu,31,15,0.35714285714285715,False
ward,31,19,0.4523809523809524,False
wot,31,19,0.4523809523809524,False
antiochu,30,1,0.023809523809523808,False
bernardo,30,1,0.023809523809523808,False
bewar,30,21,0.5,False
board,30,20,0.47619047619047616,False
bottl,30,13,0.30952380952380953,False
brag,30,22,0.5238095238095238,True
camest,30,18,0.42857142857142855,False
carriag,30,20,0.47619047619047616,False
closet,30,18,0.42857142857142855,False
comest,30,19,0.4523809523809524,False
compel,30,17,0.40476190476190477,False
conqueror,30,14,0.3333333333333333,False
cozen,30,14,0.3333333333333333,False
dam,30,16,0.38095238095238093,False
date,30,17,0.40476190476190477,False
deaf,30,20,0.47619047619047616,False
debat,30,20,0.47619047619047616,False
declin,30,17,0.40476190476190477,False
disturb,30,17,0.40476190476190477,False
divorc,30,17,0.40476190476190477,False
eli,30,4,0.09523809523809523,False
exce,30,20,0.47619047619047616,False
farther,30,15,0.35714285714285715,False
fever,30,16,0.38095238095238093,False
game,30,17,0.40476190476190477,False
grandsir,30,14,0.3333333333333333,False
herein,30,17,0.40476190476190477,False
inquir,30,20,0.47619047619047616,False
levi,30,20,0.47619047619047616,False
makest,30,20,0.47619047619047616,False
metal,30,22,0.5238095238095238,True
mightst,30,20,0.47619047619047616,False
muster,30,16,0.38095238095238093,False
napl,30,5,0.11904761904761904,False
oracl,30,12,0.2857142857142857,False
peep,30,20,0.47619047619047616,False
peevish,30,21,0.5,False
push,30,20,0.47619047619047616,False
sacrific,30,20,0.47619047619047616,False
shower,30,19,0.4523809523809524,False
societi,30,20,0.47619047619047616,False
split,30,17,0.40476190476190477,False
stale,30,24,0.5714285714285714,True
strongli,30,20,0.47619047619047616,False
sweetli,30,23,0.5476190476190477,True
tail,30,17,0.40476190476190477,False
thirti,30,16,0.38095238095238093,False
tom,30,6,0.14285714285714285,False
tooth,30,22,0.5238095238095238,True
treacher,30,19,0.4523809523809524,False
ugli,30,20,0.47619047619047616,False
warrior,30,14,0.3333333333333333,False
windsor,30,6,0.14285714285714285,False
alic,29,2,0.047619047619047616,False
aloud,29,20,0.47619047619047616,False
appli,29,21,0.5,False
apprehend,29,19,0.4523809523809524,False
bag,29,15,0.35714285714285715,False
betim,29,18,0.42857142857142855,False
candl,29,18,0.42857142857142855,False
commonwealth,29,18,0.42857142857142855,False
contend,29,19,0.4523809523809524,False
corner,29,23,0.5476190476190477,True
coupl,29,18,0.42857142857142855,False
curtain,29,17,0.40476190476190477,False
den,29,12,0.2857142857142857,False
destini,29,21,0.5,False
digest,29,19,0.4523809523809524,False
doublet,29,19,0.4523809523809524,False
exceed,29,18,0.42857142857142855,False
flout,29,14,0.3333333333333333,False
grass,29,15,0.35714285714285715,False
hatch,29,21,0.5,False
jaquenetta,29,1,0.023809523809523808,False
je,29,2,0.047619047619047616,False
kingli,29,19,0.4523809523809524,False
mettl,29,18,0.42857142857142855,False
monarch,29,21,0.5,False
nest,29,19,0.4523809523809524,False
nod,29,15,0.35714285714285715,False
pandulph,29,1,0.023809523809523808,False
perfum,29,19,0.4523809523809524,False
pull,29,17,0.40476190476190477,False
scatter,29,22,0.5238095238095238,True
senseless,29,19,0.4523809523809524,False
sinew,29,15,0.35714285714285715,False
strew,29,19,0.4523809523809524,False
stubborn,29,18,0.42857142857142855,False
suggest,29,21,0.5,False
thisbi,29,1,0.023809523809523808,False
thorn,29,15,0.35714285714285715,False
tiger,29,18,0.42857142857142855,False
transform,29,20,0.47619047619047616,False
trunk,29,19,0.4523809523809524,False
vaniti,29,17,0.40476190476190477,False
whate,29,20,0.47619047619047616,False
antigonu,28,1,0.023809523809523808,False
apac,28,20,0.47619047619047616,False
apollo,28,9,0.21428571428571427,False
appar,28,17,0.40476190476190477,False
begot,28,17,0.40476190476190477,False
bohemia,28,1,0.023809523809523808,False
box,28,16,0.38095238095238093,False
brawl,28,16,0.38095238095238093,False
cannon,28,16,0.38095238095238093,False
coast,28,14,0.3333333333333333,False
consum,28,21,0.5,False
contriv,28,19,0.4523809523809524,False
curst,28,12,0.2857142857142857,False
curti,28,1,0.023809523809523808,False
cypru,28,3,0.07142857142857142,False
deck,28,18,0.42857142857142855,False
devot,28,18,0.42857142857142855,False
dian,28,14,0.3333333333333333,False
flint,28,19,0.4523809523809524,False
happili,28,17,0.40476190476190477,False
heav,28,19,0.4523809523809524,False
hire,28,18,0.42857142857142855,False
hungri,28,21,0.5,False
infirm,28,15,0.35714285714285715,False
l,28,6,0.14285714285714285,False
lame,28,20,0.47619047619047616,False
lark,28,17,0.40476190476190477,False
laughter,28,18,0.42857142857142855,False
lightn,28,16,0.38095238095238093,False
load,28,17,0.40476190476190477,False
manhood,28,17,0.40476190476190477,False
orat,28,13,0.30952380952380953,False
petit,28,14,0.3333333333333333,False
pipe,28,21,0.5,False
prate,28,17,0.40476190476190477,False
presum,28,16,0.38095238095238093,False
prodig,28,18,0.42857142857142855,False
rebuk,28,21,0.5,False
religi,28,16,0.38095238095238093,False
rightli,28,23,0.5476190476190477,True
scar,28,17,0.40476190476190477,False
scotland,28,7,0.16666666666666666,False
semblanc,28,20,0.47619047619047616,False
sensibl,28,20,0.47619047619047616,False
shrewd,28,21,0.5,False
south,28,17,0.40476190476190477,False
summon,28,19,0.4523809523809524,False
therebi,28,22,0.5238095238095238,True
threat,28,20,0.47619047619047616,False
trim,28,20,0.47619047619047616,False
tutor,28,17,0.40476190476190477,False
twould,28,18,0.42857142857142855,False
tyre,28,1,0.023809523809523808,False
untim,28,11,0.2619047619047619,False
villan,28,13,0.30952380952380953,False
warn,28,19,0.4523809523809524,False
wore,28,15,0.35714285714285715,False
xi,28,3,0.07142857142857142,False
ach,27,16,0.38095238095238093,False
ador,27,15,0.35714285714285715,False
afternoon,27,16,0.38095238095238093,False
allegi,27,15,0.35714285714285715,False
ancestor,27,16,0.38095238095238093,False
aunt,27,12,0.2857142857142857,False
ax,27,14,0.3333333333333333,False
bread,27,18,0.42857142857142855,False
bushi,27,1,0.023809523809523808,False
chastiti,27,17,0.40476190476190477,False
coin,27,19,0.4523809523809524,False
dorset,27,2,0.047619047619047616,False
drunken,27,16,0.38095238095238093,False
eldest,27,18,0.42857142857142855,False
elinor,27,1,0.023809523809523808,False
experi,27,17,0.40476190476190477,False
forsak,27,16,0.38095238095238093,False
funer,27,12,0.2857142857142857,False
gadshil,27,1,0.023809523809523808,False
gobbo,27,1,0.023809523809523808,False
governor,27,10,0.23809523809523808,False
heap,27,18,0.42857142857142855,False
hei,27,8,0.19047619047619047,False
keen,27,15,0.35714285714285715,False
likewis,27,18,0.42857142857142855,False
listen,27,17,0.40476190476190477,False
mecaena,27,1,0.023809523809523808,False
michael,27,5,0.11904761904761904,False
mood,27,22,0.5238095238095238,True
necessari,27,22,0.5238095238095238,True
patch,27,16,0.38095238095238093,False
perus,27,21,0.5,False
pit,27,12,0.2857142857142857,False
procur,27,20,0.47619047619047616,False
prophesi,27,16,0.38095238095238093,False
prophet,27,16,0.38095238095238093,False
scholar,27,16,0.38095238095238093,False
scroop,27,4,0.09523809523809523,False
scrupl,27,15,0.35714285714285715,False
scurvi,27,11,0.2619047619047619,False
siward,27,1,0.023809523809523808,False
slumber,27,18,0.42857142857142855,False
snatch,27,22,0.5238095238095238,True
sovereignti,27,19,0.4523809523809524,False
spi,27,20,0.47619047619047616,False
stare,27,16,0.38095238095238093,False
string,27,22,0.5238095238095238,True
sup,27,17,0.40476190476190477,False
swain,27,11,0.2619047619047619,False
tickl,27,16,0.38095238095238093,False
toad,27,15,0.35714285714285715,False
trespass,27,15,0.35714285714285715,False
tribut,27,13,0.30952380952380953,False
varlet,27,11,0.2619047619047619,False
vassal,27,17,0.40476190476190477,False
vou,27,2,0.047619047619047616,False
whereto,27,17,0.40476190476190477,False
accent,26,21,0.5,False
actor,26,15,0.35714285714285715,False
afterward,26,19,0.4523809523809524,False
amiti,26,15,0.35714285714285715,False
antiqu,26,15,0.35714285714285715,False
argu,26,18,0.42857142857142855,False
bargain,26,19,0.4523809523809524,False
begg,26,15,0.35714285714285715,False
bolt,26,16,0.38095238095238093,False
brakenburi,26,1,0.023809523809523808,False
bull,26,11,0.2619047619047619,False
butt,26,11,0.2619047619047619,False
carrier,26,5,0.11904761904761904,False
certainli,26,17,0.40476190476190477,False
dainti,26,16,0.38095238095238093,False
dearer,26,18,0.42857142857142855,False
dispers,26,15,0.35714285714285715,False
distanc,26,18,0.42857142857142855,False
evermor,26,19,0.4523809523809524,False
exercis,26,17,0.40476190476190477,False
faction,26,14,0.3333333333333333,False
file,26,14,0.3333333333333333,False
froth,26,5,0.11904761904761904,False
griffith,26,1,0.023809523809523808,False
grim,26,16,0.38095238095238093,False
harbour,26,18,0.42857142857142855,False
hare,26,17,0.40476190476190477,False
hedg,26,21,0.5,False
hinder,26,19,0.4523809523809524,False
hum,26,15,0.35714285714285715,False
hung,26,20,0.47619047619047616,False
interpret,26,18,0.42857142857142855,False
lanc,26,16,0.38095238095238093,False
loyalti,26,17,0.40476190476190477,False
luck,26,14,0.3333333333333333,False
mischanc,26,16,0.38095238095238093,False
multitud,26,15,0.35714285714285715,False
opportun,26,14,0.3333333333333333,False
ourself,26,15,0.35714285714285715,False
outrag,26,16,0.38095238095238093,False
potent,26,19,0.4523809523809524,False
preced,26,21,0.5,False
region,26,20,0.47619047619047616,False
resembl,26,18,0.42857142857142855,False
resign,26,11,0.2619047619047619,False
retreat,26,15,0.35714285714285715,False
scandal,26,20,0.47619047619047616,False
sheriff,26,6,0.14285714285714285,False
softli,26,18,0.42857142857142855,False
solinu,26,1,0.023809523809523808,False
suffici,26,15,0.35714285714285715,False
sweetest,26,17,0.40476190476190477,False
thin,26,19,0.4523809523809524,False
tush,26,13,0.30952380952380953,False
wag,26,15,0.35714285714285715,False
wager,26,9,0.21428571428571427,False
welsh,26,5,0.11904761904761904,False
wet,26,16,0.38095238095238093,False
woful,26,9,0.21428571428571427,False
yesterdai,26,14,0.3333333333333333,False
altogeth,25,16,0.38095238095238093,False
assault,25,16,0.38095238095238093,False
attir,25,18,0.42857142857142855,False
austria,25,2,0.047619047619047616,False
barbar,25,14,0.3333333333333333,False
barnardin,25,1,0.023809523809523808,False
bath,25,17,0.40476190476190477,False
bee,25,15,0.35714285714285715,False
clean,25,21,0.5,False
collatin,25,1,0.023809523809523808,False
complaint,25,15,0.35714285714285715,False
corpor,25,11,0.2619047619047619,False
counsellor,25,18,0.42857142857142855,False
craft,25,15,0.35714285714285715,False
crook,25,20,0.47619047619047616,False
cudgel,25,12,0.2857142857142857,False
dat,25,2,0.047619047619047616,False
deciu,25,1,0.023809523809523808,False
defect,25,18,0.42857142857142855,False
deputi,25,9,0.21428571428571427,False
diet,25,19,0.4523809523809524,False
dim,25,14,0.3333333333333333,False
discord,25,17,0.40476190476190477,False
diver,25,19,0.4523809523809524,False
divis,25,16,0.38095238095238093,False
dowri,25,16,0.38095238095238093,False
egg,25,15,0.35714285714285715,False
ei,25,18,0.42857142857142855,False
engag,25,16,0.38095238095238093,False
expedit,25,14,0.3333333333333333,False
foil,25,15,0.35714285714285715,False
forehead,25,20,0.47619047619047616,False
function,25,16,0.38095238095238093,False
grain,25,16,0.38095238095238093,False
grievou,25,15,0.35714285714285715,False
harmoni,25,17,0.40476190476190477,False
horror,25,14,0.3333333333333333,False
jesu,25,8,0.19047619047619047,False
lili,25,14,0.3333333333333333,False
lime,25,16,0.38095238095238093,False
lurk,25,15,0.35714285714285715,False
meantim,25,14,0.3333333333333333,False
miscarri,25,16,0.38095238095238093,False
mistrust,25,14,0.3333333333333333,False
naught,25,16,0.38095238095238093,False
obtain,25,14,0.3333333333333333,False
parcel,25,18,0.42857142857142855,False
parliament,25,6,0.14285714285714285,False
partner,25,11,0.2619047619047619,False
penni,25,14,0.3333333333333333,False
pirat,25,9,0.21428571428571427,False
piteou,25,14,0.3333333333333333,False
process,25,17,0.40476190476190477,False
prompt,25,18,0.42857142857142855,False
resist,25,18,0.42857142857142855,False
revenu,25,14,0.3333333333333333,False
rumour,25,10,0.23809523809523808,False
rutland,25,3,0.07142857142857142,False
salanio,25,1,0.023809523809523808,False
scot,25,4,0.09523809523809523,False
seed,25,15,0.35714285714285715,False
seriou,25,18,0.42857142857142855,False
silk,25,17,0.40476190476190477,False
silli,25,14,0.3333333333333333,False
sith,25,13,0.30952380952380953,False
smother,25,14,0.3333333333333333,False
steep,25,20,0.47619047619047616,False
stole,25,19,0.4523809523809524,False
stopp,25,19,0.4523809523809524,False
subscrib,25,18,0.42857142857142855,False
taper,25,14,0.3333333333333333,False
thisb,25,3,0.07142857142857142,False
trip,25,17,0.40476190476190477,False
turk,25,15,0.35714285714285715,False
unjust,25,18,0.42857142857142855,False
unseen,25,14,0.3333333333333333,False
upright,25,15,0.35714285714285715,False
vault,25,15,0.35714285714285715,False
vent,25,14,0.3333333333333333,False
verona,25,3,0.07142857142857142,False
vii,25,18,0.42857142857142855,False
voyag,25,15,0.35714285714285715,False
vulgar,25,17,0.40476190476190477,False
willow,25,6,0.14285714285714285,False
yon,25,11,0.2619047619047619,False
access,24,15,0.35714285714285715,False
acknowledg,24,16,0.38095238095238093,False
aedil,24,1,0.023809523809523808,False
aegeon,24,1,0.023809523809523808,False
affright,24,17,0.40476190476190477,False
amor,24,14,0.3333333333333333,False
assail,24,18,0.42857142857142855,False
backward,24,15,0.35714285714285715,False
ball,24,17,0.40476190476190477,False
ballad,24,11,0.2619047619047619,False
becam,24,16,0.38095238095238093,False
bequeath,24,12,0.2857142857142857,False
carv,24,17,0.40476190476190477,False
casket,24,6,0.14285714285714285,False
circl,24,15,0.35714285714285715,False
coron,24,10,0.23809523809523808,False
coxcomb,24,11,0.2619047619047619,False
dart,24,17,0.40476190476190477,False
deform,24,11,0.2619047619047619,False
disciplin,24,12,0.2857142857142857,False
eaten,24,15,0.35714285714285715,False
eleven,24,16,0.38095238095238093,False
employ,24,17,0.40476190476190477,False
enrich,24,17,0.40476190476190477,False
entranc,24,18,0.42857142857142855,False
examin,24,12,0.2857142857142857,False
exploit,24,17,0.40476190476190477,False
extend,24,16,0.38095238095238093,False
fan,24,16,0.38095238095238093,False
fantast,24,18,0.42857142857142855,False
feign,24,13,0.30952380952380953,False
flock,24,13,0.30952380952380953,False
forg,24,18,0.42857142857142855,False
forthwith,24,15,0.35714285714285715,False
fourteen,24,14,0.3333333333333333,False
gape,24,17,0.40476190476190477,False
gregori,24,5,0.11904761904761904,False
grove,24,12,0.2857142857142857,False
guiltless,24,14,0.3333333333333333,False
hippolyta,24,1,0.023809523809523808,False
hourli,24,17,0.40476190476190477,False
hush,24,18,0.42857142857142855,False
impress,24,18,0.42857142857142855,False
indign,24,14,0.3333333333333333,False
inn,24,9,0.21428571428571427,False
instantli,24,17,0.40476190476190477,False
juno,24,11,0.2619047619047619,False
meddl,24,15,0.35714285714285715,False
moe,24,14,0.3333333333333333,False
nightli,24,14,0.3333333333333333,False
overdon,24,2,0.047619047619047616,False
pandar,24,4,0.09523809523809523,False
parent,24,18,0.42857142857142855,False
patrician,24,2,0.047619047619047616,False
pledg,24,17,0.40476190476190477,False
poverti,24,17,0.40476190476190477,False
proclam,24,16,0.38095238095238093,False
propheci,24,14,0.3333333333333333,False
rack,24,17,0.40476190476190477,False
reviv,24,13,0.30952380952380953,False
rot,24,17,0.40476190476190477,False
sadli,24,19,0.4523809523809524,False
sheath,24,15,0.35714285714285715,False
sixth,24,14,0.3333333333333333,False
solicit,24,18,0.42857142857142855,False
straw,24,18,0.42857142857142855,False
tie,24,17,0.40476190476190477,False
treacheri,24,14,0.3333333333333333,False
wateri,24,18,0.42857142857142855,False
wring,24,17,0.40476190476190477,False
abat,23,16,0.38095238095238093,False
al,23,11,0.2619047619047619,False
arrow,23,15,0.35714285714285715,False
ash,23,16,0.38095238095238093,False
assai,23,16,0.38095238095238093,False
beneath,23,15,0.35714285714285715,False
beseem,23,15,0.35714285714285715,False
bide,23,16,0.38095238095238093,False
blanch,23,3,0.07142857142857142,False
bode,23,14,0.3333333333333333,False
brand,23,15,0.35714285714285715,False
bruis,23,17,0.40476190476190477,False
cassandra,23,1,0.023809523809523808,False
chafe,23,17,0.40476190476190477,False
commod,23,14,0.3333333333333333,False
consequ,23,16,0.38095238095238093,False
convert,23,12,0.2857142857142857,False
cord,23,13,0.30952380952380953,False
cuckoo,23,9,0.21428571428571427,False
deceas,23,14,0.3333333333333333,False
denmark,23,1,0.023809523809523808,False
dismal,23,12,0.2857142857142857,False
distemp,23,16,0.38095238095238093,False
dst,23,16,0.38095238095238093,False
enchant,23,16,0.38095238095238093,False
enmiti,23,17,0.40476190476190477,False
everlast,23,19,0.4523809523809524,False
fawn,23,16,0.38095238095238093,False
feat,23,16,0.38095238095238093,False
fountain,23,14,0.3333333333333333,False
gallow,23,14,0.3333333333333333,False
handl,23,15,0.35714285714285715,False
harvest,23,20,0.47619047619047616,False
helm,23,12,0.2857142857142857,False
herd,23,17,0.40476190476190477,False
hideou,23,17,0.40476190476190477,False
hose,23,13,0.30952380952380953,False
household,23,15,0.35714285714285715,False
insol,23,13,0.30952380952380953,False
kindl,23,16,0.38095238095238093,False
ladder,23,13,0.30952380952380953,False
lap,23,18,0.42857142857142855,False
legion,23,12,0.2857142857142857,False
lt,23,12,0.2857142857142857,False
madman,23,11,0.2619047619047619,False
mantua,23,3,0.07142857142857142,False
merrili,23,14,0.3333333333333333,False
million,23,17,0.40476190476190477,False
minion,23,16,0.38095238095238093,False
motiv,23,16,0.38095238095238093,False
mutual,23,18,0.42857142857142855,False
nearer,23,15,0.35714285714285715,False
neglig,23,14,0.3333333333333333,False
neptun,23,14,0.3333333333333333,False
nourish,23,18,0.42857142857142855,False
ought,23,17,0.40476190476190477,False
outliv,23,16,0.38095238095238093,False
peto,23,2,0.047619047619047616,False
pillow,23,16,0.38095238095238093,False
plenti,23,15,0.35714285714285715,False
pole,23,8,0.19047619047619047,False
pox,23,15,0.35714285714285715,False
produc,23,14,0.3333333333333333,False
properti,23,16,0.38095238095238093,False
purpl,23,15,0.35714285714285715,False
rear,23,16,0.38095238095238093,False
resid,23,15,0.35714285714285715,False
riot,23,13,0.30952380952380953,False
robb,23,14,0.3333333333333333,False
roll,23,14,0.3333333333333333,False
roof,23,20,0.47619047619047616,False
settl,23,18,0.42857142857142855,False
sire,23,16,0.38095238095238093,False
soundli,23,14,0.3333333333333333,False
statu,23,14,0.3333333333333333,False
suffic,23,16,0.38095238095238093,False
superflu,23,16,0.38095238095238093,False
sureti,23,14,0.3333333333333333,False
sustain,23,15,0.35714285714285715,False
swoon,23,17,0.40476190476190477,False
tri,23,17,0.40476190476190477,False
advers,22,17,0.40476190476190477,False
afoot,22,13,0.30952380952380953,False
alban,22,5,0.11904761904761904,False
appeal,22,11,0.2619047619047619,False
bereft,22,16,0.38095238095238093,False
bethink,22,17,0.40476190476190477,False
bliss,22,15,0.35714285714285715,False
block,22,12,0.2857142857142857,False
bona,22,4,0.09523809523809523,False
bondag,22,14,0.3333333333333333,False
bowel,22,10,0.23809523809523808,False
brethren,22,10,0.23809523809523808,False
burial,22,12,0.2857142857142857,False
campeiu,22,1,0.023809523809523808,False
chosen,22,13,0.30952380952380953,False
coffer,22,16,0.38095238095238093,False
cook,22,11,0.2619047619047619,False
corioli,22,1,0.023809523809523808,False
courteou,22,14,0.3333333333333333,False
curb,22,18,0.42857142857142855,False
dash,22,18,0.42857142857142855,False
diamond,22,13,0.30952380952380953,False
diest,22,16,0.38095238095238093,False
distil,22,15,0.35714285714285715,False
ebb,22,14,0.3333333333333333,False
endeavour,22,16,0.38095238095238093,False
entreati,22,15,0.35714285714285715,False
especi,22,14,0.3333333333333333,False
est,22,6,0.14285714285714285,False
excurs,22,9,0.21428571428571427,False
expens,22,15,0.35714285714285715,False
femal,22,14,0.3333333333333333,False
florenc,22,3,0.07142857142857142,False
forlorn,22,13,0.30952380952380953,False
frenchman,22,9,0.21428571428571427,False
glow,22,13,0.30952380952380953,False
greec,22,9,0.21428571428571427,False
hasti,22,16,0.38095238095238093,False
herb,22,13,0.30952380952380953,False
histori,22,17,0.40476190476190477,False
impedi,22,16,0.38095238095238093,False
indiffer,22,14,0.3333333333333333,False
ingratitud,22,13,0.30952380952380953,False
jot,22,17,0.40476190476190477,False
knaveri,22,14,0.3333333333333333,False
leonin,22,1,0.023809523809523808,False
loathsom,22,12,0.2857142857142857,False
manli,22,16,0.38095238095238093,False
mantl,22,15,0.35714285714285715,False
mistook,22,17,0.40476190476190477,False
mongst,22,13,0.30952380952380953,False
mous,22,14,0.3333333333333333,False
mysteri,22,11,0.2619047619047619,False
notwithstand,22,17,0.40476190476190477,False
nuptial,22,16,0.38095238095238093,False
nymph,22,9,0.21428571428571427,False
penit,22,14,0.3333333333333333,False
perjuri,22,11,0.2619047619047619,False
pernici,22,13,0.30952380952380953,False
persuas,22,18,0.42857142857142855,False
pot,22,14,0.3333333333333333,False
prime,22,13,0.30952380952380953,False
propos,22,16,0.38095238095238093,False
r,22,13,0.30952380952380953,False
reconcil,22,17,0.40476190476190477,False
rein,22,15,0.35714285714285715,False
relat,22,12,0.2857142857142857,False
repeat,22,15,0.35714285714285715,False
rib,22,13,0.30952380952380953,False
rope,22,8,0.19047619047619047,False
rousillon,22,1,0.023809523809523808,False
sampson,22,2,0.047619047619047616,False
simpcox,22,1,0.023809523809523808,False
sober,22,14,0.3333333333333333,False
spark,22,16,0.38095238095238093,False
speedi,22,16,0.38095238095238093,False
sphere,22,15,0.35714285714285715,False
strai,22,17,0.40476190476190477,False
strict,22,11,0.2619047619047619,False
style,22,11,0.2619047619047619,False
sung,22,14,0.3333333333333333,False
support,22,15,0.35714285714285715,False
swagger,22,8,0.19047619047619047,False
tarsu,22,1,0.023809523809523808,False
thread,22,17,0.40476190476190477,False
tyrrel,22,1,0.023809523809523808,False
valeria,22,1,0.023809523809523808,False
vanquish,22,15,0.35714285714285715,False
ventidiu,22,2,0.047619047619047616,False
wage,22,14,0.3333333333333333,False
youngest,22,13,0.30952380952380953,False
abbei,21,8,0.19047619047619047,False
adder,21,19,0.4523809523809524,False
address,21,18,0.42857142857142855,False
afar,21,16,0.38095238095238093,False
aloft,21,11,0.2619047619047619,False
anoint,21,13,0.30952380952380953,False
apprehens,21,20,0.47619047619047616,False
bachelor,21,16,0.38095238095238093,False
beastli,21,14,0.3333333333333333,False
beau,21,1,0.023809523809523808,False
boatswain,21,2,0.047619047619047616,False
bootless,21,16,0.38095238095238093,False
briefli,21,14,0.3333333333333333,False
broad,21,11,0.2619047619047619,False
broil,21,13,0.30952380952380953,False
brown,21,12,0.2857142857142857,False
buck,21,5,0.11904761904761904,False
built,21,18,0.42857142857142855,False
burnt,21,16,0.38095238095238093,False
cawdor,21,1,0.023809523809523808,False
corneliu,21,2,0.047619047619047616,False
courtezan,21,6,0.14285714285714285,False
covet,21,17,0.40476190476190477,False
defil,21,14,0.3333333333333333,False
departur,21,14,0.3333333333333333,False
dislik,21,17,0.40476190476190477,False
drawer,21,5,0.11904761904761904,False
droop,21,17,0.40476190476190477,False
eglamour,21,1,0.023809523809523808,False
err,21,14,0.3333333333333333,False
exclaim,21,13,0.30952380952380953,False
fallen,21,17,0.40476190476190477,False
famish,21,15,0.35714285714285715,False
filthi,21,12,0.2857142857142857,False
flaminiu,21,1,0.023809523809523808,False
fortinbra,21,1,0.023809523809523808,False
frail,21,16,0.38095238095238093,False
gage,21,7,0.16666666666666666,False
gossip,21,15,0.35714285714285715,False
hangman,21,12,0.2857142857142857,False
infami,21,11,0.2619047619047619,False
knowest,21,14,0.3333333333333333,False
linen,21,12,0.2857142857142857,False
liquor,21,13,0.30952380952380953,False
luci,21,2,0.047619047619047616,False
maker,21,12,0.2857142857142857,False
marbl,21,16,0.38095238095238093,False
middl,21,15,0.35714285714285715,False
moonshin,21,6,0.14285714285714285,False
mute,21,15,0.35714285714285715,False
narrow,21,16,0.38095238095238093,False
nigh,21,17,0.40476190476190477,False
nobler,21,14,0.3333333333333333,False
nobodi,21,12,0.2857142857142857,False
noon,21,16,0.38095238095238093,False
owner,21,16,0.38095238095238093,False
pang,21,13,0.30952380952380953,False
panthino,21,1,0.023809523809523808,False
parson,21,5,0.11904761904761904,False
path,21,19,0.4523809523809524,False
pattern,21,16,0.38095238095238093,False
pestil,21,13,0.30952380952380953,False
print,21,15,0.35714285714285715,False
proculeiu,21,1,0.023809523809523808,False
quak,21,17,0.40476190476190477,False
rat,21,12,0.2857142857142857,False
relish,21,17,0.40476190476190477,False
shirt,21,13,0.30952380952380953,False
shrewsburi,21,3,0.07142857142857142,False
shriek,21,15,0.35714285714285715,False
sickli,21,14,0.3333333333333333,False
snare,21,9,0.21428571428571427,False
sprite,21,12,0.2857142857142857,False
stafford,21,5,0.11904761904761904,False
stake,21,17,0.40476190476190477,False
stead,21,14,0.3333333333333333,False
stool,21,16,0.38095238095238093,False
stout,21,14,0.3333333333333333,False
sugar,21,15,0.35714285714285715,False
survei,21,16,0.38095238095238093,False
tenor,21,17,0.40476190476190477,False
undergo,21,15,0.35714285714285715,False
vision,21,13,0.30952380952380953,False
whit,21,16,0.38095238095238093,False
wi,21,14,0.3333333333333333,False
wil,21,17,0.40476190476190477,False
zound,21,6,0.14285714285714285,False
abhorson,20,1,0.023809523809523808,False
abomin,20,16,0.38095238095238093,False
accompani,20,12,0.2857142857142857,False
ado,20,16,0.38095238095238093,False
adoni,20,4,0.09523809523809523,False
adversari,20,11,0.2619047619047619,False
aloof,20,13,0.30952380952380953,False
ascend,20,13,0.30952380952380953,False
babi,20,14,0.3333333333333333,False
badg,20,14,0.3333333333333333,False
balm,20,16,0.38095238095238093,False
bowl,20,15,0.35714285714285715,False
brass,20,13,0.30952380952380953,False
briton,20,1,0.023809523809523808,False
bulli,20,4,0.09523809523809523,False
chid,20,16,0.38095238095238093,False
comment,20,12,0.2857142857142857,False
consort,20,13,0.30952380952380953,False
cradl,20,18,0.42857142857142855,False
cruelti,20,14,0.3333333333333333,False
descript,20,14,0.3333333333333333,False
dragon,20,16,0.38095238095238093,False
dri,20,17,0.40476190476190477,False
enrag,20,14,0.3333333333333333,False
errand,20,15,0.35714285714285715,False
fantasi,20,11,0.2619047619047619,False
featur,20,14,0.3333333333333333,False
fellowship,20,16,0.38095238095238093,False
fenc,20,13,0.30952380952380953,False
flute,20,2,0.047619047619047616,False
fowl,20,13,0.30952380952380953,False
frai,20,12,0.2857142857142857,False
glanc,20,16,0.38095238095238093,False
grossli,20,16,0.38095238095238093,False
harmless,20,10,0.23809523809523808,False
heal,20,18,0.42857142857142855,False
heinou,20,9,0.21428571428571427,False
hume,20,1,0.023809523809523808,False
imit,20,15,0.35714285714285715,False
jar,20,13,0.30952380952380953,False
jump,20,17,0.40476190476190477,False
liar,20,14,0.3333333333333333,False
lung,20,13,0.30952380952380953,False
lute,20,12,0.2857142857142857,False
meanest,20,14,0.3333333333333333,False
meed,20,14,0.3333333333333333,False
member,20,10,0.23809523809523808,False
montjoi,20,1,0.023809523809523808,False
moreov,20,14,0.3333333333333333,False
mould,20,17,0.40476190476190477,False
mouldi,20,2,0.047619047619047616,False
napkin,20,13,0.30952380952380953,False
ned,20,4,0.09523809523809523,False
omit,20,16,0.38095238095238093,False
orb,20,15,0.35714285714285715,False
philario,20,1,0.023809523809523808,False
plight,20,15,0.35714285714285715,False
quintu,20,2,0.047619047619047616,False
rape,20,5,0.11904761904761904,False
regent,20,5,0.11904761904761904,False
rehears,20,10,0.23809523809523808,False
relent,20,9,0.21428571428571427,False
reproof,20,14,0.3333333333333333,False
restrain,20,17,0.40476190476190477,False
richer,20,15,0.35714285714285715,False
road,20,13,0.30952380952380953,False
rub,20,14,0.3333333333333333,False
ruffian,20,16,0.38095238095238093,False
sauc,20,15,0.35714285714285715,False
serviliu,20,1,0.023809523809523808,False
sex,20,16,0.38095238095238093,False
shroud,20,14,0.3333333333333333,False
skull,20,8,0.19047619047619047,False
somewhat,20,14,0.3333333333333333,False
squir,20,14,0.3333333333333333,False
stuck,20,16,0.38095238095238093,False
succe,20,13,0.30952380952380953,False
sullen,20,14,0.3333333333333333,False
talent,20,6,0.14285714285714285,False
thyreu,20,1,0.023809523809523808,False
tyrann,20,15,0.35714285714285715,False
univers,20,15,0.35714285714285715,False
utmost,20,15,0.35714285714285715,False
vapour,20,14,0.3333333333333333,False
vouch,20,11,0.2619047619047619,False
worser,20,14,0.3333333333333333,False
wrestl,20,5,0.11904761904761904,False
alexandria,19,1,0.023809523809523808,False
april,19,15,0.35714285714285715,False
aspir,19,16,0.38095238095238093,False
blemish,19,10,0.23809523809523808,False
blossom,19,15,0.35714285714285715,False
bounteou,19,11,0.2619047619047619,False
celesti,19,14,0.3333333333333333,False
champion,19,11,0.2619047619047619,False
charit,19,14,0.3333333333333333,False
chastis,19,12,0.2857142857142857,False
chest,19,13,0.30952380952380953,False
chose,19,13,0.30952380952380953,False
chronicl,19,15,0.35714285714285715,False
coffin,19,11,0.2619047619047619,False
collect,19,12,0.2857142857142857,False
complet,19,13,0.30952380952380953,False
copi,19,15,0.35714285714285715,False
countryman,19,13,0.30952380952380953,False
crab,19,12,0.2857142857142857,False
crush,19,15,0.35714285714285715,False
curiou,19,16,0.38095238095238093,False
defeat,19,11,0.2619047619047619,False
disord,19,11,0.2619047619047619,False
dissolv,19,12,0.2857142857142857,False
dower,19,8,0.19047619047619047,False
drift,19,13,0.30952380952380953,False
driven,19,14,0.3333333333333333,False
drunkard,19,13,0.30952380952380953,False
dure,19,14,0.3333333333333333,False
emul,19,9,0.21428571428571427,False
evid,19,15,0.35714285714285715,False
execution,19,8,0.19047619047619047,False
expir,19,14,0.3333333333333333,False
fang,19,9,0.21428571428571427,False
finish,19,15,0.35714285714285715,False
frenchmen,19,5,0.11904761904761904,False
fulfil,19,12,0.2857142857142857,False
gavest,19,14,0.3333333333333333,False
giant,19,14,0.3333333333333333,False
hack,19,10,0.23809523809523808,False
halt,19,14,0.3333333333333333,False
haven,19,6,0.14285714285714285,False
holp,19,14,0.3333333333333333,False
hook,19,11,0.2619047619047619,False
hunger,19,14,0.3333333333333333,False
inhabit,19,12,0.2857142857142857,False
integr,19,12,0.2857142857142857,False
latter,19,14,0.3333333333333333,False
lief,19,14,0.3333333333333333,False
lofti,19,15,0.35714285714285715,False
lowli,19,14,0.3333333333333333,False
mamilliu,19,1,0.023809523809523808,False
manifest,19,12,0.2857142857142857,False
mankind,19,9,0.21428571428571427,False
mart,19,8,0.19047619047619047,False
martiu,19,1,0.023809523809523808,False
meal,19,14,0.3333333333333333,False
medit,19,12,0.2857142857142857,False
milford,19,2,0.047619047619047616,False
neigh,19,12,0.2857142857142857,False
overthrow,19,14,0.3333333333333333,False
penanc,19,9,0.21428571428571427,False
period,19,14,0.3333333333333333,False
pile,19,10,0.23809523809523808,False
pindaru,19,1,0.023809523809523808,False
plainli,19,14,0.3333333333333333,False
pope,19,4,0.09523809523809523,False
proverb,19,14,0.3333333333333333,False
pursuit,19,13,0.30952380952380953,False
reap,19,15,0.35714285714285715,False
recount,19,14,0.3333333333333333,False
religion,19,15,0.35714285714285715,False
renew,19,14,0.3333333333333333,False
repeal,19,10,0.23809523809523808,False
rod,19,13,0.30952380952380953,False
safer,19,14,0.3333333333333333,False
savour,19,12,0.2857142857142857,False
scaru,19,1,0.023809523809523808,False
scourg,19,10,0.23809523809523808,False
sergeant,19,5,0.11904761904761904,False
size,19,15,0.35714285714285715,False
spectacl,19,13,0.30952380952380953,False
stumbl,19,13,0.30952380952380953,False
theft,19,16,0.38095238095238093,False
toe,19,13,0.30952380952380953,False
tonight,19,14,0.3333333333333333,False
transport,19,14,0.3333333333333333,False
unlik,19,13,0.30952380952380953,False
upbraid,19,14,0.3333333333333333,False
veil,19,15,0.35714285714285715,False
violenc,19,12,0.2857142857142857,False
welkin,19,13,0.30952380952380953,False
wherebi,19,12,0.2857142857142857,False
worthless,19,12,0.2857142857142857,False
yard,19,12,0.2857142857142857,False
abund,18,11,0.2619047619047619,False
accomplish,18,14,0.3333333333333333,False
altar,18,14,0.3333333333333333,False
anchor,18,14,0.3333333333333333,False
arch,18,16,0.38095238095238093,False
assum,18,10,0.23809523809523808,False
attach,18,12,0.2857142857142857,False
bagot,18,1,0.023809523809523808,False
bald,18,11,0.2619047619047619,False
beadl,18,8,0.19047619047619047,False
beli,18,11,0.2619047619047619,False
blank,18,13,0.30952380952380953,False
boat,18,14,0.3333333333333333,False
boil,18,12,0.2857142857142857,False
brace,18,13,0.30952380952380953,False
buckl,18,11,0.2619047619047619,False
cambridg,18,3,0.07142857142857142,False
canidiu,18,1,0.023809523809523808,False
caphi,18,1,0.023809523809523808,False
careless,18,16,0.38095238095238093,False
cesario,18,1,0.023809523809523808,False
choru,18,5,0.11904761904761904,False
christendom,18,10,0.23809523809523808,False
club,18,9,0.21428571428571427,False
combin,18,14,0.3333333333333333,False
confeder,18,12,0.2857142857142857,False
contempl,18,14,0.3333333333333333,False
contin,18,14,0.3333333333333333,False
crystal,18,13,0.30952380952380953,False
dalli,18,11,0.2619047619047619,False
dedic,18,16,0.38095238095238093,False
deepli,18,14,0.3333333333333333,False
descent,18,13,0.30952380952380953,False
desol,18,14,0.3333333333333333,False
dig,18,13,0.30952380952380953,False
discoveri,18,17,0.40476190476190477,False
dismai,18,12,0.2857142857142857,False
drowsi,18,14,0.3333333333333333,False
egyptian,18,4,0.09523809523809523,False
enlarg,18,15,0.35714285714285715,False
exact,18,12,0.2857142857142857,False
fade,18,13,0.30952380952380953,False
faster,18,15,0.35714285714285715,False
fertil,18,14,0.3333333333333333,False
fooleri,18,13,0.30952380952380953,False
frost,18,14,0.3333333333333333,False
fulvia,18,1,0.023809523809523808,False
german,18,14,0.3333333333333333,False
gore,18,14,0.3333333333333333,False
grandfath,18,9,0.21428571428571427,False
gripe,18,14,0.3333333333333333,False
growth,18,11,0.2619047619047619,False
handsom,18,15,0.35714285714285715,False
hiss,18,13,0.30952380952380953,False
homag,18,14,0.3333333333333333,False
ic,18,14,0.3333333333333333,False
insult,18,13,0.30952380952380953,False
juda,18,3,0.07142857142857142,False
kinsmen,18,10,0.23809523809523808,False
lamp,18,12,0.2857142857142857,False
leaden,18,12,0.2857142857142857,False
lecheri,18,8,0.19047619047619047,False
leek,18,2,0.047619047619047616,False
likelihood,18,13,0.30952380952380953,False
lychorida,18,1,0.023809523809523808,False
mardian,18,1,0.023809523809523808,False
metellu,18,1,0.023809523809523808,False
neat,18,10,0.23809523809523808,False
noblest,18,11,0.2619047619047619,False
oblivion,18,15,0.35714285714285715,False
penc,18,12,0.2857142857142857,False
phoebu,18,14,0.3333333333333333,False
pilgrimag,18,13,0.30952380952380953,False
publish,18,15,0.35714285714285715,False
qualifi,18,14,0.3333333333333333,False
que,18,2,0.047619047619047616,False
rang,18,16,0.38095238095238093,False
reynaldo,18,1,0.023809523809523808,False
riddl,18,13,0.30952380952380953,False
rue,18,10,0.23809523809523808,False
sennet,18,12,0.2857142857142857,False
sepulchr,18,13,0.30952380952380953,False
sexton,18,5,0.11904761904761904,False
shrink,18,15,0.35714285714285715,False
silken,18,14,0.3333333333333333,False
snout,18,2,0.047619047619047616,False
squar,18,10,0.23809523809523808,False
substitut,18,11,0.2619047619047619,False
tapster,18,9,0.21428571428571427,False
tavern,18,9,0.21428571428571427,False
tax,18,9,0.21428571428571427,False
thereto,18,15,0.35714285714285715,False
trusti,18,13,0.30952380952380953,False
tubal,18,1,0.023809523809523808,False
tumbl,18,15,0.35714285714285715,False
usur,18,9,0.21428571428571427,False
velvet,18,10,0.23809523809523808,False
violet,18,13,0.30952380952380953,False
whatsoev,18,15,0.35714285714285715,False
whereat,18,10,0.23809523809523808,False
whistl,18,12,0.2857142857142857,False
witchcraft,18,13,0.30952380952380953,False
wolv,18,13,0.30952380952380953,False
agu,17,13,0.30952380952380953,False
allai,17,12,0.2857142857142857,False
anjou,17,3,0.07142857142857142,False
apparit,17,7,0.16666666666666666,False
appl,17,12,0.2857142857142857,False
arrai,17,12,0.2857142857142857,False
avaunt,17,16,0.38095238095238093,False
bankrupt,17,13,0.30952380952380953,False
besieg,17,11,0.2619047619047619,False
boldli,17,12,0.2857142857142857,False
bridegroom,17,9,0.21428571428571427,False
bulk,17,15,0.35714285714285715,False
capabl,17,13,0.30952380952380953,False
churlish,17,10,0.23809523809523808,False
cimber,17,1,0.023809523809523808,False
clai,17,13,0.30952380952380953,False
cleomen,17,1,0.023809523809523808,False
compact,17,13,0.30952380952380953,False
comparison,17,10,0.23809523809523808,False
constrain,17,13,0.30952380952380953,False
cowardli,17,11,0.2619047619047619,False
crept,17,12,0.2857142857142857,False
dilig,17,10,0.23809523809523808,False
dole,17,14,0.3333333333333333,False
dover,17,3,0.07142857142857142,False
duck,17,13,0.30952380952380953,False
empir,17,9,0.21428571428571427,False
entir,17,13,0.30952380952380953,False
epitaph,17,12,0.2857142857142857,False
excess,17,14,0.3333333333333333,False
happier,17,12,0.2857142857142857,False
hatr,17,9,0.21428571428571427,False
hawk,17,12,0.2857142857142857,False
hearer,17,12,0.2857142857142857,False
heigh,17,7,0.16666666666666666,False
hind,17,14,0.3333333333333333,False
horrid,17,9,0.21428571428571427,False
humil,17,10,0.23809523809523808,False
hunter,17,9,0.21428571428571427,False
iden,17,1,0.023809523809523808,False
idli,17,12,0.2857142857142857,False
ingrat,17,10,0.23809523809523808,False
instead,17,11,0.2619047619047619,False
instinct,17,8,0.19047619047619047,False
kite,17,11,0.2619047619047619,False
leader,17,12,0.2857142857142857,False
leaf,17,12,0.2857142857142857,False
luce,17,6,0.14285714285714285,False
madli,17,12,0.2857142857142857,False
maidenhead,17,11,0.2619047619047619,False
mangl,17,12,0.2857142857142857,False
melodi,17,10,0.23809523809523808,False
mercuri,17,13,0.30952380952380953,False
moieti,17,14,0.3333333333333333,False
monmouth,17,4,0.09523809523809523,False
mopsa,17,1,0.023809523809523808,False
nobleman,17,11,0.2619047619047619,False
notori,17,10,0.23809523809523808,False
nuncl,17,1,0.023809523809523808,False
outsid,17,12,0.2857142857142857,False
palat,17,10,0.23809523809523808,False
parentag,17,7,0.16666666666666666,False
payment,17,14,0.3333333333333333,False
planet,17,12,0.2857142857142857,False
pleaseth,17,13,0.30952380952380953,False
plume,17,15,0.35714285714285715,False
pomfret,17,5,0.11904761904761904,False
poster,17,11,0.2619047619047619,False
prodigi,17,13,0.30952380952380953,False
race,17,15,0.35714285714285715,False
raze,17,12,0.2857142857142857,False
rend,17,16,0.38095238095238093,False
resort,17,13,0.30952380952380953,False
ridicul,17,11,0.2619047619047619,False
rival,17,10,0.23809523809523808,False
rode,17,10,0.23809523809523808,False
scarf,17,11,0.2619047619047619,False
secreci,17,13,0.30952380952380953,False
shelter,17,13,0.30952380952380953,False
shill,17,11,0.2619047619047619,False
smallest,17,15,0.35714285714285715,False
snake,17,9,0.21428571428571427,False
sow,17,14,0.3333333333333333,False
spell,17,12,0.2857142857142857,False
stiff,17,14,0.3333333333333333,False
stink,17,12,0.2857142857142857,False
strangl,17,13,0.30952380952380953,False
succor,17,10,0.23809523809523808,False
swim,17,10,0.23809523809523808,False
taunt,17,10,0.23809523809523808,False
thursdai,17,3,0.07142857142857142,False
trebl,17,13,0.30952380952380953,False
trot,17,9,0.21428571428571427,False
trow,17,13,0.30952380952380953,False
vizard,17,8,0.19047619047619047,False
wart,17,5,0.11904761904761904,False
aemelia,16,1,0.023809523809523808,False
allianc,16,9,0.21428571428571427,False
amien,16,1,0.023809523809523808,False
ampl,16,11,0.2619047619047619,False
angier,16,2,0.047619047619047616,False
applaus,16,11,0.2619047619047619,False
attain,16,14,0.3333333333333333,False
avouch,16,11,0.2619047619047619,False
bail,16,6,0.14285714285714285,False
barr,16,13,0.30952380952380953,False
batter,16,13,0.30952380952380953,False
batteri,16,13,0.30952380952380953,False
bearer,16,13,0.30952380952380953,False
bestrid,16,13,0.30952380952380953,False
blade,16,9,0.21428571428571427,False
blaze,16,12,0.2857142857142857,False
boister,16,11,0.2619047619047619,False
bough,16,12,0.2857142857142857,False
breakfast,16,11,0.2619047619047619,False
bridg,16,8,0.19047619047619047,False
brier,16,11,0.2619047619047619,False
calpurnia,16,1,0.023809523809523808,False
canopi,16,13,0.30952380952380953,False
car,16,12,0.2857142857142857,False
chat,16,11,0.2619047619047619,False
cheap,16,11,0.2619047619047619,False
cloudi,16,13,0.30952380952380953,False
colevil,16,1,0.023809523809523808,False
composit,16,12,0.2857142857142857,False
cowardic,16,11,0.2619047619047619,False
displai,16,13,0.30952380952380953,False
drag,16,9,0.21428571428571427,False
dram,16,10,0.23809523809523808,False
drug,16,9,0.21428571428571427,False
ecstasi,16,10,0.23809523809523808,False
eloqu,16,14,0.3333333333333333,False
embassi,16,10,0.23809523809523808,False
enfranchis,16,13,0.30952380952380953,False
envoi,16,1,0.023809523809523808,False
falcon,16,13,0.30952380952380953,False
fasten,16,12,0.2857142857142857,False
faulconbridg,16,1,0.023809523809523808,False
fifteen,16,9,0.21428571428571427,False
folk,16,12,0.2857142857142857,False
frailti,16,12,0.2857142857142857,False
francisco,16,3,0.07142857142857142,False
gentri,16,11,0.2619047619047619,False
gilt,16,12,0.2857142857142857,False
girdl,16,14,0.3333333333333333,False
gladli,16,14,0.3333333333333333,False
goat,16,10,0.23809523809523808,False
grudg,16,11,0.2619047619047619,False
hale,16,12,0.2857142857142857,False
highli,16,11,0.2619047619047619,False
hip,16,11,0.2619047619047619,False
holidai,16,10,0.23809523809523808,False
holland,16,5,0.11904761904761904,False
huntsman,16,5,0.11904761904761904,False
il,16,3,0.07142857142857142,False
inconst,16,12,0.2857142857142857,False
juliu,16,8,0.19047619047619047,False
languish,16,12,0.2857142857142857,False
lewd,16,14,0.3333333333333333,False
livest,16,14,0.3333333333333333,False
map,16,13,0.30952380952380953,False
marin,16,4,0.09523809523809523,False
mightili,16,12,0.2857142857142857,False
misfortun,16,10,0.23809523809523808,False
mockeri,16,15,0.35714285714285715,False
nell,16,6,0.14285714285714285,False
obsequi,16,11,0.2619047619047619,False
oil,16,14,0.3333333333333333,False
pageant,16,13,0.30952380952380953,False
pastim,16,12,0.2857142857142857,False
peradventur,16,11,0.2619047619047619,False
permit,16,13,0.30952380952380953,False
pigeon,16,6,0.14285714285714285,False
polit,16,13,0.30952380952380953,False
pregnant,16,10,0.23809523809523808,False
presag,16,13,0.30952380952380953,False
quicken,16,13,0.30952380952380953,False
raw,16,15,0.35714285714285715,False
recreant,16,10,0.23809523809523808,False
reprov,16,12,0.2857142857142857,False
richli,16,11,0.2619047619047619,False
san,16,9,0.21428571428571427,False
sap,16,11,0.2619047619047619,False
saturnin,16,1,0.023809523809523808,False
scant,16,10,0.23809523809523808,False
scold,16,11,0.2619047619047619,False
scroll,16,11,0.2619047619047619,False
shop,16,12,0.2857142857142857,False
sparrow,16,11,0.2619047619047619,False
spider,16,12,0.2857142857142857,False
statut,16,11,0.2619047619047619,False
surgeon,16,12,0.2857142857142857,False
surveyor,16,3,0.07142857142857142,False
surviv,16,8,0.19047619047619047,False
sweep,16,11,0.2619047619047619,False
tardi,16,13,0.30952380952380953,False
testimoni,16,11,0.2619047619047619,False
thaliard,16,1,0.023809523809523808,False
topa,16,1,0.023809523809523808,False
torn,16,14,0.3333333333333333,False
toss,16,13,0.30952380952380953,False
tragic,16,11,0.2619047619047619,False
transgress,16,11,0.2619047619047619,False
translat,16,11,0.2619047619047619,False
treboniu,16,1,0.023809523809523808,False
truer,16,14,0.3333333333333333,False
tween,16,12,0.2857142857142857,False
unarm,16,4,0.09523809523809523,False
underneath,16,13,0.30952380952380953,False
vast,16,13,0.30952380952380953,False
ve,16,10,0.23809523809523808,False
wayward,16,14,0.3333333333333333,False
weal,16,9,0.21428571428571427,False
westminst,16,6,0.14285714285714285,False
witti,16,14,0.3333333333333333,False
woeful,16,11,0.2619047619047619,False
wooer,16,11,0.2619047619047619,False
abil,15,11,0.2619047619047619,False
afor,15,10,0.23809523809523808,False
alm,15,13,0.30952380952380953,False
amain,15,9,0.21428571428571427,False
antenor,15,1,0.023809523809523808,False
applaud,15,10,0.23809523809523808,False
arbitr,15,14,0.3333333333333333,False
arrant,15,7,0.16666666666666666,False
asund,15,13,0.30952380952380953,False
attent,15,14,0.3333333333333333,False
auvergn,15,1,0.023809523809523808,False
bead,15,13,0.30952380952380953,False
beef,15,10,0.23809523809523808,False
bigger,15,11,0.2619047619047619,False
bigot,15,1,0.023809523809523808,False
bit,15,13,0.30952380952380953,False
brake,15,8,0.19047619047619047,False
broach,15,12,0.2857142857142857,False
carrion,15,11,0.2619047619047619,False
cedar,15,11,0.2619047619047619,False
channel,15,12,0.2857142857142857,False
chatillon,15,2,0.047619047619047616,False
chiefest,15,12,0.2857142857142857,False
childish,15,11,0.2619047619047619,False
chop,15,11,0.2619047619047619,False
churchyard,15,7,0.16666666666666666,False
cicero,15,1,0.023809523809523808,False
cleav,15,13,0.30952380952380953,False
coldli,15,10,0.23809523809523808,False
compliment,15,11,0.2619047619047619,False
compos,15,12,0.2857142857142857,False
consecr,15,12,0.2857142857142857,False
cope,15,14,0.3333333333333333,False
crimson,15,11,0.2619047619047619,False
crutch,15,13,0.30952380952380953,False
cull,15,11,0.2619047619047619,False
debtor,15,11,0.2619047619047619,False
deem,15,12,0.2857142857142857,False
detain,15,12,0.2857142857142857,False
dial,15,11,0.2619047619047619,False
discern,15,11,0.2619047619047619,False
dispens,15,9,0.21428571428571427,False
displeas,15,14,0.3333333333333333,False
disprais,15,11,0.2619047619047619,False
donalbain,15,1,0.023809523809523808,False
earn,15,10,0.23809523809523808,False
echo,15,10,0.23809523809523808,False
egeu,15,1,0.023809523809523808,False
engin,15,10,0.23809523809523808,False
eunuch,15,9,0.21428571428571427,False
eyelid,15,11,0.2619047619047619,False
fathom,15,11,0.2619047619047619,False
flaw,15,13,0.30952380952380953,False
fleanc,15,1,0.023809523809523808,False
forgotten,15,11,0.2619047619047619,False
frantic,15,12,0.2857142857142857,False
furiou,15,12,0.2857142857142857,False
gorg,15,12,0.2857142857142857,False
grand,15,11,0.2619047619047619,False
grate,15,13,0.30952380952380953,False
graviti,15,13,0.30952380952380953,False
gust,15,13,0.30952380952380953,False
gut,15,7,0.16666666666666666,False
hag,15,9,0.21428571428571427,False
haughti,15,7,0.16666666666666666,False
hautboi,15,9,0.21428571428571427,False
hecuba,15,6,0.14285714285714285,False
highest,15,12,0.2857142857142857,False
holla,15,10,0.23809523809523808,False
husbandri,15,13,0.30952380952380953,False
impart,15,9,0.21428571428571427,False
impeach,15,12,0.2857142857142857,False
impud,15,10,0.23809523809523808,False
inflam,15,11,0.2619047619047619,False
inspir,15,11,0.2619047619047619,False
interchang,15,12,0.2857142857142857,False
interrupt,15,12,0.2857142857142857,False
invest,15,10,0.23809523809523808,False
knighthood,15,9,0.21428571428571427,False
lackei,15,11,0.2619047619047619,False
lane,15,9,0.21428571428571427,False
lascivi,15,12,0.2857142857142857,False
latest,15,13,0.30952380952380953,False
lawyer,15,10,0.23809523809523808,False
lucullu,15,1,0.023809523809523808,False
maladi,15,13,0.30952380952380953,False
male,15,10,0.23809523809523808,False
malici,15,10,0.23809523809523808,False
mansion,15,10,0.23809523809523808,False
meaner,15,13,0.30952380952380953,False
mi,15,8,0.19047619047619047,False
model,15,9,0.21428571428571427,False
moodi,15,11,0.2619047619047619,False
muddi,15,11,0.2619047619047619,False
mutiu,15,1,0.023809523809523808,False
naughti,15,10,0.23809523809523808,False
net,15,11,0.2619047619047619,False
non,15,11,0.2619047619047619,False
norwai,15,2,0.047619047619047616,False
notabl,15,9,0.21428571428571427,False
organ,15,13,0.30952380952380953,False
parl,15,10,0.23809523809523808,False
philippi,15,2,0.047619047619047616,False
privi,15,12,0.2857142857142857,False
profound,15,12,0.2857142857142857,False
progress,15,13,0.30952380952380953,False
ram,15,10,0.23809523809523808,False
reek,15,13,0.30952380952380953,False
reform,15,11,0.2619047619047619,False
rheum,15,13,0.30952380952380953,False
seduc,15,13,0.30952380952380953,False
separ,15,14,0.3333333333333333,False
servil,15,10,0.23809523809523808,False
shaft,15,12,0.2857142857142857,False
shrew,15,7,0.16666666666666666,False
sicilia,15,2,0.047619047619047616,False
sincer,15,11,0.2619047619047619,False
slack,15,13,0.30952380952380953,False
speechless,15,13,0.30952380952380953,False
stabb,15,6,0.14285714285714285,False
stirr,15,14,0.3333333333333333,False
stratagem,15,10,0.23809523809523808,False
strengthen,15,12,0.2857142857142857,False
submiss,15,10,0.23809523809523808,False
sunder,15,13,0.30952380952380953,False
sweeter,15,13,0.30952380952380953,False
text,15,10,0.23809523809523808,False
thigh,15,12,0.2857142857142857,False
thinkest,15,11,0.2619047619047619,False
thumb,15,7,0.16666666666666666,False
truce,15,6,0.14285714285714285,False
unruli,15,12,0.2857142857142857,False
vari,15,9,0.21428571428571427,False
victor,15,10,0.23809523809523808,False
volum,15,14,0.3333333333333333,False
waist,15,13,0.30952380952380953,False
wednesdai,15,9,0.21428571428571427,False
whereupon,15,11,0.2619047619047619,False
wiser,15,10,0.23809523809523808,False
worldli,15,11,0.2619047619047619,False
wrangl,15,13,0.30952380952380953,False
adopt,14,12,0.2857142857142857,False
adrian,14,2,0.047619047619047616,False
agent,14,13,0.30952380952380953,False
albeit,14,12,0.2857142857142857,False
alli,14,11,0.2619047619047619,False
annoi,14,11,0.2619047619047619,False
approb,14,10,0.23809523809523808,False
banner,14,10,0.23809523809523808,False
basest,14,10,0.23809523809523808,False
bawdi,14,11,0.2619047619047619,False
belief,14,11,0.2619047619047619,False
belmont,14,1,0.023809523809523808,False
berri,14,8,0.19047619047619047,False
bevi,14,3,0.07142857142857142,False
butter,14,5,0.11904761904761904,False
caitiff,14,9,0.21428571428571427,False
calcha,14,1,0.023809523809523808,False
cancel,14,12,0.2857142857142857,False
capit,14,10,0.23809523809523808,False
carlisl,14,1,0.023809523809523808,False
cato,14,3,0.07142857142857142,False
celebr,14,11,0.2619047619047619,False
chees,14,8,0.19047619047619047,False
chiefli,14,13,0.30952380952380953,False
clitu,14,1,0.023809523809523808,False
cloi,14,11,0.2619047619047619,False
cobweb,14,3,0.07142857142857142,False
cornet,14,5,0.11904761904761904,False
crop,14,10,0.23809523809523808,False
curl,14,13,0.30952380952380953,False
cushion,14,9,0.21428571428571427,False
damnat,14,11,0.2619047619047619,False
deeper,14,12,0.2857142857142857,False
devilish,14,9,0.21428571428571427,False
disput,14,12,0.2857142857142857,False
distinguish,14,13,0.30952380952380953,False
dorca,14,1,0.023809523809523808,False
dropp,14,12,0.2857142857142857,False
dunsinan,14,1,0.023809523809523808,False
educ,14,8,0.19047619047619047,False
emin,14,9,0.21428571428571427,False
epilogu,14,8,0.19047619047619047,False
ew,14,8,0.19047619047619047,False
fact,14,11,0.2619047619047619,False
florentin,14,4,0.09523809523809523,False
foam,14,11,0.2619047619047619,False
frank,14,10,0.23809523809523808,False
freez,14,10,0.23809523809523808,False
frenzi,14,11,0.2619047619047619,False
futur,14,13,0.30952380952380953,False
gloss,14,12,0.2857142857142857,False
goodman,14,10,0.23809523809523808,False
grape,14,10,0.23809523809523808,False
hammer,14,12,0.2857142857142857,False
heavier,14,10,0.23809523809523808,False
hew,14,9,0.21428571428571427,False
impos,14,12,0.2857142857142857,False
industri,14,12,0.2857142857142857,False
infus,14,13,0.30952380952380953,False
iniqu,14,10,0.23809523809523808,False
interim,14,13,0.30952380952380953,False
italian,14,7,0.16666666666666666,False
jerkin,14,7,0.16666666666666666,False
justifi,14,9,0.21428571428571427,False
lace,14,11,0.2619047619047619,False
leas,14,9,0.21428571428571427,False
ligariu,14,1,0.023809523809523808,False
lunat,14,9,0.21428571428571427,False
lustr,14,12,0.2857142857142857,False
luxuri,14,12,0.2857142857142857,False
magic,14,8,0.19047619047619047,False
merriment,14,9,0.21428571428571427,False
mess,14,12,0.2857142857142857,False
mirror,14,13,0.30952380952380953,False
misus,14,9,0.21428571428571427,False
muffl,14,10,0.23809523809523808,False
mytilen,14,1,0.023809523809523808,False
needl,14,10,0.23809523809523808,False
nettl,14,12,0.2857142857142857,False
ordain,14,10,0.23809523809523808,False
pant,14,11,0.2619047619047619,False
penalti,14,6,0.14285714285714285,False
philosophi,14,8,0.19047619047619047,False
phoenix,14,11,0.2619047619047619,False
pike,14,10,0.23809523809523808,False
pisa,14,1,0.023809523809523808,False
plate,14,9,0.21428571428571427,False
plough,14,10,0.23809523809523808,False
princip,14,9,0.21428571428571427,False
proffer,14,9,0.21428571428571427,False
project,14,10,0.23809523809523808,False
proudest,14,10,0.23809523809523808,False
puff,14,10,0.23809523809523808,False
pupil,14,11,0.2619047619047619,False
quantiti,14,10,0.23809523809523808,False
receipt,14,12,0.2857142857142857,False
releas,14,9,0.21428571428571427,False
relief,14,14,0.3333333333333333,False
rent,14,13,0.30952380952380953,False
ripen,14,13,0.30952380952380953,False
rouen,14,2,0.047619047619047616,False
rout,14,11,0.2619047619047619,False
rust,14,14,0.3333333333333333,False
salv,14,8,0.19047619047619047,False
scarlet,14,11,0.2619047619047619,False
scour,14,10,0.23809523809523808,False
shorten,14,10,0.23809523809523808,False
simplic,14,8,0.19047619047619047,False
smith,14,4,0.09523809523809523,False
spear,14,8,0.19047619047619047,False
stalk,14,11,0.2619047619047619,False
submit,14,10,0.23809523809523808,False
suborn,14,11,0.2619047619047619,False
succeed,14,10,0.23809523809523808,False
surg,14,11,0.2619047619047619,False
surmis,14,12,0.2857142857142857,False
syllabl,14,10,0.23809523809523808,False
thorough,14,8,0.19047619047619047,False
traffic,14,11,0.2619047619047619,False
triumphant,14,9,0.21428571428571427,False
trod,14,10,0.23809523809523808,False
truant,14,11,0.2619047619047619,False
upward,14,10,0.23809523809523808,False
violat,14,11,0.2619047619047619,False
weaker,14,13,0.30952380952380953,False
weighti,14,6,0.14285714285714285,False
whelp,14,10,0.23809523809523808,False
whitmor,14,1,0.023809523809523808,False
whoever,14,11,0.2619047619047619,False
willoughbi,14,1,0.023809523809523808,False
wisest,14,10,0.23809523809523808,False
withhold,14,12,0.2857142857142857,False
worthier,14,12,0.2857142857142857,False
worthili,14,10,0.23809523809523808,False
abject,13,10,0.23809523809523808,False
acquit,13,9,0.21428571428571427,False
adorn,13,11,0.2619047619047619,False
advertis,13,9,0.21428571428571427,False
aemiliu,13,1,0.023809523809523808,False
airi,13,9,0.21428571428571427,False
arra,13,7,0.16666666666666666,False
ashor,13,8,0.19047619047619047,False
attaint,13,9,0.21428571428571427,False
attornei,13,10,0.23809523809523808,False
ban,13,8,0.19047619047619047,False
beaufort,13,2,0.047619047619047616,False
befit,13,10,0.23809523809523808,False
bench,13,11,0.2619047619047619,False
betroth,13,11,0.2619047619047619,False
bewitch,13,13,0.30952380952380953,False
brazen,13,11,0.2619047619047619,False
breathless,13,11,0.2619047619047619,False
bubbl,13,9,0.21428571428571427,False
bullcalf,13,1,0.023809523809523808,False
cabin,13,9,0.21428571428571427,False
caper,13,12,0.2857142857142857,False
centr,13,10,0.23809523809523808,False
chancellor,13,2,0.047619047619047616,False
chariot,13,9,0.21428571428571427,False
cheerli,13,9,0.21428571428571427,False
chimnei,13,9,0.21428571428571427,False
chivalri,13,9,0.21428571428571427,False
commenc,13,11,0.2619047619047619,False
conflict,13,9,0.21428571428571427,False
conjunct,13,10,0.23809523809523808,False
consider,13,10,0.23809523809523808,False
contradict,13,12,0.2857142857142857,False
corps,13,11,0.2619047619047619,False
counter,13,12,0.2857142857142857,False
coventri,13,4,0.09523809523809523,False
crafti,13,9,0.21428571428571427,False
creditor,13,8,0.19047619047619047,False
crew,13,11,0.2619047619047619,False
cue,13,8,0.19047619047619047,False
dane,13,3,0.07142857142857142,False
dearth,13,9,0.21428571428571427,False
defac,13,8,0.19047619047619047,False
deiti,13,12,0.2857142857142857,False
denial,13,10,0.23809523809523808,False
denni,13,2,0.047619047619047616,False
diadem,13,6,0.14285714285714285,False
dido,13,7,0.16666666666666666,False
disclos,13,8,0.19047619047619047,False
distinct,13,7,0.16666666666666666,False
downright,13,12,0.2857142857142857,False
drench,13,11,0.2619047619047619,False
engend,13,12,0.2857142857142857,False
expedi,13,10,0.23809523809523808,False
expos,13,9,0.21428571428571427,False
exton,13,1,0.023809523809523808,False
eyn,13,9,0.21428571428571427,False
fife,13,7,0.16666666666666666,False
fortifi,13,11,0.2619047619047619,False
froward,13,5,0.11904761904761904,False
frozen,13,10,0.23809523809523808,False
fulli,13,9,0.21428571428571427,False
gnaw,13,8,0.19047619047619047,False
grievanc,13,8,0.19047619047619047,False
happen,13,10,0.23809523809523808,False
harder,13,9,0.21428571428571427,False
heavili,13,8,0.19047619047619047,False
hecat,13,5,0.11904761904761904,False
hem,13,10,0.23809523809523808,False
hurl,13,9,0.21428571428571427,False
hymen,13,6,0.14285714285714285,False
ignobl,13,8,0.19047619047619047,False
influenc,13,11,0.2619047619047619,False
insinu,13,12,0.2857142857142857,False
jaw,13,11,0.2619047619047619,False
lazi,13,9,0.21428571428571427,False
leather,13,9,0.21428571428571427,False
lesson,13,11,0.2619047619047619,False
midst,13,10,0.23809523809523808,False
moder,13,9,0.21428571428571427,False
moi,13,2,0.047619047619047616,False
monkei,13,10,0.23809523809523808,False
mow,13,10,0.23809523809523808,False
mustardse,13,1,0.023809523809523808,False
mutin,13,5,0.11904761904761904,False
mutton,13,8,0.19047619047619047,False
nut,13,9,0.21428571428571427,False
ordinari,13,9,0.21428571428571427,False
overthrown,13,11,0.2619047619047619,False
ox,13,9,0.21428571428571427,False
partak,13,10,0.23809523809523808,False
pastur,13,8,0.19047619047619047,False
peck,13,9,0.21428571428571427,False
pent,13,10,0.23809523809523808,False
peremptori,13,10,0.23809523809523808,False
petition,13,6,0.14285714285714285,False
philosoph,13,8,0.19047619047619047,False
philostr,13,1,0.023809523809523808,False
pilgrim,13,4,0.09523809523809523,False
precis,13,8,0.19047619047619047,False
pyrrhu,13,3,0.07142857142857142,False
rabbl,13,9,0.21428571428571427,False
recoveri,13,8,0.19047619047619047,False
remaind,13,11,0.2619047619047619,False
remuner,13,3,0.07142857142857142,False
restraint,13,8,0.19047619047619047,False
reveal,13,11,0.2619047619047619,False
roast,13,13,0.30952380952380953,False
rumin,13,12,0.2857142857142857,False
saith,13,8,0.19047619047619047,False
salerio,13,1,0.023809523809523808,False
sanctuari,13,6,0.14285714285714285,False
schoolmast,13,6,0.14285714285714285,False
scout,13,6,0.14285714285714285,False
sentinel,13,10,0.23809523809523808,False
shrill,13,11,0.2619047619047619,False
sixpenc,13,8,0.19047619047619047,False
sixteen,13,10,0.23809523809523808,False
skip,13,10,0.23809523809523808,False
spaciou,13,12,0.2857142857142857,False
spill,13,10,0.23809523809523808,False
sprung,13,10,0.23809523809523808,False
stair,13,9,0.21428571428571427,False
starvel,13,2,0.047619047619047616,False
stephen,13,5,0.11904761904761904,False
stew,13,10,0.23809523809523808,False
strato,13,1,0.023809523809523808,False
swan,13,12,0.2857142857142857,False
swifter,13,9,0.21428571428571427,False
swine,13,12,0.2857142857142857,False
tawni,13,7,0.16666666666666666,False
territori,13,8,0.19047619047619047,False
thrift,13,7,0.16666666666666666,False
tomorrow,13,8,0.19047619047619047,False
travail,13,10,0.23809523809523808,False
trench,13,8,0.19047619047619047,False
tribe,13,5,0.11904761904761904,False
twelvemonth,13,6,0.14285714285714285,False
understood,13,11,0.2619047619047619,False
unfortun,13,12,0.2857142857142857,False
ungentl,13,10,0.23809523809523808,False
unmannerli,13,10,0.23809523809523808,False
vail,13,11,0.2619047619047619,False
verili,13,7,0.16666666666666666,False
vexat,13,11,0.2619047619047619,False
void,13,9,0.21428571428571427,False
wane,13,9,0.21428571428571427,False
wherewith,13,11,0.2619047619047619,False
whet,13,11,0.2619047619047619,False
wildli,13,11,0.2619047619047619,False
worthiest,13,9,0.21428571428571427,False
abandon,12,9,0.21428571428571427,False
abod,12,11,0.2619047619047619,False
activ,12,10,0.23809523809523808,False
angl,12,8,0.19047619047619047,False
ant,12,8,0.19047619047619047,False
augment,12,12,0.2857142857142857,False
bake,12,8,0.19047619047619047,False
balanc,12,10,0.23809523809523808,False
bandit,12,1,0.023809523809523808,False
barg,12,3,0.07142857142857142,False
baser,12,10,0.23809523809523808,False
beggari,12,9,0.21428571428571427,False
bia,12,8,0.19047619047619047,False
bout,12,10,0.23809523809523808,False
braggart,12,10,0.23809523809523808,False
brat,12,8,0.19047619047619047,False
bribe,12,9,0.21428571428571427,False
british,12,2,0.047619047619047616,False
budg,12,10,0.23809523809523808,False
bullet,12,8,0.19047619047619047,False
calai,12,5,0.11904761904761904,False
canon,12,8,0.19047619047619047,False
capac,12,9,0.21428571428571427,False
capon,12,8,0.19047619047619047,False
casement,12,8,0.19047619047619047,False
cere,12,2,0.047619047619047616,False
charter,12,9,0.21428571428571427,False
cherri,12,8,0.19047619047619047,False
cite,12,11,0.2619047619047619,False
claw,12,9,0.21428571428571427,False
clout,12,10,0.23809523809523808,False
coil,12,11,0.2619047619047619,False
compuls,12,8,0.19047619047619047,False
constru,12,9,0.21428571428571427,False
contemn,12,8,0.19047619047619047,False
coronet,12,8,0.19047619047619047,False
cram,12,11,0.2619047619047619,False
credul,12,12,0.2857142857142857,False
curio,12,1,0.023809523809523808,False
damnabl,12,8,0.19047619047619047,False
defianc,12,9,0.21428571428571427,False
degener,12,10,0.23809523809523808,False
depriv,12,7,0.16666666666666666,False
descri,12,10,0.23809523809523808,False
dignifi,12,10,0.23809523809523808,False
disloy,12,7,0.16666666666666666,False
disobedi,12,11,0.2619047619047619,False
dissens,12,7,0.16666666666666666,False
ditch,12,9,0.21428571428571427,False
dive,12,10,0.23809523809523808,False
dolour,12,11,0.2619047619047619,False
draught,12,8,0.19047619047619047,False
dreamt,12,9,0.21428571428571427,False
dunghil,12,9,0.21428571428571427,False
eager,12,7,0.16666666666666666,False
eclips,12,9,0.21428571428571427,False
eleanor,12,1,0.023809523809523808,False
erect,12,8,0.19047619047619047,False
establish,12,11,0.2619047619047619,False
exquisit,12,7,0.16666666666666666,False
faintli,12,10,0.23809523809523808,False
famin,12,9,0.21428571428571427,False
farthest,12,10,0.23809523809523808,False
favor,12,3,0.07142857142857142,False
fetter,12,10,0.23809523809523808,False
fickl,12,9,0.21428571428571427,False
filth,12,9,0.21428571428571427,False
fist,12,9,0.21428571428571427,False
fleec,12,9,0.21428571428571427,False
flinti,12,10,0.23809523809523808,False
foh,12,8,0.19047619047619047,False
fork,12,10,0.23809523809523808,False
formal,12,12,0.2857142857142857,False
fraught,12,12,0.2857142857142857,False
gallia,12,5,0.11904761904761904,False
gallop,12,8,0.19047619047619047,False
gap,12,9,0.21428571428571427,False
gash,12,8,0.19047619047619047,False
gin,12,9,0.21428571428571427,False
globe,12,12,0.2857142857142857,False
gloucestershir,12,4,0.09523809523809523,False
goest,12,9,0.21428571428571427,False
grappl,12,8,0.19047619047619047,False
graze,12,11,0.2619047619047619,False
greatli,12,11,0.2619047619047619,False
greedi,12,11,0.2619047619047619,False
greyhound,12,11,0.2619047619047619,False
gull,12,7,0.16666666666666666,False
gun,12,9,0.21428571428571427,False
harlot,12,8,0.19047619047619047,False
hart,12,9,0.21428571428571427,False
hearken,12,9,0.21428571428571427,False
hic,12,4,0.09523809523809523,False
honor,12,3,0.07142857142857142,False
hood,12,8,0.19047619047619047,False
housewif,12,11,0.2619047619047619,False
howev,12,11,0.2619047619047619,False
humor,12,10,0.23809523809523808,False
idiot,12,10,0.23809523809523808,False
imperfect,12,9,0.21428571428571427,False
imput,12,12,0.2857142857142857,False
incur,12,10,0.23809523809523808,False
induc,12,9,0.21428571428571427,False
infanc,12,10,0.23809523809523808,False
inter,12,9,0.21428571428571427,False
itch,12,10,0.23809523809523808,False
knell,12,9,0.21428571428571427,False
latin,12,8,0.19047619047619047,False
lengthen,12,8,0.19047619047619047,False
lightli,12,10,0.23809523809523808,False
link,12,11,0.2619047619047619,False
loin,12,11,0.2619047619047619,False
madmen,12,11,0.2619047619047619,False
majest,12,9,0.21428571428571427,False
marr,12,12,0.2857142857142857,False
masqu,12,6,0.14285714285714285,False
mast,12,10,0.23809523809523808,False
meek,12,9,0.21428571428571427,False
mew,12,8,0.19047619047619047,False
midwif,12,8,0.19047619047619047,False
moist,12,9,0.21428571428571427,False
mole,12,9,0.21428571428571427,False
motlei,12,5,0.11904761904761904,False
mud,12,9,0.21428571428571427,False
mum,12,8,0.19047619047619047,False
murmur,12,12,0.2857142857142857,False
nearest,12,7,0.16666666666666666,False
nightingal,12,8,0.19047619047619047,False
odour,12,4,0.09523809523809523,False
oman,12,1,0.023809523809523808,False
oper,12,9,0.21428571428571427,False
orphan,12,10,0.23809523809523808,False
ostent,12,10,0.23809523809523808,False
overcom,12,11,0.2619047619047619,False
paradis,12,10,0.23809523809523808,False
paragon,12,10,0.23809523809523808,False
pare,12,10,0.23809523809523808,False
pavilion,12,6,0.14285714285714285,False
perplex,12,9,0.21428571428571427,False
pilot,12,9,0.21428571428571427,False
plenteou,12,10,0.23809523809523808,False
potion,12,9,0.21428571428571427,False
preposter,12,11,0.2619047619047619,False
puriti,12,10,0.23809523809523808,False
quot,12,9,0.21428571428571427,False
reflect,12,9,0.21428571428571427,False
regal,12,5,0.11904761904761904,False
remiss,12,10,0.23809523809523808,False
retain,12,9,0.21428571428571427,False
rider,12,8,0.19047619047619047,False
rowland,12,4,0.09523809523809523,False
saddl,12,9,0.21428571428571427,False
sanctifi,12,8,0.19047619047619047,False
sblood,12,4,0.09523809523809523,False
scare,12,10,0.23809523809523808,False
secretli,12,9,0.21428571428571427,False
selfsam,12,6,0.14285714285714285,False
seyton,12,1,0.023809523809523808,False
shear,12,6,0.14285714285714285,False
simpli,12,10,0.23809523809523808,False
singular,12,9,0.21428571428571427,False
ski,12,8,0.19047619047619047,False
smack,12,8,0.19047619047619047,False
smart,12,12,0.2857142857142857,False
snail,12,9,0.21428571428571427,False
spain,12,8,0.19047619047619047,False
speedili,12,7,0.16666666666666666,False
spice,12,9,0.21428571428571427,False
sympathi,12,10,0.23809523809523808,False
tabour,12,6,0.14285714285714285,False
teem,12,10,0.23809523809523808,False
tempor,12,11,0.2619047619047619,False
testament,12,9,0.21428571428571427,False
thaw,12,11,0.2619047619047619,False
therewith,12,11,0.2619047619047619,False
thwart,12,11,0.2619047619047619,False
tragedi,12,9,0.21428571428571427,False
trencher,12,9,0.21428571428571427,False
trimm,12,11,0.2619047619047619,False
trophi,12,10,0.23809523809523808,False
truest,12,8,0.19047619047619047,False
unfit,12,10,0.23809523809523808,False
unhallow,12,8,0.19047619047619047,False
unit,12,10,0.23809523809523808,False
vat,12,2,0.047619047619047616,False
vaughan,12,1,0.023809523809523808,False
vigour,12,11,0.2619047619047619,False
vine,12,11,0.2619047619047619,False
visor,12,5,0.11904761904761904,False
volumniu,12,1,0.023809523809523808,False
voluntari,12,7,0.16666666666666666,False
ware,12,6,0.14285714285714285,False
web,12,11,0.2619047619047619,False
wilder,12,10,0.23809523809523808,False
wreath,12,11,0.2619047619047619,False
yare,12,4,0.09523809523809523,False
yeoman,12,8,0.19047619047619047,False
yesternight,12,9,0.21428571428571427,False
abhorr,11,9,0.21428571428571427,False
abridg,11,10,0.23809523809523808,False
andromach,11,1,0.023809523809523808,False
anew,11,9,0.21428571428571427,False
angu,11,2,0.047619047619047616,False
antic,11,10,0.23809523809523808,False
arrog,11,9,0.21428571428571427,False
beetl,11,11,0.2619047619047619,False
berkelei,11,2,0.047619047619047616,False
betid,11,7,0.16666666666666666,False
birnam,11,1,0.023809523809523808,False
boon,11,9,0.21428571428571427,False
bourbon,11,2,0.047619047619047616,False
brandon,11,2,0.047619047619047616,False
breech,11,10,0.23809523809523808,False
brew,11,8,0.19047619047619047,False
brim,11,10,0.23809523809523808,False
brine,11,9,0.21428571428571427,False
broker,11,8,0.19047619047619047,False
brood,11,11,0.2619047619047619,False
buzz,11,9,0.21428571428571427,False
cake,11,9,0.21428571428571427,False
calam,11,9,0.21428571428571427,False
certainti,11,8,0.19047619047619047,False
chapel,11,8,0.19047619047619047,False
chooseth,11,1,0.023809523809523808,False
christen,11,6,0.14285714285714285,False
churl,11,9,0.21428571428571427,False
clamor,11,11,0.2619047619047619,False
clapp,11,9,0.21428571428571427,False
colt,11,9,0.21428571428571427,False
commun,11,10,0.23809523809523808,False
concept,11,9,0.21428571428571427,False
congeal,11,10,0.23809523809523808,False
conjectur,11,10,0.23809523809523808,False
consist,11,8,0.19047619047619047,False
conspiraci,11,7,0.16666666666666666,False
contagi,11,9,0.21428571428571427,False
controversi,11,10,0.23809523809523808,False
costli,11,10,0.23809523809523808,False
courser,11,9,0.21428571428571427,False
creation,11,9,0.21428571428571427,False
curtsi,11,9,0.21428571428571427,False
darken,11,9,0.21428571428571427,False
daylight,11,8,0.19047619047619047,False
demonstr,11,8,0.19047619047619047,False
dice,11,9,0.21428571428571427,False
dion,11,1,0.023809523809523808,False
dirt,11,7,0.16666666666666666,False
dishonest,11,5,0.11904761904761904,False
dissolut,11,6,0.14285714285714285,False
dotag,11,7,0.16666666666666666,False
duteou,11,8,0.19047619047619047,False
enclos,11,9,0.21428571428571427,False
endow,11,9,0.21428571428571427,False
englishman,11,8,0.19047619047619047,False
entrail,11,8,0.19047619047619047,False
erpingham,11,2,0.047619047619047616,False
espi,11,9,0.21428571428571427,False
ev,11,9,0.21428571428571427,False
exempt,11,10,0.23809523809523808,False
exhibit,11,10,0.23809523809523808,False
expressli,11,9,0.21428571428571427,False
faithfulli,11,9,0.21428571428571427,False
farm,11,7,0.16666666666666666,False
fidel,11,2,0.047619047619047616,False
fig,11,7,0.16666666666666666,False
fitter,11,7,0.16666666666666666,False
fitzwat,11,1,0.023809523809523808,False
flag,11,10,0.23809523809523808,False
forsook,11,10,0.23809523809523808,False
fort,11,9,0.21428571428571427,False
foster,11,10,0.23809523809523808,False
fourscor,11,7,0.16666666666666666,False
gai,11,9,0.21428571428571427,False
gasp,11,9,0.21428571428571427,False
gear,11,7,0.16666666666666666,False
gees,11,9,0.21428571428571427,False
geld,11,8,0.19047619047619047,False
gestur,11,8,0.19047619047619047,False
gnat,11,11,0.2619047619047619,False
goldsmith,11,2,0.047619047619047616,False
grin,11,8,0.19047619047619047,False
groat,11,8,0.19047619047619047,False
gulf,11,9,0.21428571428571427,False
hallow,11,11,0.2619047619047619,False
halter,11,7,0.16666666666666666,False
harp,11,10,0.23809523809523808,False
helenu,11,1,0.023809523809523808,False
helmet,11,7,0.16666666666666666,False
hilt,11,9,0.21428571428571427,False
hoop,11,10,0.23809523809523808,False
horsemen,11,5,0.11904761904761904,False
hurri,11,9,0.21428571428571427,False
incorpor,11,10,0.23809523809523808,False
indirect,11,9,0.21428571428571427,False
inferior,11,10,0.23809523809523808,False
intercept,11,9,0.21428571428571427,False
jerusalem,11,6,0.14285714285714285,False
jet,11,8,0.19047619047619047,False
juic,11,6,0.14285714285714285,False
licenc,11,9,0.21428571428571427,False
lick,11,9,0.21428571428571427,False
log,11,4,0.09523809523809523,False
louder,11,10,0.23809523809523808,False
macmorri,11,1,0.023809523809523808,False
mari,11,7,0.16666666666666666,False
martial,11,9,0.21428571428571427,False
mead,11,9,0.21428571428571427,False
minc,11,11,0.2619047619047619,False
mire,11,10,0.23809523809523808,False
mispris,11,7,0.16666666666666666,False
morocco,11,1,0.023809523809523808,False
mounsieur,11,2,0.047619047619047616,False
nan,11,2,0.047619047619047616,False
navarr,11,1,0.023809523809523808,False
needless,11,11,0.2619047619047619,False
nichola,11,4,0.09523809523809523,False
nick,11,7,0.16666666666666666,False
northern,11,9,0.21428571428571427,False
nun,11,9,0.21428571428571427,False
occup,11,8,0.19047619047619047,False
outrun,11,11,0.2619047619047619,False
paltri,11,10,0.23809523809523808,False
partial,11,10,0.23809523809523808,False
patron,11,8,0.19047619047619047,False
peaseblossom,11,1,0.023809523809523808,False
pig,11,7,0.16666666666666666,False
piou,11,7,0.16666666666666666,False
powder,11,7,0.16666666666666666,False
prank,11,8,0.19047619047619047,False
pretenc,11,9,0.21428571428571427,False
proudli,11,9,0.21428571428571427,False
prune,11,8,0.19047619047619047,False
pry,11,9,0.21428571428571427,False
puissant,11,6,0.14285714285714285,False
puls,11,9,0.21428571428571427,False
puppet,11,7,0.16666666666666666,False
puppi,11,10,0.23809523809523808,False
quaint,11,8,0.19047619047619047,False
quest,11,9,0.21428571428571427,False
rarest,11,8,0.19047619047619047,False
regist,11,10,0.23809523809523808,False
repetit,11,10,0.23809523809523808,False
rigor,11,10,0.23809523809523808,False
ruthless,11,6,0.14285714285714285,False
secretari,11,1,0.023809523809523808,False
seemeth,11,7,0.16666666666666666,False
sew,11,8,0.19047619047619047,False
shin,11,6,0.14285714285714285,False
signal,11,9,0.21428571428571427,False
sleepi,11,10,0.23809523809523808,False
slipperi,11,9,0.21428571428571427,False
smock,11,9,0.21428571428571427,False
soar,11,9,0.21428571428571427,False
spaniel,11,9,0.21428571428571427,False
sparkl,11,9,0.21428571428571427,False
stabl,11,8,0.19047619047619047,False
stall,11,10,0.23809523809523808,False
stave,11,7,0.16666666666666666,False
stem,11,10,0.23809523809523808,False
sulphur,11,8,0.19047619047619047,False
sundai,11,5,0.11904761904761904,False
surli,11,10,0.23809523809523808,False
sweeten,11,10,0.23809523809523808,False
swing,11,7,0.16666666666666666,False
takest,11,9,0.21428571428571427,False
tenth,11,9,0.21428571428571427,False
tilt,11,10,0.23809523809523808,False
timandra,11,1,0.023809523809523808,False
trap,11,10,0.23809523809523808,False
trash,11,5,0.11904761904761904,False
tullu,11,1,0.023809523809523808,False
twin,11,9,0.21428571428571427,False
uncertain,11,9,0.21428571428571427,False
unlaw,11,8,0.19047619047619047,False
unlook,11,8,0.19047619047619047,False
unwil,11,10,0.23809523809523808,False
usag,11,10,0.23809523809523808,False
usher,11,5,0.11904761904761904,False
veng,11,11,0.2619047619047619,False
veriti,11,10,0.23809523809523808,False
villag,11,8,0.19047619047619047,False
volscian,11,1,0.023809523809523808,False
wari,11,8,0.19047619047619047,False
waxen,11,8,0.19047619047619047,False
wealthi,11,6,0.14285714285714285,False
wedlock,11,9,0.21428571428571427,False
whipp,11,6,0.14285714285714285,False
wicked,11,8,0.19047619047619047,False
wrest,11,9,0.21428571428571427,False
abraham,10,4,0.09523809523809523,False
accommod,10,5,0.11904761904761904,False
admitt,10,7,0.16666666666666666,False
adulter,10,10,0.23809523809523808,False
advoc,10,7,0.16666666666666666,False
alehous,10,8,0.19047619047619047,False
amount,10,6,0.14285714285714285,False
antioch,10,1,0.023809523809523808,False
antoniu,10,2,0.047619047619047616,False
anyth,10,8,0.19047619047619047,False
apothecari,10,3,0.07142857142857142,False
assign,10,8,0.19047619047619047,False
aton,10,10,0.23809523809523808,False
attribut,10,6,0.14285714285714285,False
auster,10,10,0.23809523809523808,False
babbl,10,6,0.14285714285714285,False
bandi,10,8,0.19047619047619047,False
barber,10,9,0.21428571428571427,False
barn,10,9,0.21428571428571427,False
basset,10,1,0.023809523809523808,False
baubl,10,7,0.16666666666666666,False
bedfellow,10,8,0.19047619047619047,False
beggarli,10,9,0.21428571428571427,False
bellow,10,8,0.19047619047619047,False
billow,10,8,0.19047619047619047,False
blazon,10,10,0.23809523809523808,False
blister,10,9,0.21428571428571427,False
bondman,10,4,0.09523809523809523,False
bonnet,10,7,0.16666666666666666,False
boundless,10,10,0.23809523809523808,False
bower,10,7,0.16666666666666666,False
breadth,10,10,0.23809523809523808,False
breeder,10,7,0.16666666666666666,False
brothel,10,5,0.11904761904761904,False
buckler,10,7,0.16666666666666666,False
buffet,10,9,0.21428571428571427,False
calendar,10,9,0.21428571428571427,False
calumni,10,6,0.14285714285714285,False
carous,10,7,0.16666666666666666,False
centaur,10,4,0.09523809523809523,False
chap,10,10,0.23809523809523808,False
christ,10,7,0.16666666666666666,False
clip,10,8,0.19047619047619047,False
cog,10,8,0.19047619047619047,False
comedi,10,6,0.14285714285714285,False
commonw,10,4,0.09523809523809523,False
confessor,10,3,0.07142857142857142,False
convey,10,9,0.21428571428571427,False
cow,10,8,0.19047619047619047,False
demi,10,9,0.21428571428571427,False
detect,10,8,0.19047619047619047,False
dieu,10,3,0.07142857142857142,False
din,10,6,0.14285714285714285,False
disast,10,7,0.16666666666666666,False
discomfort,10,8,0.19047619047619047,False
doit,10,8,0.19047619047619047,False
drab,10,7,0.16666666666666666,False
dug,10,8,0.19047619047619047,False
eastcheap,10,2,0.047619047619047616,False
edict,10,9,0.21428571428571427,False
elsewher,10,7,0.16666666666666666,False
embark,10,10,0.23809523809523808,False
enact,10,7,0.16666666666666666,False
encompass,10,7,0.16666666666666666,False
enjoin,10,8,0.19047619047619047,False
enow,10,5,0.11904761904761904,False
environ,10,8,0.19047619047619047,False
erwhelm,10,9,0.21428571428571427,False
esquir,10,5,0.11904761904761904,False
europ,10,8,0.19047619047619047,False
exhal,10,8,0.19047619047619047,False
extempor,10,8,0.19047619047619047,False
extremest,10,10,0.23809523809523808,False
factiou,10,6,0.14285714285714285,False
flash,10,9,0.21428571428571427,False
fog,10,7,0.16666666666666666,False
fondli,10,8,0.19047619047619047,False
forego,10,9,0.21428571428571427,False
forestal,10,6,0.14285714285714285,False
foundat,10,9,0.21428571428571427,False
frankli,10,8,0.19047619047619047,False
frosti,10,7,0.16666666666666666,False
gaol,10,6,0.14285714285714285,False
gentler,10,8,0.19047619047619047,False
glitter,10,8,0.19047619047619047,False
gorgeou,10,9,0.21428571428571427,False
grati,10,6,0.14285714285714285,False
hai,10,8,0.19047619047619047,False
hapless,10,7,0.16666666666666666,False
hardi,10,9,0.21428571428571427,False
headstrong,10,8,0.19047619047619047,False
hearti,10,10,0.23809523809523808,False
heath,10,4,0.09523809523809523,False
hen,10,9,0.21428571428571427,False
heret,10,8,0.19047619047619047,False
hern,10,1,0.023809523809523808,False
hidden,10,10,0.23809523809523808,False
hive,10,9,0.21428571428571427,False
horner,10,1,0.023809523809523808,False
hymn,10,7,0.16666666666666666,False
illyria,10,1,0.023809523809523808,False
imaginari,10,9,0.21428571428571427,False
implor,10,8,0.19047619047619047,False
incontin,10,7,0.16666666666666666,False
ingeni,10,8,0.19047619047619047,False
injustic,10,9,0.21428571428571427,False
ir,10,6,0.14285714285714285,False
irish,10,4,0.09523809523809523,False
kitchen,10,7,0.16666666666666666,False
knive,10,7,0.16666666666666666,False
ldst,10,7,0.16666666666666666,False
lecher,10,7,0.16666666666666666,False
legat,10,3,0.07142857142857142,False
lighten,10,10,0.23809523809523808,False
litter,10,9,0.21428571428571427,False
lour,10,6,0.14285714285714285,False
madonna,10,1,0.023809523809523808,False
maim,10,9,0.21428571428571427,False
malign,10,10,0.23809523809523808,False
mare,10,6,0.14285714285714285,False
marquess,10,4,0.09523809523809523,False
martyr,10,6,0.14285714285714285,False
melun,10,1,0.023809523809523808,False
mermaid,10,7,0.16666666666666666,False
messina,10,2,0.047619047619047616,False
meteor,10,7,0.16666666666666666,False
method,10,9,0.21428571428571427,False
mill,10,10,0.23809523809523808,False
misl,10,8,0.19047619047619047,False
mix,10,10,0.23809523809523808,False
modern,10,8,0.19047619047619047,False
morsel,10,9,0.21428571428571427,False
navi,10,5,0.11904761904761904,False
niggard,10,8,0.19047619047619047,False
od,10,5,0.11904761904761904,False
odiou,10,10,0.23809523809523808,False
omin,10,7,0.16666666666666666,False
ordin,10,8,0.19047619047619047,False
overcam,10,7,0.16666666666666666,False
packet,10,6,0.14285714285714285,False
parallel,10,8,0.19047619047619047,False
parish,10,9,0.21428571428571427,False
paul,10,3,0.07142857142857142,False
perdit,10,7,0.16666666666666666,False
persev,10,9,0.21428571428571427,False
philomel,10,5,0.11904761904761904,False
plea,10,5,0.11904761904761904,False
pless,10,2,0.047619047619047616,False
pois,10,7,0.16666666666666666,False
popular,10,5,0.11904761904761904,False
prattl,10,9,0.21428571428571427,False
precept,10,9,0.21428571428571427,False
predomin,10,9,0.21428571428571427,False
pretend,10,8,0.19047619047619047,False
probabl,10,8,0.19047619047619047,False
prop,10,8,0.19047619047619047,False
provinc,10,8,0.19047619047619047,False
publicli,10,7,0.16666666666666666,False
pursuiv,10,4,0.09523809523809523,False
quietli,10,8,0.19047619047619047,False
quill,10,6,0.14285714285714285,False
rambur,10,1,0.023809523809523808,False
recreat,10,9,0.21428571428571427,False
redempt,10,9,0.21428571428571427,False
remot,10,9,0.21428571428571427,False
roundli,10,6,0.14285714285714285,False
sale,10,8,0.19047619047619047,False
seleucu,10,1,0.023809523809523808,False
sequel,10,9,0.21428571428571427,False
session,10,6,0.14285714285714285,False
seventh,10,6,0.14285714285714285,False
shell,10,8,0.19047619047619047,False
shrewdli,10,8,0.19047619047619047,False
siciliu,10,1,0.023809523809523808,False
sicken,10,9,0.21428571428571427,False
sinon,10,4,0.09523809523809523,False
sojourn,10,8,0.19047619047619047,False
sola,10,2,0.047619047619047616,False
speaker,10,8,0.19047619047619047,False
sped,10,9,0.21428571428571427,False
stark,10,8,0.19047619047619047,False
stealth,10,8,0.19047619047619047,False
strait,10,9,0.21428571428571427,False
stride,10,7,0.16666666666666666,False
supplic,10,5,0.11904761904761904,False
suppress,10,7,0.16666666666666666,False
tackl,10,9,0.21428571428571427,False
tartar,10,9,0.21428571428571427,False
testi,10,10,0.23809523809523808,False
thirst,10,10,0.23809523809523808,False
thrall,10,8,0.19047619047619047,False
timeless,10,10,0.23809523809523808,False
timor,10,7,0.16666666666666666,False
tith,10,9,0.21428571428571427,False
trace,10,8,0.19047619047619047,False
tucket,10,6,0.14285714285714285,False
turtl,10,6,0.14285714285714285,False
undeserv,10,10,0.23809523809523808,False
unquiet,10,8,0.19047619047619047,False
unwholesom,10,9,0.21428571428571427,False
uphold,10,7,0.16666666666666666,False
utterli,10,9,0.21428571428571427,False
vale,10,9,0.21428571428571427,False
vaunt,10,9,0.21428571428571427,False
venetian,10,3,0.07142857142857142,False
vienna,10,2,0.047619047619047616,False
vill,10,1,0.023809523809523808,False
viper,10,8,0.19047619047619047,False
votr,10,2,0.047619047619047616,False
western,10,8,0.19047619047619047,False
whale,10,7,0.16666666666666666,False
whoe,10,9,0.21428571428571427,False
wight,10,7,0.16666666666666666,False
wrench,10,9,0.21428571428571427,False
wretched,10,8,0.19047619047619047,False
wrote,10,5,0.11904761904761904,False
abbot,9,3,0.07142857142857142,False
abergavenni,9,1,0.023809523809523808,False
abound,9,7,0.16666666666666666,False
accordingli,9,8,0.19047619047619047,False
affabl,9,7,0.16666666666666666,False
ambl,9,7,0.16666666666666666,False
ambush,9,8,0.19047619047619047,False
appeas,9,8,0.19047619047619047,False
appel,9,3,0.07142857142857142,False
apron,9,7,0.16666666666666666,False
aptli,9,8,0.19047619047619047,False
aright,9,8,0.19047619047619047,False
arragon,9,2,0.047619047619047616,False
arraign,9,6,0.14285714285714285,False
astonish,9,8,0.19047619047619047,False
audaci,9,7,0.16666666666666666,False
audit,9,7,0.16666666666666666,False
autumn,9,8,0.19047619047619047,False
baggag,9,7,0.16666666666666666,False
balthazar,9,1,0.023809523809523808,False
barbari,9,7,0.16666666666666666,False
baron,9,7,0.16666666666666666,False
bash,9,9,0.21428571428571427,False
bastardi,9,7,0.16666666666666666,False
bat,9,5,0.11904761904761904,False
beest,9,5,0.11904761904761904,False
befriend,9,7,0.16666666666666666,False
bellario,9,1,0.023809523809523808,False
bereav,9,9,0.21428571428571427,False
betak,9,7,0.16666666666666666,False
bewrai,9,6,0.14285714285714285,False
bitterli,9,6,0.14285714285714285,False
bon,9,5,0.11904761904761904,False
bourdeaux,9,3,0.07142857142857142,False
bourn,9,7,0.16666666666666666,False
bracelet,9,4,0.09523809523809523,False
braver,9,8,0.19047619047619047,False
bretagn,9,5,0.11904761904761904,False
buttock,9,4,0.09523809523809523,False
cage,9,9,0.21428571428571427,False
carcass,9,8,0.19047619047619047,False
card,9,8,0.19047619047619047,False
cauldron,9,1,0.023809523809523808,False
chaff,9,6,0.14285714285714285,False
cheat,9,7,0.16666666666666666,False
cheerfulli,9,5,0.11904761904761904,False
cleft,9,9,0.21428571428571427,False
climat,9,7,0.16666666666666666,False
clog,9,7,0.16666666666666666,False
co,9,7,0.16666666666666666,False
coach,9,5,0.11904761904761904,False
coi,9,7,0.16666666666666666,False
commot,9,4,0.09523809523809523,False
competitor,9,6,0.14285714285714285,False
con,9,8,0.19047619047619047,False
concord,9,7,0.16666666666666666,False
construct,9,7,0.16666666666666666,False
cordial,9,6,0.14285714285714285,False
crowd,9,6,0.14285714285714285,False
dale,9,5,0.11904761904761904,False
declar,9,8,0.19047619047619047,False
deject,9,7,0.16666666666666666,False
deliver,9,7,0.16666666666666666,False
derceta,9,1,0.023809523809523808,False
discard,9,7,0.16666666666666666,False
discreet,9,7,0.16666666666666666,False
domest,9,9,0.21428571428571427,False
domin,9,4,0.09523809523809523,False
doomsdai,9,7,0.16666666666666666,False
doubli,9,7,0.16666666666666666,False
doubtless,9,8,0.19047619047619047,False
drudg,9,8,0.19047619047619047,False
dungeon,9,9,0.21428571428571427,False
earnestli,9,8,0.19047619047619047,False
easier,9,9,0.21428571428571427,False
encourag,9,8,0.19047619047619047,False
endless,9,8,0.19047619047619047,False
enrol,9,7,0.16666666666666666,False
entomb,9,7,0.16666666666666666,False
equivoc,9,4,0.09523809523809523,False
erlook,9,9,0.21428571428571427,False
euphroniu,9,1,0.023809523809523808,False
expel,9,7,0.16666666666666666,False
extenu,9,9,0.21428571428571427,False
extern,9,8,0.19047619047619047,False
extort,9,6,0.14285714285714285,False
faculti,9,8,0.19047619047619047,False
fastolf,9,1,0.023809523809523808,False
fearfulli,9,9,0.21428571428571427,False
feeder,9,8,0.19047619047619047,False
festiv,9,8,0.19047619047619047,False
firmli,9,7,0.16666666666666666,False
foretel,9,8,0.19047619047619047,False
forfeitur,9,2,0.047619047619047616,False
forfend,9,8,0.19047619047619047,False
forswor,9,6,0.14285714285714285,False
fortnight,9,9,0.21428571428571427,False
fouler,9,7,0.16666666666666666,False
fresher,9,8,0.19047619047619047,False
fume,9,9,0.21428571428571427,False
ganymed,9,1,0.023809523809523808,False
geffrei,9,1,0.023809523809523808,False
gem,9,9,0.21428571428571427,False
ghastli,9,7,0.16666666666666666,False
gird,9,7,0.16666666666666666,False
glean,9,7,0.16666666666666666,False
glister,9,8,0.19047619047619047,False
glutton,9,5,0.11904761904761904,False
gratifi,9,8,0.19047619047619047,False
greasi,9,6,0.14285714285714285,False
greekish,9,1,0.023809523809523808,False
grind,9,7,0.16666666666666666,False
har,9,7,0.16666666666666666,False
harfleur,9,1,0.023809523809523808,False
hasten,9,8,0.19047619047619047,False
havoc,9,8,0.19047619047619047,False
herod,9,4,0.09523809523809523,False
highwai,9,7,0.16666666666666666,False
hoard,9,9,0.21428571428571427,False
hog,9,6,0.14285714285714285,False
hoist,9,7,0.16666666666666666,False
hopeless,9,7,0.16666666666666666,False
hostil,9,8,0.19047619047619047,False
hover,9,8,0.19047619047619047,False
howsoev,9,9,0.21428571428571427,False
hypocrit,9,6,0.14285714285714285,False
immur,9,8,0.19047619047619047,False
impieti,9,8,0.19047619047619047,False
imposit,9,8,0.19047619047619047,False
indian,9,7,0.16666666666666666,False
intoler,9,6,0.14285714285714285,False
iri,9,4,0.09523809523809523,False
isidor,9,1,0.023809523809523808,False
jig,9,5,0.11904761904761904,False
jocund,9,8,0.19047619047619047,False
jolli,9,8,0.19047619047619047,False
kern,9,4,0.09523809523809523,False
lantern,9,5,0.11904761904761904,False
lass,9,6,0.14285714285714285,False
lectur,9,6,0.14285714285714285,False
legitim,9,4,0.09523809523809523,False
lineal,9,7,0.16666666666666666,False
liquid,9,9,0.21428571428571427,False
lot,9,7,0.16666666666666666,False
mace,9,6,0.14285714285714285,False
magistr,9,6,0.14285714285714285,False
matron,9,7,0.16666666666666666,False
matur,9,7,0.16666666666666666,False
maw,9,8,0.19047619047619047,False
mechan,9,8,0.19047619047619047,False
mellow,9,8,0.19047619047619047,False
mightier,9,8,0.19047619047619047,False
mildli,9,4,0.09523809523809523,False
mistaken,9,9,0.21428571428571427,False
morton,9,1,0.023809523809523808,False
mote,9,8,0.19047619047619047,False
mourner,9,6,0.14285714285714285,False
mustard,9,3,0.07142857142857142,False
nerv,9,9,0.21428571428571427,False
nostril,9,8,0.19047619047619047,False
obdur,9,8,0.19047619047619047,False
ordnanc,9,5,0.11904761904761904,False
ostler,9,2,0.047619047619047616,False
pagan,9,8,0.19047619047619047,False
parrot,9,8,0.19047619047619047,False
peculiar,9,7,0.16666666666666666,False
pelt,9,8,0.19047619047619047,False
penetr,9,7,0.16666666666666666,False
petticoat,9,6,0.14285714285714285,False
pie,9,8,0.19047619047619047,False
plebeian,9,4,0.09523809523809523,False
plung,9,8,0.19047619047619047,False
poetri,9,6,0.14285714285714285,False
posit,9,7,0.16666666666666666,False
preach,9,8,0.19047619047619047,False
preferr,9,8,0.19047619047619047,False
prelat,9,5,0.11904761904761904,False
prescript,9,9,0.21428571428571427,False
prettiest,9,5,0.11904761904761904,False
provis,9,6,0.14285714285714285,False
pud,9,8,0.19047619047619047,False
puissanc,9,5,0.11904761904761904,False
qui,9,4,0.09523809523809523,False
rai,9,8,0.19047619047619047,False
ratifi,9,8,0.19047619047619047,False
ravenspurgh,9,3,0.07142857142857142,False
rebelli,9,7,0.16666666666666666,False
reel,9,8,0.19047619047619047,False
refer,9,8,0.19047619047619047,False
replet,9,6,0.14285714285714285,False
reprehend,9,6,0.14285714285714285,False
revers,9,8,0.19047619047619047,False
riotou,9,6,0.14285714285714285,False
robber,9,8,0.19047619047619047,False
robberi,9,7,0.16666666666666666,False
rubi,9,9,0.21428571428571427,False
russian,9,3,0.07142857142857142,False
rusti,9,7,0.16666666666666666,False
sabl,9,5,0.11904761904761904,False
saliqu,9,1,0.023809523809523808,False
scald,9,7,0.16666666666666666,False
sear,9,7,0.16666666666666666,False
sequent,9,8,0.19047619047619047,False
shock,9,8,0.19047619047619047,False
shrift,9,5,0.11904761904761904,False
shrunk,9,8,0.19047619047619047,False
slightli,9,8,0.19047619047619047,False
snore,9,7,0.16666666666666666,False
snuff,9,8,0.19047619047619047,False
snug,9,1,0.023809523809523808,False
sob,9,8,0.19047619047619047,False
soften,9,9,0.21428571428571427,False
soldiership,9,5,0.11904761904761904,False
solu,9,4,0.09523809523809523,False
spade,9,4,0.09523809523809523,False
spout,9,6,0.14285714285714285,False
stoni,9,8,0.19047619047619047,False
strip,9,8,0.19047619047619047,False
strongest,9,9,0.21428571428571427,False
stuf,9,3,0.07142857142857142,False
su,9,7,0.16666666666666666,False
sunshin,9,7,0.16666666666666666,False
suprem,9,7,0.16666666666666666,False
sympath,9,8,0.19047619047619047,False
target,9,7,0.16666666666666666,False
tatter,9,8,0.19047619047619047,False
tauru,9,4,0.09523809523809523,False
thirsti,9,9,0.21428571428571427,False
thoroughli,9,8,0.19047619047619047,False
tinker,9,6,0.14285714285714285,False
toast,9,8,0.19047619047619047,False
tough,9,4,0.09523809523809523,False
tributari,9,7,0.16666666666666666,False
tuni,9,1,0.023809523809523808,False
turkish,9,4,0.09523809523809523,False
un,9,3,0.07142857142857142,False
unborn,9,7,0.16666666666666666,False
uncivil,9,5,0.11904761904761904,False
uniti,9,7,0.16666666666666666,False
unlock,9,7,0.16666666666666666,False
unmatch,9,8,0.19047619047619047,False
unprovid,9,9,0.21428571428571427,False
unrest,9,7,0.16666666666666666,False
unti,9,9,0.21428571428571427,False
vainli,9,8,0.19047619047619047,False
vestal,9,7,0.16666666666666666,False
viciou,9,8,0.19047619047619047,False
waft,9,7,0.16666666666666666,False
wasp,9,7,0.16666666666666666,False
whatev,9,9,0.21428571428571427,False
whereso,9,8,0.19047619047619047,False
wholli,9,6,0.14285714285714285,False
windi,9,9,0.21428571428571427,False
woodcock,9,7,0.16666666666666666,False
wooden,9,6,0.14285714285714285,False
worshipp,9,7,0.16666666666666666,False
wren,9,9,0.21428571428571427,False
writer,9,7,0.16666666666666666,False
accost,8,2,0.047619047619047616,False
addict,8,6,0.14285714285714285,False
adulteri,8,5,0.11904761904761904,False
alarm,8,6,0.14285714285714285,False
almighti,8,5,0.11904761904761904,False
anim,8,6,0.14285714285714285,False
antium,8,1,0.023809523809523808,False
appertain,8,8,0.19047619047619047,False
aquitain,8,1,0.023809523809523808,False
archidamu,8,1,0.023809523809523808,False
argosi,8,3,0.07142857142857142,False
athwart,8,8,0.19047619047619047,False
attract,8,8,0.19047619047619047,False
augur,8,5,0.11904761904761904,False
aunchient,8,1,0.023809523809523808,False
avail,8,6,0.14285714285714285,False
bale,8,6,0.14285714285714285,False
bane,8,8,0.19047619047619047,False
basilisk,8,7,0.16666666666666666,False
battlement,8,7,0.16666666666666666,False
beautifi,8,7,0.16666666666666666,False
beck,8,7,0.16666666666666666,False
bedchamb,8,6,0.14285714285714285,False
bedlam,8,4,0.09523809523809523,False
bloodless,8,8,0.19047619047619047,False
braveri,8,8,0.19047619047619047,False
bridal,8,5,0.11904761904761904,False
bridl,8,6,0.14285714285714285,False
buckram,8,2,0.047619047619047616,False
bulwark,8,6,0.14285714285714285,False
canari,8,5,0.11904761904761904,False
carefulli,8,7,0.16666666666666666,False
cavil,8,6,0.14285714285714285,False
changel,8,5,0.11904761904761904,False
chant,8,7,0.16666666666666666,False
cheater,8,5,0.11904761904761904,False
chuck,8,6,0.14285714285714285,False
cipher,8,6,0.14285714285714285,False
clasp,8,6,0.14285714285714285,False
clime,8,7,0.16666666666666666,False
cloister,8,8,0.19047619047619047,False
collatinu,8,1,0.023809523809523808,False
complot,8,4,0.09523809523809523,False
comprehend,8,5,0.11904761904761904,False
coni,8,6,0.14285714285714285,False
convinc,8,6,0.14285714285714285,False
cottag,8,4,0.09523809523809523,False
counterpois,8,7,0.16666666666666666,False
courtship,8,7,0.16666666666666666,False
coven,8,5,0.11904761904761904,False
covert,8,8,0.19047619047619047,False
cricket,8,8,0.19047619047619047,False
cropp,8,7,0.16666666666666666,False
darkli,8,7,0.16666666666666666,False
darl,8,7,0.16666666666666666,False
dastard,8,5,0.11904761904761904,False
daw,8,7,0.16666666666666666,False
dawn,8,6,0.14285714285714285,False
dealt,8,8,0.19047619047619047,False
deign,8,7,0.16666666666666666,False
deiphobu,8,1,0.023809523809523808,False
depth,8,7,0.16666666666666666,False
deput,8,5,0.11904761904761904,False
detract,8,7,0.16666666666666666,False
devout,8,8,0.19047619047619047,False
dexter,8,7,0.16666666666666666,False
dialogu,8,8,0.19047619047619047,False
discredit,8,5,0.11904761904761904,False
dissuad,8,6,0.14285714285714285,False
doctrin,8,7,0.16666666666666666,False
doer,8,7,0.16666666666666666,False
dolphin,8,8,0.19047619047619047,False
dominion,8,8,0.19047619047619047,False
dreg,8,6,0.14285714285714285,False
drone,8,7,0.16666666666666666,False
drove,8,8,0.19047619047619047,False
duli,8,7,0.16666666666666666,False
dump,8,6,0.14285714285714285,False
earthi,8,7,0.16666666666666666,False
earthquak,8,8,0.19047619047619047,False
eel,8,6,0.14285714285714285,False
elv,8,4,0.09523809523809523,False
emperi,8,4,0.09523809523809523,False
endeavor,8,3,0.07142857142857142,False
engross,8,6,0.14285714285714285,False
ensign,8,7,0.16666666666666666,False
entic,8,7,0.16666666666666666,False
erbear,8,8,0.19047619047619047,False
erflow,8,6,0.14285714285714285,False
ertak,8,6,0.14285714285714285,False
espous,8,5,0.11904761904761904,False
ethiop,8,7,0.16666666666666666,False
exchequ,8,6,0.14285714285714285,False
fa,8,6,0.14285714285714285,False
falchion,8,5,0.11904761904761904,False
famili,8,6,0.14285714285714285,False
fardel,8,2,0.047619047619047616,False
favourit,8,8,0.19047619047619047,False
flea,8,6,0.14285714285714285,False
flew,8,8,0.19047619047619047,False
forese,8,7,0.16666666666666666,False
freshli,8,6,0.14285714285714285,False
fry,8,7,0.16666666666666666,False
gallei,8,4,0.09523809523809523,False
gamest,8,8,0.19047619047619047,False
gan,8,6,0.14285714285714285,False
gaudi,8,8,0.19047619047619047,False
geniu,8,8,0.19047619047619047,False
gibe,8,7,0.16666666666666666,False
givest,8,7,0.16666666666666666,False
glami,8,1,0.023809523809523808,False
glide,8,8,0.19047619047619047,False
gout,8,6,0.14285714285714285,False
graft,8,8,0.19047619047619047,False
grai,8,6,0.14285714285714285,False
gramerci,8,5,0.11904761904761904,False
grasp,8,6,0.14285714285714285,False
greas,8,6,0.14285714285714285,False
guil,8,5,0.11904761904761904,False
gyve,8,7,0.16666666666666666,False
hears,8,8,0.19047619047619047,False
hellish,8,7,0.16666666666666666,False
hereditari,8,6,0.14285714285714285,False
heresi,8,6,0.14285714285714285,False
hermit,8,8,0.19047619047619047,False
hint,8,5,0.11904761904761904,False
hitherto,8,7,0.16666666666666666,False
hitherward,8,7,0.16666666666666666,False
hoar,8,3,0.07142857142857142,False
hobbi,8,5,0.11904761904761904,False
hoof,8,5,0.11904761904761904,False
hop,8,5,0.11904761904761904,False
hortensiu,8,1,0.023809523809523808,False
hovel,8,2,0.047619047619047616,False
idol,8,6,0.14285714285714285,False
ilion,8,3,0.07142857142857142,False
immin,8,6,0.14285714285714285,False
impiou,8,7,0.16666666666666666,False
incest,8,4,0.09523809523809523,False
indentur,8,4,0.09523809523809523,False
indirectli,8,7,0.16666666666666666,False
infer,8,6,0.14285714285714285,False
infring,8,7,0.16666666666666666,False
inhuman,8,7,0.16666666666666666,False
inventori,8,6,0.14285714285714285,False
invoc,8,8,0.19047619047619047,False
isi,8,1,0.023809523809523808,False
ivori,8,5,0.11904761904761904,False
jacob,8,2,0.047619047619047616,False
jami,8,2,0.047619047619047616,False
jester,8,7,0.16666666666666666,False
lag,8,8,0.19047619047619047,False
lanthorn,8,2,0.047619047619047616,False
lastli,8,7,0.16666666666666666,False
leniti,8,6,0.14285714285714285,False
lessen,8,7,0.16666666666666666,False
lid,8,8,0.19047619047619047,False
lieu,8,7,0.16666666666666666,False
limp,8,8,0.19047619047619047,False
lineament,8,6,0.14285714285714285,False
loser,8,7,0.16666666666666666,False
lousi,8,4,0.09523809523809523,False
lowest,8,7,0.16666666666666666,False
magnanim,8,6,0.14285714285714285,False
mane,8,5,0.11904761904761904,False
marrow,8,5,0.11904761904761904,False
marullu,8,1,0.023809523809523808,False
massacr,8,4,0.09523809523809523,False
maze,8,6,0.14285714285714285,False
menteith,8,2,0.047619047619047616,False
merciless,8,8,0.19047619047619047,False
militari,8,6,0.14285714285714285,False
misdoubt,8,7,0.16666666666666666,False
mist,8,6,0.14285714285714285,False
monarchi,8,6,0.14285714285714285,False
moonlight,8,3,0.07142857142857142,False
mule,8,8,0.19047619047619047,False
musti,8,5,0.11904761904761904,False
myrmidon,8,2,0.047619047619047616,False
nevil,8,2,0.047619047619047616,False
nip,8,8,0.19047619047619047,False
nomin,8,6,0.14285714285714285,False
oblig,8,7,0.16666666666666666,False
oftentim,8,7,0.16666666666666666,False
openli,8,6,0.14285714285714285,False
orderli,8,7,0.16666666666666666,False
overheard,8,6,0.14285714285714285,False
overlook,8,7,0.16666666666666666,False
owen,8,2,0.047619047619047616,False
owest,8,6,0.14285714285714285,False
oxen,8,6,0.14285714285714285,False
oyster,8,7,0.16666666666666666,False
parchment,8,7,0.16666666666666666,False
pebbl,8,8,0.19047619047619047,False
pedlar,8,3,0.07142857142857142,False
peerless,8,7,0.16666666666666666,False
pennyworth,8,7,0.16666666666666666,False
penuri,8,7,0.16666666666666666,False
philotu,8,1,0.023809523809523808,False
pi,8,8,0.19047619047619047,False
pieti,8,6,0.14285714285714285,False
pillar,8,7,0.16666666666666666,False
pith,8,6,0.14285714285714285,False
platform,8,4,0.09523809523809523,False
playfellow,8,7,0.16666666666666666,False
plod,8,7,0.16666666666666666,False
pluto,8,5,0.11904761904761904,False
pollut,8,5,0.11904761904761904,False
poorest,8,5,0.11904761904761904,False
poorli,8,8,0.19047619047619047,False
porpentin,8,4,0.09523809523809523,False
porridg,8,8,0.19047619047619047,False
portent,8,6,0.14285714285714285,False
portion,8,8,0.19047619047619047,False
prerog,8,8,0.19047619047619047,False
primros,8,7,0.16666666666666666,False
prouder,8,6,0.14285714285714285,False
pulpit,8,2,0.047619047619047616,False
quail,8,7,0.16666666666666666,False
radiant,8,6,0.14285714285714285,False
raiment,8,6,0.14285714285714285,False
rancour,8,6,0.14285714285714285,False
rave,8,7,0.16666666666666666,False
regiment,8,4,0.09523809523809523,False
remnant,8,8,0.19047619047619047,False
repai,8,8,0.19047619047619047,False
repriev,8,5,0.11904761904761904,False
rive,8,6,0.14285714285714285,False
ruth,8,7,0.16666666666666666,False
sacrament,8,5,0.11904761904761904,False
safest,8,7,0.16666666666666666,False
samson,8,3,0.07142857142857142,False
satan,8,5,0.11904761904761904,False
schedul,8,8,0.19047619047619047,False
sconc,8,4,0.09523809523809523,False
scyth,8,5,0.11904761904761904,False
seigneur,8,1,0.023809523809523808,False
semproniu,8,2,0.047619047619047616,False
servitor,8,8,0.19047619047619047,False
shipp,8,5,0.11904761904761904,False
shipwreck,8,6,0.14285714285714285,False
shuffl,8,5,0.11904761904761904,False
shunn,8,7,0.16666666666666666,False
sinner,8,8,0.19047619047619047,False
skil,8,7,0.16666666666666666,False
skirmish,8,3,0.07142857142857142,False
skirt,8,6,0.14285714285714285,False
slide,8,7,0.16666666666666666,False
smelt,8,8,0.19047619047619047,False
sneak,8,6,0.14285714285714285,False
somebodi,8,7,0.16666666666666666,False
sot,8,6,0.14285714285714285,False
sourc,8,7,0.16666666666666666,False
speakest,8,7,0.16666666666666666,False
spoon,8,5,0.11904761904761904,False
spotless,8,7,0.16666666666666666,False
stagger,8,8,0.19047619047619047,False
standard,8,5,0.11904761904761904,False
steer,8,7,0.16666666666666666,False
stepp,8,7,0.16666666666666666,False
stifl,8,7,0.16666666666666666,False
stint,8,6,0.14285714285714285,False
straightwai,8,7,0.16666666666666666,False
struggl,8,5,0.11904761904761904,False
strut,8,8,0.19047619047619047,False
suburb,8,5,0.11904761904761904,False
suppliant,8,7,0.16666666666666666,False
swarm,8,6,0.14285714285714285,False
swiftli,8,8,0.19047619047619047,False
swoln,8,8,0.19047619047619047,False
swound,8,5,0.11904761904761904,False
syracusian,8,1,0.023809523809523808,False
te,8,5,0.11904761904761904,False
tenant,8,7,0.16666666666666666,False
tewksburi,8,3,0.07142857142857142,False
thankfulli,8,5,0.11904761904761904,False
thereon,8,8,0.19047619047619047,False
thereupon,8,7,0.16666666666666666,False
thorni,8,7,0.16666666666666666,False
threefold,8,6,0.14285714285714285,False
throughli,8,8,0.19047619047619047,False
thump,8,5,0.11904761904761904,False
tiber,8,3,0.07142857142857142,False
titan,8,6,0.14285714285714285,False
trodden,8,5,0.11904761904761904,False
troublesom,8,6,0.14285714285714285,False
tuesdai,8,7,0.16666666666666666,False
tumult,8,7,0.16666666666666666,False
unabl,8,7,0.16666666666666666,False
unadvis,8,6,0.14285714285714285,False
ungraci,8,8,0.19047619047619047,False
unjustli,8,7,0.16666666666666666,False
unpeopl,8,8,0.19047619047619047,False
unpleas,8,6,0.14285714285714285,False
unseason,8,8,0.19047619047619047,False
unstain,8,7,0.16666666666666666,False
untru,8,7,0.16666666666666666,False
usual,8,8,0.19047619047619047,False
uttermost,8,6,0.14285714285714285,False
verdict,8,7,0.16666666666666666,False
verifi,8,7,0.16666666666666666,False
vial,8,6,0.14285714285714285,False
viand,8,8,0.19047619047619047,False
vineyard,8,4,0.09523809523809523,False
vita,8,7,0.16666666666666666,False
voltimand,8,1,0.023809523809523808,False
vultur,8,8,0.19047619047619047,False
waken,8,7,0.16666666666666666,False
warder,8,4,0.09523809523809523,False
warp,8,5,0.11904761904761904,False
weav,8,7,0.16666666666666666,False
weaver,8,6,0.14285714285714285,False
wheat,8,7,0.16666666666666666,False
whine,8,8,0.19047619047619047,False
wreak,8,5,0.11904761904761904,False
wrongfulli,8,6,0.14285714285714285,False
yawn,8,8,0.19047619047619047,False
abbess,7,1,0.023809523809523808,False
accident,7,7,0.16666666666666666,False
acr,7,6,0.14285714285714285,False
across,7,7,0.16666666666666666,False
alcid,7,6,0.14285714285714285,False
aliena,7,1,0.023809523809523808,False
amber,7,5,0.11904761904761904,False
amiabl,7,6,0.14285714285714285,False
anguish,7,6,0.14285714285714285,False
appal,7,5,0.11904761904761904,False
aqua,7,6,0.14285714285714285,False
artemidoru,7,1,0.023809523809523808,False
artifici,7,6,0.14285714285714285,False
auspici,7,6,0.14285714285714285,False
awri,7,6,0.14285714285714285,False
b,7,5,0.11904761904761904,False
beach,7,7,0.16666666666666666,False
beaver,7,7,0.16666666666666666,False
begotten,7,5,0.11904761904761904,False
behead,7,6,0.14285714285714285,False
behov,7,5,0.11904761904761904,False
benedict,7,5,0.11904761904761904,False
beset,7,6,0.14285714285714285,False
bluster,7,7,0.16666666666666666,False
bonfir,7,6,0.14285714285714285,False
bonni,7,6,0.14285714285714285,False
bran,7,5,0.11904761904761904,False
brandish,7,4,0.09523809523809523,False
breaker,7,6,0.14285714285714285,False
bristl,7,7,0.16666666666666666,False
brooch,7,6,0.14285714285714285,False
brotherhood,7,6,0.14285714285714285,False
bruit,7,7,0.16666666666666666,False
butterfli,7,4,0.09523809523809523,False
button,7,6,0.14285714285714285,False
cadwal,7,1,0.023809523809523808,False
cain,7,7,0.16666666666666666,False
cambio,7,1,0.023809523809523808,False
capuciu,7,1,0.023809523809523808,False
career,7,5,0.11904761904761904,False
cargo,7,1,0.023809523809523808,False
carp,7,7,0.16666666666666666,False
cart,7,6,0.14285714285714285,False
carthag,7,4,0.09523809523809523,False
caterpillar,7,5,0.11904761904761904,False
caution,7,6,0.14285714285714285,False
childhood,7,6,0.14285714285714285,False
chough,7,7,0.16666666666666666,False
churchman,7,4,0.09523809523809523,False
churchmen,7,5,0.11904761904761904,False
citadel,7,3,0.07142857142857142,False
clad,7,7,0.16666666666666666,False
conduit,7,7,0.16666666666666666,False
confisc,7,5,0.11904761904761904,False
confront,7,6,0.14285714285714285,False
congreg,7,6,0.14285714285714285,False
conjoin,7,6,0.14285714285714285,False
constraint,7,4,0.09523809523809523,False
consumm,7,7,0.16666666666666666,False
contagion,7,6,0.14285714285714285,False
contamin,7,7,0.16666666666666666,False
convoi,7,5,0.11904761904761904,False
copper,7,4,0.09523809523809523,False
corinth,7,2,0.047619047619047616,False
cote,7,5,0.11904761904761904,False
cough,7,7,0.16666666666666666,False
courtli,7,6,0.14285714285714285,False
cowslip,7,4,0.09523809523809523,False
cramp,7,4,0.09523809523809523,False
cuff,7,4,0.09523809523809523,False
dallianc,7,5,0.11904761904761904,False
dardaniu,7,1,0.023809523809523808,False
daunt,7,6,0.14285714285714285,False
dazzl,7,7,0.16666666666666666,False
decemb,7,7,0.16666666666666666,False
defens,7,7,0.16666666666666666,False
deflow,7,5,0.11904761904761904,False
demur,7,6,0.14285714285714285,False
denot,7,5,0.11904761904761904,False
digg,7,7,0.16666666666666666,False
digress,7,7,0.16666666666666666,False
dimm,7,6,0.14285714285714285,False
ding,7,3,0.07142857142857142,False
dirti,7,6,0.14285714285714285,False
disabl,7,5,0.11904761904761904,False
disclaim,7,6,0.14285714285714285,False
disfigur,7,6,0.14285714285714285,False
distemperatur,7,6,0.14285714285714285,False
distinctli,7,4,0.09523809523809523,False
distrust,7,5,0.11904761904761904,False
ditti,7,6,0.14285714285714285,False
divert,7,6,0.14285714285714285,False
downfal,7,5,0.11904761904761904,False
downward,7,7,0.16666666666666666,False
drain,7,7,0.16666666666666666,False
dun,7,5,0.11904761904761904,False
duranc,7,6,0.14285714285714285,False
eastern,7,6,0.14285714285714285,False
effemin,7,6,0.14285714285714285,False
ek,7,6,0.14285714285714285,False
eleph,7,3,0.07142857142857142,False
elysium,7,7,0.16666666666666666,False
emboss,7,7,0.16666666666666666,False
envenom,7,5,0.11904761904761904,False
epidamnum,7,1,0.023809523809523808,False
ergo,7,5,0.11904761904761904,False
erst,7,6,0.14285714285714285,False
expound,7,6,0.14285714285714285,False
extol,7,6,0.14285714285714285,False
eyesight,7,4,0.09523809523809523,False
feelingli,7,6,0.14285714285714285,False
fingr,7,1,0.023809523809523808,False
fishermen,7,4,0.09523809523809523,False
flai,7,3,0.07142857142857142,False
flap,7,7,0.16666666666666666,False
flown,7,7,0.16666666666666666,False
forcibl,7,5,0.11904761904761904,False
forgeri,7,5,0.11904761904761904,False
fragment,7,6,0.14285714285714285,False
fraud,7,7,0.16666666666666666,False
gentlewomen,7,6,0.14285714285714285,False
ghostli,7,3,0.07142857142857142,False
gibbet,7,7,0.16666666666666666,False
ginger,7,6,0.14285714285714285,False
goblin,7,6,0.14285714285714285,False
graver,7,6,0.14285714285714285,False
hastili,7,7,0.16666666666666666,False
havior,7,6,0.14285714285714285,False
hawthorn,7,5,0.11904761904761904,False
headlong,7,6,0.14285714285714285,False
helpless,7,4,0.09523809523809523,False
hild,7,6,0.14285714285714285,False
homeward,7,6,0.14285714285714285,False
honestli,7,6,0.14285714285714285,False
hoodwink,7,6,0.14285714285714285,False
hoot,7,5,0.11904761904761904,False
horseback,7,4,0.09523809523809523,False
hotli,7,6,0.14285714285714285,False
howso,7,6,0.14285714285714285,False
hug,7,6,0.14285714285714285,False
ici,7,7,0.16666666666666666,False
id,7,1,0.023809523809523808,False
immacul,7,7,0.16666666666666666,False
india,7,6,0.14285714285714285,False
infal,7,6,0.14285714285714285,False
infecti,7,7,0.16666666666666666,False
inheritor,7,7,0.16666666666666666,False
instal,7,5,0.11904761904761904,False
instig,7,6,0.14285714285714285,False
insurrect,7,5,0.11904761904761904,False
ish,7,1,0.023809523809523808,False
ix,7,6,0.14285714285714285,False
jame,7,5,0.11904761904761904,False
jewri,7,4,0.09523809523809523,False
jointli,7,6,0.14285714285714285,False
jolliti,7,6,0.14285714285714285,False
judgement,7,6,0.14285714285714285,False
juggl,7,6,0.14285714285714285,False
juven,7,3,0.07142857142857142,False
ken,7,6,0.14285714285714285,False
kennel,7,7,0.16666666666666666,False
kinder,7,7,0.16666666666666666,False
knavish,7,5,0.11904761904761904,False
lard,7,6,0.14285714285714285,False
lawless,7,6,0.14285714285714285,False
lawn,7,5,0.11904761904761904,False
legaci,7,5,0.11904761904761904,False
leth,7,6,0.14285714285714285,False
lethargi,7,7,0.16666666666666666,False
liabl,7,4,0.09523809523809523,False
licio,7,1,0.023809523809523808,False
lioness,7,4,0.09523809523809523,False
loaden,7,7,0.16666666666666666,False
longest,7,5,0.11904761904761904,False
lordli,7,4,0.09523809523809523,False
lotteri,7,5,0.11904761904761904,False
lucif,7,6,0.14285714285714285,False
lullabi,7,4,0.09523809523809523,False
ma,7,2,0.047619047619047616,False
madest,7,5,0.11904761904761904,False
manacl,7,5,0.11904761904761904,False
manifold,7,6,0.14285714285714285,False
mannerli,7,7,0.16666666666666666,False
margent,7,6,0.14285714285714285,False
martext,7,1,0.023809523809523808,False
medlar,7,4,0.09523809523809523,False
memor,7,2,0.047619047619047616,False
merchandis,7,5,0.11904761904761904,False
merrier,7,7,0.16666666666666666,False
mightiest,7,5,0.11904761904761904,False
minstrel,7,5,0.11904761904761904,False
misti,7,5,0.11904761904761904,False
mondai,7,5,0.11904761904761904,False
monk,7,2,0.047619047619047616,False
mortifi,7,7,0.16666666666666666,False
multipli,7,6,0.14285714285714285,False
nap,7,5,0.11904761904761904,False
needi,7,5,0.11904761904761904,False
newer,7,6,0.14285714285714285,False
noblemen,7,4,0.09523809523809523,False
normandi,7,3,0.07142857142857142,False
obstin,7,7,0.16666666666666666,False
offici,7,5,0.11904761904761904,False
offspr,7,7,0.16666666666666666,False
olympu,7,6,0.14285714285714285,False
ooz,7,6,0.14285714285714285,False
ounc,7,7,0.16666666666666666,False
overtak,7,6,0.14285714285714285,False
overween,7,7,0.16666666666666666,False
pander,7,7,0.16666666666666666,False
paramour,7,4,0.09523809523809523,False
parch,7,7,0.16666666666666666,False
parthia,7,2,0.047619047619047616,False
passeng,7,4,0.09523809523809523,False
patent,7,6,0.14285714285714285,False
pauca,7,4,0.09523809523809523,False
peal,7,5,0.11904761904761904,False
pencil,7,6,0.14285714285714285,False
pentapoli,7,1,0.023809523809523808,False
pertain,7,6,0.14285714285714285,False
perturb,7,6,0.14285714285714285,False
phrynia,7,1,0.023809523809523808,False
plaster,7,7,0.16666666666666666,False
poll,7,5,0.11904761904761904,False
portend,7,5,0.11904761904761904,False
portli,7,6,0.14285714285714285,False
postur,7,6,0.14285714285714285,False
prentic,7,3,0.07142857142857142,False
probat,7,6,0.14285714285714285,False
prolong,7,7,0.16666666666666666,False
promot,7,6,0.14285714285714285,False
prone,7,7,0.16666666666666666,False
puritan,7,4,0.09523809523809523,False
quart,7,6,0.14285714285714285,False
quiver,7,6,0.14285714285714285,False
rapt,7,4,0.09523809523809523,False
rattl,7,6,0.14285714285714285,False
raught,7,7,0.16666666666666666,False
recal,7,7,0.16666666666666666,False
recoil,7,5,0.11904761904761904,False
refresh,7,6,0.14285714285714285,False
reft,7,6,0.14285714285714285,False
refug,7,5,0.11904761904761904,False
renounc,7,6,0.14285714285714285,False
respit,7,5,0.11904761904761904,False
resum,7,6,0.14285714285714285,False
retort,7,5,0.11904761904761904,False
revolv,7,6,0.14285714285714285,False
rhetor,7,4,0.09523809523809523,False
richest,7,7,0.16666666666666666,False
righteou,7,7,0.16666666666666666,False
rivet,7,6,0.14285714285714285,False
rook,7,4,0.09523809523809523,False
rosemari,7,5,0.11904761904761904,False
rug,7,4,0.09523809523809523,False
ruler,7,2,0.047619047619047616,False
sage,7,6,0.14285714285714285,False
sall,7,1,0.023809523809523808,False
sanctiti,7,6,0.14285714285714285,False
sandi,7,6,0.14285714285714285,False
scrape,7,7,0.16666666666666666,False
scribe,7,4,0.09523809523809523,False
sect,7,7,0.16666666666666666,False
selv,7,7,0.16666666666666666,False
sensual,7,6,0.14285714285714285,False
shameless,7,5,0.11904761904761904,False
shiver,7,5,0.11904761904761904,False
shrine,7,5,0.11904761904761904,False
si,7,6,0.14285714285714285,False
siliu,7,1,0.023809523809523808,False
slavish,7,5,0.11904761904761904,False
sloth,7,5,0.11904761904761904,False
smear,7,6,0.14285714285714285,False
solac,7,6,0.14285714285714285,False
solemnli,7,6,0.14285714285714285,False
soonest,7,7,0.16666666666666666,False
southampton,7,3,0.07142857142857142,False
spaniard,7,6,0.14285714285714285,False
spilt,7,6,0.14285714285714285,False
stag,7,7,0.16666666666666666,False
stander,7,4,0.09523809523809523,False
startl,7,6,0.14285714285714285,False
station,7,4,0.09523809523809523,False
stormi,7,7,0.16666666666666666,False
strucken,7,6,0.14285714285714285,False
stump,7,2,0.047619047619047616,False
sufficeth,7,5,0.11904761904761904,False
surnam,7,4,0.09523809523809523,False
swerv,7,7,0.16666666666666666,False
sycorax,7,1,0.023809523809523808,False
syria,7,2,0.047619047619047616,False
tallow,7,6,0.14285714285714285,False
tangl,7,7,0.16666666666666666,False
taxat,7,4,0.09523809523809523,False
testifi,7,7,0.16666666666666666,False
thame,7,3,0.07142857142857142,False
thievish,7,5,0.11904761904761904,False
throughout,7,6,0.14285714285714285,False
thunderbolt,7,7,0.16666666666666666,False
tip,7,6,0.14285714285714285,False
todai,7,6,0.14285714285714285,False
trail,7,6,0.14285714285714285,False
treasuri,7,6,0.14285714285714285,False
treati,7,4,0.09523809523809523,False
trivial,7,7,0.16666666666666666,False
truncheon,7,7,0.16666666666666666,False
tu,7,3,0.07142857142857142,False
twig,7,6,0.14285714285714285,False
tyrian,7,2,0.047619047619047616,False
unapt,7,7,0.16666666666666666,False
unawar,7,4,0.09523809523809523,False
unclasp,7,6,0.14285714285714285,False
unclean,7,6,0.14285714285714285,False
uneven,7,5,0.11904761904761904,False
ungrat,7,5,0.11904761904761904,False
unloos,7,7,0.16666666666666666,False
unmask,7,5,0.11904761904761904,False
unprofit,7,7,0.16666666666666666,False
unsettl,7,6,0.14285714285714285,False
unspeak,7,5,0.11904761904761904,False
unsur,7,6,0.14285714285714285,False
untaint,7,5,0.11904761904761904,False
untun,7,7,0.16666666666666666,False
upper,7,6,0.14285714285714285,False
urin,7,5,0.11904761904761904,False
vallei,7,6,0.14285714285714285,False
variabl,7,6,0.14285714285714285,False
varriu,7,2,0.047619047619047616,False
vaux,7,2,0.047619047619047616,False
via,7,5,0.11904761904761904,False
victual,7,7,0.16666666666666666,False
vigil,7,7,0.16666666666666666,False
waver,7,7,0.16666666666666666,False
weaken,7,6,0.14285714285714285,False
weasel,7,6,0.14285714285714285,False
whirl,7,6,0.14285714285714285,False
wiltshir,7,2,0.047619047619047616,False
winner,7,6,0.14285714285714285,False
womanhood,7,4,0.09523809523809523,False
womanish,7,6,0.14285714285714285,False
wooe,7,6,0.14285714285714285,False
wrack,7,6,0.14285714285714285,False
wrap,7,6,0.14285714285714285,False
wrapp,7,4,0.09523809523809523,False
wrestler,7,1,0.023809523809523808,False
abjur,6,6,0.14285714285714285,False
abstract,6,6,0.14285714285714285,False
accoutr,6,6,0.14285714285714285,False
accustom,6,6,0.14285714285714285,False
acquir,6,5,0.11904761904761904,False
advisedli,6,4,0.09523809523809523,False
affirm,6,4,0.09523809523809523,False
agincourt,6,1,0.023809523809523808,False
agoni,6,5,0.11904761904761904,False
albion,6,4,0.09523809523809523,False
alisand,6,1,0.023809523809523808,False
alleg,6,4,0.09523809523809523,False
allur,6,5,0.11904761904761904,False
amazon,6,5,0.11904761904761904,False
anatom,6,5,0.11904761904761904,False
apolog,6,5,0.11904761904761904,False
applianc,6,6,0.14285714285714285,False
archer,6,5,0.11904761904761904,False
arden,6,1,0.023809523809523808,False
arithmet,6,5,0.11904761904761904,False
aweari,6,5,0.11904761904761904,False
baboon,6,6,0.14285714285714285,False
banditti,6,1,0.023809523809523808,False
basi,6,6,0.14285714285714285,False
basin,6,3,0.07142857142857142,False
beak,6,6,0.14285714285714285,False
beckon,6,5,0.11904761904761904,False
beer,6,4,0.09523809523809523,False
begon,6,5,0.11904761904761904,False
beldam,6,5,0.11904761904761904,False
besmear,6,6,0.14285714285714285,False
bespeak,6,5,0.11904761904761904,False
bespok,6,5,0.11904761904761904,False
bethought,6,5,0.11904761904761904,False
bewail,6,6,0.14285714285714285,False
bier,6,5,0.11904761904761904,False
blanket,6,5,0.11904761904761904,False
blasphem,6,5,0.11904761904761904,False
bleak,6,6,0.14285714285714285,False
bleat,6,4,0.09523809523809523,False
blench,6,5,0.11904761904761904,False
bolder,6,6,0.14285714285714285,False
brach,6,4,0.09523809523809523,False
brawn,6,6,0.14285714285714285,False
brentford,6,1,0.023809523809523808,False
bristol,6,3,0.07142857142857142,False
brush,6,6,0.14285714285714285,False
brutish,6,5,0.11904761904761904,False
bullen,6,1,0.023809523809523808,False
camel,6,4,0.09523809523809523,False
candi,6,5,0.11904761904761904,False
caparison,6,6,0.14285714285714285,False
carbuncl,6,6,0.14285714285714285,False
carpent,6,5,0.11904761904761904,False
celer,6,4,0.09523809523809523,False
chao,6,6,0.14285714285714285,False
cherubin,6,6,0.14285714285714285,False
chew,6,5,0.11904761904761904,False
chicken,6,5,0.11904761904761904,False
chink,6,2,0.047619047619047616,False
chrish,6,1,0.023809523809523808,False
clapper,6,4,0.09523809523809523,False
cleanli,6,5,0.11904761904761904,False
clearli,6,5,0.11904761904761904,False
clement,6,2,0.047619047619047616,False
cliff,6,5,0.11904761904761904,False
cloven,6,4,0.09523809523809523,False
cockl,6,5,0.11904761904761904,False
codpiec,6,5,0.11904761904761904,False
coeur,6,2,0.047619047619047616,False
colder,6,5,0.11904761904761904,False
comet,6,5,0.11904761904761904,False
constantli,6,6,0.14285714285714285,False
consult,6,6,0.14285714285714285,False
coral,6,5,0.11904761904761904,False
cranni,6,3,0.07142857142857142,False
craven,6,5,0.11904761904761904,False
crawl,6,5,0.11904761904761904,False
cream,6,5,0.11904761904761904,False
crier,6,4,0.09523809523809523,False
critic,6,5,0.11904761904761904,False
curan,6,1,0.023809523809523808,False
customari,6,6,0.14285714285714285,False
damask,6,6,0.14285714285714285,False
damsel,6,2,0.047619047619047616,False
daniel,6,1,0.023809523809523808,False
danish,6,1,0.023809523809523808,False
dank,6,6,0.14285714285714285,False
deepest,6,6,0.14285714285714285,False
defam,6,3,0.07142857142857142,False
defin,6,4,0.09523809523809523,False
deliber,6,6,0.14285714285714285,False
demeanor,6,6,0.14285714285714285,False
diminut,6,4,0.09523809523809523,False
dimpl,6,6,0.14285714285714285,False
dip,6,4,0.09523809523809523,False
disburs,6,6,0.14285714285714285,False
discolour,6,6,0.14285714285714285,False
discuss,6,2,0.047619047619047616,False
disinherit,6,2,0.047619047619047616,False
dispossess,6,4,0.09523809523809523,False
disprov,6,6,0.14285714285714285,False
distant,6,5,0.11904761904761904,False
doff,6,6,0.14285714285714285,False
dowag,6,2,0.047619047619047616,False
dulcet,6,6,0.14285714285714285,False
duski,6,4,0.09523809523809523,False
dye,6,6,0.14285714285714285,False
eater,6,6,0.14285714285714285,False
edifi,6,6,0.14285714285714285,False
effectu,6,5,0.11904761904761904,False
effus,6,5,0.11904761904761904,False
eighteen,6,5,0.11904761904761904,False
eld,6,6,0.14285714285714285,False
elsinor,6,1,0.023809523809523808,False
embassag,6,5,0.11904761904761904,False
enamour,6,5,0.11904761904761904,False
encamp,6,6,0.14285714285714285,False
endear,6,5,0.11904761904761904,False
englishmen,6,4,0.09523809523809523,False
enkindl,6,5,0.11904761904761904,False
ensconc,6,5,0.11904761904761904,False
erthrown,6,6,0.14285714285714285,False
escan,6,1,0.023809523809523808,False
everyth,6,6,0.14285714285714285,False
exactli,6,5,0.11904761904761904,False
exceedingli,6,5,0.11904761904761904,False
excit,6,5,0.11904761904761904,False
exclam,6,6,0.14285714285714285,False
excrement,6,6,0.14285714285714285,False
experienc,6,6,0.14285714285714285,False
expert,6,4,0.09523809523809523,False
expostul,6,6,0.14285714285714285,False
eyebal,6,6,0.14285714285714285,False
eyeless,6,4,0.09523809523809523,False
fabl,6,6,0.14285714285714285,False
factor,6,5,0.11904761904761904,False
farth,6,2,0.047619047619047616,False
fen,6,3,0.07142857142857142,False
feri,6,1,0.023809523809523808,False
fester,6,6,0.14285714285714285,False
filch,6,5,0.11904761904761904,False
finer,6,6,0.14285714285714285,False
finest,6,5,0.11904761904761904,False
firmament,6,6,0.14285714285714285,False
fitli,6,4,0.09523809523809523,False
fling,6,6,0.14285714285714285,False
float,6,5,0.11904761904761904,False
foison,6,5,0.11904761904761904,False
forbidden,6,5,0.11904761904761904,False
forerun,6,5,0.11904761904761904,False
foresaid,6,6,0.14285714285714285,False
forev,6,4,0.09523809523809523,False
formerli,6,6,0.14285714285714285,False
forr,6,1,0.023809523809523808,False
forsaken,6,6,0.14285714285714285,False
fruitless,6,5,0.11904761904761904,False
fuel,6,6,0.14285714285714285,False
fun,6,4,0.09523809523809523,False
furnac,6,6,0.14285714285714285,False
g,6,3,0.07142857142857142,False
gainsai,6,4,0.09523809523809523,False
gallu,6,1,0.023809523809523808,False
gambol,6,5,0.11904761904761904,False
gargrav,6,1,0.023809523809523808,False
gazer,6,5,0.11904761904761904,False
germani,6,5,0.11904761904761904,False
giver,6,5,0.11904761904761904,False
godli,6,5,0.11904761904761904,False
graceless,6,5,0.11904761904761904,False
gracious,6,5,0.11904761904761904,False
grievous,6,5,0.11904761904761904,False
grumbl,6,5,0.11904761904761904,False
guardian,6,5,0.11904761904761904,False
gud,6,1,0.023809523809523808,False
gum,6,6,0.14285714285714285,False
gunner,6,3,0.07142857142857142,False
hairi,6,5,0.11904761904761904,False
halberd,6,4,0.09523809523809523,False
halfpenni,6,4,0.09523809523809523,False
handmaid,6,6,0.14285714285714285,False
heaviest,6,6,0.14285714285714285,False
henceforward,6,4,0.09523809523809523,False
heraldri,6,5,0.11904761904761904,False
hoars,6,5,0.11904761904761904,False
hogshead,6,5,0.11904761904761904,False
hospit,6,6,0.14285714285714285,False
hostag,6,5,0.11904761904761904,False
hyperion,6,5,0.11904761904761904,False
idolatri,6,6,0.14285714285714285,False
immodest,6,6,0.14285714285714285,False
incap,6,6,0.14285714285714285,False
incis,6,6,0.14285714285714285,False
incit,6,6,0.14285714285714285,False
includ,6,6,0.14285714285714285,False
indict,6,5,0.11904761904761904,False
injur,6,6,0.14285714285714285,False
insid,6,4,0.09523809523809523,False
intercess,6,5,0.11904761904761904,False
intrud,6,5,0.11904761904761904,False
jourdain,6,1,0.023809523809523808,False
judici,6,6,0.14285714285714285,False
kernel,6,5,0.11904761904761904,False
kick,6,5,0.11904761904761904,False
lake,6,5,0.11904761904761904,False
laps,6,6,0.14285714285714285,False
lash,6,6,0.14285714285714285,False
latch,6,5,0.11904761904761904,False
laud,6,5,0.11904761904761904,False
leathern,6,5,0.11904761904761904,False
leaven,6,4,0.09523809523809523,False
leer,6,6,0.14285714285714285,False
leviti,6,5,0.11904761904761904,False
libertin,6,6,0.14285714285714285,False
lifeless,6,6,0.14285714285714285,False
likest,6,6,0.14285714285714285,False
lisp,6,6,0.14285714285714285,False
loo,6,2,0.047619047619047616,False
lop,6,5,0.11904761904761904,False
lopp,6,5,0.11904761904761904,False
lout,6,5,0.11904761904761904,False
lucki,6,5,0.11904761904761904,False
lump,6,6,0.14285714285714285,False
lunaci,6,4,0.09523809523809523,False
macedon,6,2,0.047619047619047616,False
madcap,6,4,0.09523809523809523,False
mail,6,6,0.14285714285714285,False
manor,6,6,0.14285714285714285,False
marian,6,6,0.14285714285714285,False
meagr,6,5,0.11904761904761904,False
menac,6,5,0.11904761904761904,False
mid,6,6,0.14285714285714285,False
minola,6,1,0.023809523809523808,False
minor,6,5,0.11904761904761904,False
misconstru,6,6,0.14285714285714285,False
mislead,6,6,0.14285714285714285,False
mitig,6,6,0.14285714285714285,False
mocker,6,6,0.14285714285714285,False
modestli,6,6,0.14285714285714285,False
momentari,6,6,0.14285714285714285,False
mon,6,3,0.07142857142857142,False
monger,6,5,0.11904761904761904,False
mongrel,6,3,0.07142857142857142,False
moss,6,6,0.14285714285714285,False
mot,6,2,0.047619047619047616,False
moveabl,6,4,0.09523809523809523,False
neapolitan,6,4,0.09523809523809523,False
nearli,6,6,0.14285714285714285,False
nether,6,3,0.07142857142857142,False
nile,6,2,0.047619047619047616,False
nilu,6,2,0.047619047619047616,False
ninth,6,5,0.11904761904761904,False
nonni,6,3,0.07142857142857142,False
norman,6,3,0.07142857142857142,False
numb,6,6,0.14285714285714285,False
nunneri,6,2,0.047619047619047616,False
obstruct,6,4,0.09523809523809523,False
orang,6,4,0.09523809523809523,False
oratori,6,4,0.09523809523809523,False
orient,6,6,0.14285714285714285,False
origin,6,5,0.11904761904761904,False
oui,6,2,0.047619047619047616,False
outfac,6,6,0.14285714285714285,False
overborn,6,4,0.09523809523809523,False
palfrei,6,4,0.09523809523809523,False
palmer,6,5,0.11904761904761904,False
palpabl,6,6,0.14285714285714285,False
palsi,6,5,0.11904761904761904,False
pastor,6,2,0.047619047619047616,False
pat,6,4,0.09523809523809523,False
paw,6,6,0.14285714285714285,False
pear,6,4,0.09523809523809523,False
pens,6,2,0.047619047619047616,False
pepper,6,4,0.09523809523809523,False
pervers,6,5,0.11904761904761904,False
pillag,6,5,0.11904761904761904,False
plaint,6,5,0.11904761904761904,False
ply,6,5,0.11904761904761904,False
pool,6,4,0.09523809523809523,False
popiliu,6,1,0.023809523809523808,False
popul,6,5,0.11904761904761904,False
posi,6,4,0.09523809523809523,False
postern,6,4,0.09523809523809523,False
potenc,6,6,0.14285714285714285,False
pottl,6,3,0.07142857142857142,False
presumpt,6,4,0.09523809523809523,False
prettili,6,6,0.14285714285714285,False
pricket,6,1,0.023809523809523808,False
promontori,6,6,0.14285714285714285,False
prospect,6,6,0.14285714285714285,False
prostrat,6,6,0.14285714285714285,False
puddl,6,5,0.11904761904761904,False
puni,6,6,0.14285714285714285,False
purblind,6,6,0.14285714285714285,False
purest,6,6,0.14285714285714285,False
purgat,6,5,0.11904761904761904,False
putter,6,4,0.09523809523809523,False
quaintli,6,5,0.11904761904761904,False
quell,6,6,0.14285714285714285,False
quillet,6,6,0.14285714285714285,False
quip,6,5,0.11904761904761904,False
quittanc,6,6,0.14285714285714285,False
quondam,6,5,0.11904761904761904,False
rake,6,5,0.11904761904761904,False
rancor,6,5,0.11904761904761904,False
ransack,6,5,0.11904761904761904,False
rariti,6,5,0.11904761904761904,False
recant,6,4,0.09523809523809523,False
reckless,6,6,0.14285714285714285,False
reed,6,5,0.11904761904761904,False
reli,6,6,0.14285714285714285,False
repuls,6,6,0.14285714285714285,False
restless,6,5,0.11904761904761904,False
retent,6,5,0.11904761904761904,False
revok,6,4,0.09523809523809523,False
rhode,6,1,0.023809523809523808,False
rocki,6,6,0.14285714285714285,False
roe,6,5,0.11904761904761904,False
rood,6,5,0.11904761904761904,False
roughli,6,5,0.11904761904761904,False
ruffl,6,5,0.11904761904761904,False
ruinou,6,6,0.14285714285714285,False
runawai,6,6,0.14285714285714285,False
rung,6,6,0.14285714285714285,False
sa,6,2,0.047619047619047616,False
safeguard,6,6,0.14285714285714285,False
sallet,6,3,0.07142857142857142,False
salvat,6,5,0.11904761904761904,False
sanctimoni,6,5,0.11904761904761904,False
saturn,6,5,0.11904761904761904,False
sawest,6,4,0.09523809523809523,False
scath,6,6,0.14285714285714285,False
screech,6,4,0.09523809523809523,False
semblabl,6,6,0.14285714285714285,False
servingmen,6,3,0.07142857142857142,False
seventeen,6,5,0.11904761904761904,False
severn,6,2,0.047619047619047616,False
shaken,6,5,0.11904761904761904,False
shapeless,6,6,0.14285714285714285,False
sharper,6,5,0.11904761904761904,False
shepherdess,6,2,0.047619047619047616,False
shone,6,6,0.14285714285714285,False
shorter,6,6,0.14285714285714285,False
shrive,6,6,0.14285714285714285,False
shrub,6,4,0.09523809523809523,False
sicili,6,3,0.07142857142857142,False
sightless,6,4,0.09523809523809523,False
simil,6,6,0.14285714285714285,False
sinist,6,6,0.14285714285714285,False
sleeper,6,6,0.14285714285714285,False
slili,6,4,0.09523809523809523,False
slipp,6,6,0.14285714285714285,False
slipper,6,6,0.14285714285714285,False
sluttish,6,6,0.14285714285714285,False
smithfield,6,2,0.047619047619047616,False
smoki,6,5,0.11904761904761904,False
sociabl,6,5,0.11904761904761904,False
soe,6,5,0.11904761904761904,False
soever,6,5,0.11904761904761904,False
sop,6,4,0.09523809523809523,False
southwel,6,1,0.023809523809523808,False
span,6,6,0.14285714285714285,False
specul,6,5,0.11904761904761904,False
spiritu,6,4,0.09523809523809523,False
statur,6,6,0.14285714285714285,False
steril,6,6,0.14285714285714285,False
strand,6,6,0.14285714285714285,False
streak,6,5,0.11904761904761904,False
strove,6,4,0.09523809523809523,False
stung,6,4,0.09523809523809523,False
sulli,6,6,0.14285714285714285,False
sundri,6,4,0.09523809523809523,False
superstiti,6,6,0.14285714285714285,False
supp,6,4,0.09523809523809523,False
suppl,6,5,0.11904761904761904,False
supplant,6,4,0.09523809523809523,False
sweetheart,6,4,0.09523809523809523,False
swiftest,6,6,0.14285714285714285,False
synod,6,6,0.14285714285714285,False
taffeta,6,4,0.09523809523809523,False
team,6,6,0.14285714285714285,False
tedious,6,6,0.14285714285714285,False
teen,6,6,0.14285714285714285,False
temptat,6,4,0.09523809523809523,False
tenderli,6,4,0.09523809523809523,False
tenni,6,6,0.14285714285714285,False
theatr,6,5,0.11904761904761904,False
theti,6,3,0.07142857142857142,False
threshold,6,5,0.11904761904761904,False
timber,6,6,0.14285714285714285,False
tool,6,5,0.11904761904761904,False
tore,6,6,0.14285714285714285,False
toucheth,6,5,0.11904761904761904,False
tractabl,6,6,0.14285714285714285,False
traduc,6,6,0.14285714285714285,False
traver,6,1,0.023809523809523808,False
trudg,6,4,0.09523809523809523,False
trump,6,5,0.11904761904761904,False
twinkl,6,6,0.14285714285714285,False
uncleanli,6,4,0.09523809523809523,False
uncov,6,5,0.11904761904761904,False
undertook,6,6,0.14285714285714285,False
unfeign,6,3,0.07142857142857142,False
unfurnish,6,6,0.14285714285714285,False
unhappili,6,6,0.14285714285714285,False
union,6,5,0.11904761904761904,False
unkindli,6,6,0.14285714285714285,False
unlucki,6,5,0.11904761904761904,False
unluckili,6,6,0.14285714285714285,False
unsatisfi,6,6,0.14285714285714285,False
unspot,6,6,0.14285714285714285,False
unus,6,3,0.07142857142857142,False
unusu,6,6,0.14285714285714285,False
unwelcom,6,6,0.14285714285714285,False
unwillingli,6,6,0.14285714285714285,False
uplift,6,6,0.14285714285714285,False
uproar,6,5,0.11904761904761904,False
usuri,6,6,0.14285714285714285,False
vacant,6,6,0.14285714285714285,False
varnish,6,4,0.09523809523809523,False
vehement,6,6,0.14285714285714285,False
venison,6,3,0.07142857142857142,False
visibl,6,6,0.14285714285714285,False
volubl,6,5,0.11904761904761904,False
vomit,6,6,0.14285714285714285,False
votari,6,3,0.07142857142857142,False
vulcan,6,5,0.11904761904761904,False
wakest,6,2,0.047619047619047616,False
wand,6,5,0.11904761904761904,False
wanteth,6,5,0.11904761904761904,False
wardrob,6,5,0.11904761904761904,False
warmth,6,6,0.14285714285714285,False
weird,6,1,0.023809523809523808,False
welshman,6,5,0.11904761904761904,False
wherea,6,3,0.07142857142857142,False
wherev,6,5,0.11904761904761904,False
whipt,6,2,0.047619047619047616,False
whirlwind,6,6,0.14285714285714285,False
whiter,6,6,0.14285714285714285,False
whoso,6,5,0.11904761904761904,False
winnow,6,5,0.11904761904761904,False
workman,6,6,0.14285714285714285,False
wormwood,6,4,0.09523809523809523,False
x,6,5,0.11904761904761904,False
yearli,6,5,0.11904761904761904,False
yearn,6,4,0.09523809523809523,False
yew,6,5,0.11904761904761904,False
yorkshir,6,3,0.07142857142857142,False
zealou,6,5,0.11904761904761904,False
abort,5,4,0.09523809523809523,False
ac,5,4,0.09523809523809523,False
accessari,5,4,0.09523809523809523,False
acorn,5,4,0.09523809523809523,False
adher,5,5,0.11904761904761904,False
adjudg,5,5,0.11904761904761904,False
adjunct,5,4,0.09523809523809523,False
aemilia,5,1,0.023809523809523808,False
aeri,5,3,0.07142857142857142,False
affianc,5,4,0.09523809523809523,False
affront,5,4,0.09523809523809523,False
agat,5,5,0.11904761904761904,False
aggrav,5,5,0.11904761904761904,False
alabast,5,5,0.11904761904761904,False
alight,5,5,0.11904761904761904,False
amazedli,5,5,0.11904761904761904,False
angloi,5,1,0.023809523809523808,False
annoy,5,4,0.09523809523809523,False
annual,5,5,0.11904761904761904,False
anthoni,5,4,0.09523809523809523,False
antipod,5,5,0.11904761904761904,False
apish,5,5,0.11904761904761904,False
arabia,5,5,0.11904761904761904,False
artilleri,5,4,0.09523809523809523,False
ascens,5,2,0.047619047619047616,False
assuag,5,4,0.09523809523809523,False
attest,5,3,0.07142857142857142,False
augustu,5,1,0.023809523809523808,False
aveng,5,5,0.11904761904761904,False
baffl,5,4,0.09523809523809523,False
barefoot,5,5,0.11904761904761904,False
beacon,5,5,0.11904761904761904,False
birthright,5,4,0.09523809523809523,False
blab,5,4,0.09523809523809523,False
blacker,5,4,0.09523809523809523,False
bog,5,5,0.11904761904761904,False
booti,5,4,0.09523809523809523,False
botch,5,5,0.11904761904761904,False
brabant,5,2,0.047619047619047616,False
brittani,5,3,0.07142857142857142,False
brittl,5,4,0.09523809523809523,False
broth,5,5,0.11904761904761904,False
bucket,5,3,0.07142857142857142,False
bug,5,5,0.11904761904761904,False
bum,5,4,0.09523809523809523,False
bunch,5,5,0.11904761904761904,False
bur,5,4,0.09523809523809523,False
burneth,5,4,0.09523809523809523,False
bustl,5,3,0.07142857142857142,False
butcheri,5,3,0.07142857142857142,False
buz,5,4,0.09523809523809523,False
cabl,5,4,0.09523809523809523,False
caith,5,1,0.023809523809523808,False
cannib,5,4,0.09523809523809523,False
cape,5,4,0.09523809523809523,False
carelessli,5,5,0.11904761904761904,False
carpet,5,5,0.11904761904761904,False
cashier,5,3,0.07142857142857142,False
cate,5,5,0.11904761904761904,False
cattl,5,4,0.09523809523809523,False
ce,5,2,0.047619047619047616,False
cert,5,5,0.11904761904761904,False
chaplain,5,3,0.07142857142857142,False
chatter,5,5,0.11904761904761904,False
choir,5,4,0.09523809523809523,False
christoph,5,2,0.047619047619047616,False
cinqu,5,3,0.07142857142857142,False
clearer,5,4,0.09523809523809523,False
client,5,5,0.11904761904761904,False
clink,5,2,0.047619047619047616,False
cluster,5,3,0.07142857142857142,False
clutch,5,5,0.11904761904761904,False
cod,5,4,0.09523809523809523,False
comb,5,4,0.09523809523809523,False
comfortless,5,5,0.11904761904761904,False
compet,5,5,0.11904761904761904,False
compil,5,2,0.047619047619047616,False
complement,5,4,0.09523809523809523,False
complic,5,4,0.09523809523809523,False
condol,5,4,0.09523809523809523,False
confederaci,5,5,0.11904761904761904,False
conserv,5,3,0.07142857142857142,False
consign,5,4,0.09523809523809523,False
consumpt,5,4,0.09523809523809523,False
convent,5,4,0.09523809523809523,False
countermand,5,4,0.09523809523809523,False
cramm,5,5,0.11904761904761904,False
craze,5,4,0.09523809523809523,False
crete,5,4,0.09523809523809523,False
crippl,5,5,0.11904761904761904,False
crocodil,5,4,0.09523809523809523,False
crouch,5,5,0.11904761904761904,False
cruelli,5,5,0.11904761904761904,False
crust,5,5,0.11904761904761904,False
curd,5,5,0.11904761904761904,False
curer,5,2,0.047619047619047616,False
currish,5,4,0.09523809523809523,False
cypress,5,4,0.09523809523809523,False
daisi,5,4,0.09523809523809523,False
decreas,5,5,0.11904761904761904,False
delici,5,5,0.11904761904761904,False
demean,5,3,0.07142857142857142,False
deprav,5,4,0.09523809523809523,False
deris,5,2,0.047619047619047616,False
derog,5,3,0.07142857142857142,False
describ,5,5,0.11904761904761904,False
desirest,5,4,0.09523809523809523,False
destin,5,5,0.11904761904761904,False
difficulti,5,4,0.09523809523809523,False
dimens,5,4,0.09523809523809523,False
diminish,5,5,0.11904761904761904,False
disarm,5,5,0.11904761904761904,False
discomfit,5,3,0.07142857142857142,False
disjoin,5,3,0.07142857142857142,False
dismount,5,4,0.09523809523809523,False
disparag,5,5,0.11904761904761904,False
displac,5,5,0.11904761904761904,False
dissenti,5,4,0.09523809523809523,False
distaff,5,5,0.11904761904761904,False
distast,5,3,0.07142857142857142,False
distribut,5,3,0.07142857142857142,False
dit,5,1,0.023809523809523808,False
divulg,5,5,0.11904761904761904,False
doigt,5,1,0.023809523809523808,False
dross,5,5,0.11904761904761904,False
duller,5,5,0.11904761904761904,False
dutchman,5,5,0.11904761904761904,False
dwarf,5,5,0.11904761904761904,False
dwarfish,5,5,0.11904761904761904,False
earldom,5,3,0.07142857142857142,False
egregi,5,4,0.09523809523809523,False
embowel,5,3,0.07142857142857142,False
engirt,5,3,0.07142857142857142,False
ensnar,5,3,0.07142857142857142,False
enthral,5,4,0.09523809523809523,False
enthron,5,4,0.09523809523809523,False
entitl,5,4,0.09523809523809523,False
entrap,5,4,0.09523809523809523,False
epithet,5,3,0.07142857142857142,False
ercharg,5,5,0.11904761904761904,False
erewhil,5,4,0.09523809523809523,False
evas,5,3,0.07142857142857142,False
executor,5,4,0.09523809523809523,False
exposit,5,5,0.11904761904761904,False
extant,5,5,0.11904761904761904,False
extent,5,5,0.11904761904761904,False
exterior,5,5,0.11904761904761904,False
extraordinari,5,4,0.09523809523809523,False
falconbridg,5,4,0.09523809523809523,False
faulti,5,5,0.11904761904761904,False
fealti,5,5,0.11904761904761904,False
fer,5,1,0.023809523809523808,False
fin,5,4,0.09523809523809523,False
fittest,5,5,0.11904761904761904,False
flatli,5,5,0.11904761904761904,False
flax,5,5,0.11904761904761904,False
fleer,5,5,0.11904761904761904,False
flung,5,5,0.11904761904761904,False
foi,5,2,0.047619047619047616,False
foin,5,4,0.09523809523809523,False
foolishli,5,4,0.09523809523809523,False
footman,5,2,0.047619047619047616,False
forag,5,5,0.11904761904761904,False
foremost,5,4,0.09523809523809523,False
forgiven,5,5,0.11904761904761904,False
fornic,5,3,0.07142857142857142,False
fortitud,5,5,0.11904761904761904,False
fortress,5,4,0.09523809523809523,False
founder,5,4,0.09523809523809523,False
fount,5,5,0.11904761904761904,False
fragrant,5,4,0.09523809523809523,False
freed,5,5,0.11904761904761904,False
freer,5,5,0.11904761904761904,False
frequent,5,5,0.11904761904761904,False
fridai,5,5,0.11904761904761904,False
frontier,5,3,0.07142857142857142,False
frustrat,5,5,0.11904761904761904,False
ful,5,5,0.11904761904761904,False
fulsom,5,5,0.11904761904761904,False
fur,5,4,0.09523809523809523,False
furnitur,5,5,0.11904761904761904,False
furrow,5,5,0.11904761904761904,False
gad,5,4,0.09523809523809523,False
galen,5,4,0.09523809523809523,False
galleri,5,4,0.09523809523809523,False
gamut,5,1,0.023809523809523808,False
garb,5,5,0.11904761904761904,False
garlic,5,5,0.11904761904761904,False
garnish,5,4,0.09523809523809523,False
gauntlet,5,5,0.11904761904761904,False
gawd,5,5,0.11904761904761904,False
genoa,5,2,0.047619047619047616,False
glimmer,5,4,0.09523809523809523,False
glorifi,5,4,0.09523809523809523,False
gloze,5,5,0.11904761904761904,False
goal,5,4,0.09523809523809523,False
godfath,5,3,0.07142857142857142,False
goot,5,1,0.023809523809523808,False
gotten,5,4,0.09523809523809523,False
grandpr,5,1,0.023809523809523808,False
gravel,5,5,0.11904761904761904,False
greed,5,4,0.09523809523809523,False
grosser,5,5,0.11904761904761904,False
guildford,5,2,0.047619047619047616,False
guis,5,5,0.11904761904761904,False
habili,5,5,0.11904761904761904,False
hallowma,5,4,0.09523809523809523,False
happiest,5,5,0.11904761904761904,False
harbing,5,4,0.09523809523809523,False
harden,5,3,0.07142857142857142,False
headless,5,4,0.09523809523809523,False
heathen,5,5,0.11904761904761904,False
helican,5,1,0.023809523809523808,False
hereabout,5,3,0.07142857142857142,False
hereof,5,5,0.11904761904761904,False
heroic,5,4,0.09523809523809523,False
hest,5,3,0.07142857142857142,False
hing,5,5,0.11904761904761904,False
holmedon,5,1,0.023809523809523808,False
homicid,5,2,0.047619047619047616,False
honneur,5,1,0.023809523809523808,False
hotter,5,5,0.11904761904761904,False
husk,5,5,0.11904761904761904,False
hydra,5,5,0.11904761904761904,False
hypocrisi,5,4,0.09523809523809523,False
icicl,5,5,0.11904761904761904,False
ilium,5,2,0.047619047619047616,False
illus,5,5,0.11904761904761904,False
illustri,5,5,0.11904761904761904,False
imp,5,4,0.09523809523809523,False
imparti,5,4,0.09523809523809523,False
impot,5,4,0.09523809523809523,False
imprimi,5,3,0.07142857142857142,False
impur,5,4,0.09523809523809523,False
incertain,5,5,0.11904761904761904,False
incess,5,5,0.11904761904761904,False
incestu,5,2,0.047619047619047616,False
incompar,5,5,0.11904761904761904,False
index,5,4,0.09523809523809523,False
indi,5,5,0.11904761904761904,False
indu,5,5,0.11904761904761904,False
infidel,5,4,0.09523809523809523,False
injunct,5,5,0.11904761904761904,False
inkl,5,5,0.11904761904761904,False
inland,5,4,0.09523809523809523,False
intellect,5,2,0.047619047619047616,False
intermiss,5,5,0.11904761904761904,False
interr,5,5,0.11904761904761904,False
interview,5,4,0.09523809523809523,False
invinc,5,5,0.11904761904761904,False
isbel,5,1,0.023809523809523808,False
jai,5,5,0.11904761904761904,False
jointur,5,5,0.11904761904761904,False
keel,5,4,0.09523809523809523,False
knightli,5,3,0.07142857142857142,False
lain,5,3,0.07142857142857142,False
lank,5,5,0.11904761904761904,False
larger,5,4,0.09523809523809523,False
largess,5,5,0.11904761904761904,False
larum,5,5,0.11904761904761904,False
lath,5,5,0.11904761904761904,False
lavish,5,5,0.11904761904761904,False
lazar,5,3,0.07142857142857142,False
lincoln,5,2,0.047619047619047616,False
lionel,5,2,0.047619047619047616,False
loam,5,3,0.07142857142857142,False
lodowick,5,2,0.047619047619047616,False
loll,5,5,0.11904761904761904,False
looker,5,4,0.09523809523809523,False
lubber,5,5,0.11904761904761904,False
luggag,5,3,0.07142857142857142,False
maccabaeu,5,1,0.023809523809523808,False
magician,5,3,0.07142857142857142,False
major,5,4,0.09523809523809523,False
malt,5,5,0.11904761904761904,False
margarelon,5,1,0.023809523809523808,False
margeri,5,4,0.09523809523809523,False
massi,5,4,0.09523809523809523,False
masterli,5,5,0.11904761904761904,False
materi,5,5,0.11904761904761904,False
meg,5,4,0.09523809523809523,False
mell,5,5,0.11904761904761904,False
mercad,5,1,0.023809523809523808,False
mice,5,4,0.09523809523809523,False
mickl,5,5,0.11904761904761904,False
midwai,5,5,0.11904761904761904,False
mint,5,4,0.09523809523809523,False
misgiv,5,5,0.11904761904761904,False
mishap,5,4,0.09523809523809523,False
misplac,5,5,0.11904761904761904,False
monasteri,5,4,0.09523809523809523,False
mong,5,5,0.11904761904761904,False
mort,5,4,0.09523809523809523,False
mountebank,5,4,0.09523809523809523,False
musk,5,3,0.07142857142857142,False
mutter,5,5,0.11904761904761904,False
muzzl,5,5,0.11904761904761904,False
nero,5,5,0.11904761904761904,False
newest,5,3,0.07142857142857142,False
noisom,5,5,0.11904761904761904,False
nook,5,5,0.11904761904761904,False
novic,5,5,0.11904761904761904,False
nurseri,5,5,0.11904761904761904,False
oat,5,5,0.11904761904761904,False
obscen,5,4,0.09523809523809523,False
oili,5,5,0.11904761904761904,False
onion,5,4,0.09523809523809523,False
onset,5,5,0.11904761904761904,False
onward,5,4,0.09523809523809523,False
orison,5,5,0.11904761904761904,False
ort,5,4,0.09523809523809523,False
outright,5,5,0.11904761904761904,False
outstretch,5,5,0.11904761904761904,False
outwardli,5,5,0.11904761904761904,False
overboard,5,3,0.07142857142857142,False
overflow,5,5,0.11904761904761904,False
overtur,5,4,0.09523809523809523,False
overwhelm,5,5,0.11904761904761904,False
palter,5,5,0.11904761904761904,False
paradox,5,5,0.11904761904761904,False
parasit,5,5,0.11904761904761904,False
parlou,5,4,0.09523809523809523,False
parthian,5,2,0.047619047619047616,False
partisan,5,4,0.09523809523809523,False
pave,5,5,0.11904761904761904,False
peacock,5,5,0.11904761904761904,False
peascod,5,5,0.11904761904761904,False
pendent,5,5,0.11904761904761904,False
penn,5,3,0.07142857142857142,False
pension,5,5,0.11904761904761904,False
pensiv,5,5,0.11904761904761904,False
pepin,5,4,0.09523809523809523,False
perch,5,5,0.11904761904761904,False
perdi,5,5,0.11904761904761904,False
perfidi,5,4,0.09523809523809523,False
permiss,5,3,0.07142857142857142,False
perpend,5,5,0.11904761904761904,False
persist,5,4,0.09523809523809523,False
personag,5,4,0.09523809523809523,False
perspect,5,5,0.11904761904761904,False
pester,5,5,0.11904761904761904,False
philemon,5,2,0.047619047619047616,False
phrygian,5,3,0.07142857142857142,False
pill,5,5,0.11904761904761904,False
pinion,5,4,0.09523809523809523,False
pitchi,5,5,0.11904761904761904,False
placket,5,4,0.09523809523809523,False
pli,5,5,0.11904761904761904,False
plum,5,4,0.09523809523809523,False
poesi,5,5,0.11904761904761904,False
poictier,5,2,0.047619047619047616,False
polack,5,1,0.023809523809523808,False
poland,5,3,0.07142857142857142,False
politician,5,4,0.09523809523809523,False
polydor,5,1,0.023809523809523808,False
pond,5,5,0.11904761904761904,False
poniard,5,5,0.11904761904761904,False
poorer,5,4,0.09523809523809523,False
porch,5,4,0.09523809523809523,False
prain,5,2,0.047619047619047616,False
predecessor,5,3,0.07142857142857142,False
predict,5,4,0.09523809523809523,False
premedit,5,5,0.11904761904761904,False
presenteth,5,5,0.11904761904761904,False
presumptu,5,4,0.09523809523809523,False
pridg,5,1,0.023809523809523808,False
privili,5,5,0.11904761904761904,False
progeni,5,4,0.09523809523809523,False
propag,5,5,0.11904761904761904,False
properli,5,5,0.11904761904761904,False
prosecut,5,4,0.09523809523809523,False
provend,5,5,0.11904761904761904,False
ptolemi,5,1,0.023809523809523808,False
quir,5,5,0.11904761904761904,False
quirk,5,5,0.11904761904761904,False
ramp,5,5,0.11904761904761904,False
random,5,5,0.11904761904761904,False
razor,5,5,0.11904761904761904,False
reck,5,5,0.11904761904761904,False
redoubt,5,5,0.11904761904761904,False
refin,5,5,0.11904761904761904,False
refrain,5,5,0.11904761904761904,False
regreet,5,3,0.07142857142857142,False
repaid,5,5,0.11904761904761904,False
revolut,5,5,0.11904761904761904,False
rheumat,5,5,0.11904761904761904,False
rialto,5,1,0.023809523809523808,False
ribbon,5,3,0.07142857142857142,False
ridg,5,5,0.11904761904761904,False
risen,5,5,0.11904761904761904,False
roam,5,5,0.11904761904761904,False
roger,5,2,0.047619047619047616,False
roi,5,2,0.047619047619047616,False
ruff,5,4,0.09523809523809523,False
runag,5,3,0.07142857142857142,False
runn,5,5,0.11904761904761904,False
rustic,5,3,0.07142857142857142,False
satir,5,5,0.11904761904761904,False
sauf,5,1,0.023809523809523808,False
scab,5,5,0.11904761904761904,False
scent,5,5,0.11904761904761904,False
schoolboi,5,5,0.11904761904761904,False
scoff,5,3,0.07142857142857142,False
scorch,5,5,0.11904761904761904,False
scornfulli,5,5,0.11904761904761904,False
scotch,5,4,0.09523809523809523,False
scrap,5,4,0.09523809523809523,False
scriptur,5,4,0.09523809523809523,False
se,5,5,0.11904761904761904,False
sedg,5,4,0.09523809523809523,False
seeth,5,5,0.11904761904761904,False
serious,5,4,0.09523809523809523,False
sextu,5,2,0.047619047619047616,False
shamefulli,5,5,0.11904761904761904,False
shamest,5,4,0.09523809523809523,False
shapen,5,4,0.09523809523809523,False
sharpli,5,5,0.11904761904761904,False
shent,5,5,0.11904761904761904,False
sherri,5,1,0.023809523809523808,False
shrug,5,4,0.09523809523809523,False
sift,5,5,0.11904761904761904,False
signieur,5,1,0.023809523809523808,False
simoi,5,2,0.047619047619047616,False
sinewi,5,5,0.11904761904761904,False
singli,5,5,0.11904761904761904,False
sisterhood,5,3,0.07142857142857142,False
situat,5,5,0.11904761904761904,False
slaveri,5,5,0.11904761904761904,False
slime,5,3,0.07142857142857142,False
slough,5,4,0.09523809523809523,False
slowli,5,5,0.11904761904761904,False
smite,5,3,0.07142857142857142,False
smote,5,5,0.11904761904761904,False
sol,5,4,0.09523809523809523,False
solid,5,4,0.09523809523809523,False
sourest,5,5,0.11904761904761904,False
spin,5,4,0.09523809523809523,False
spongi,5,5,0.11904761904761904,False
sportiv,5,5,0.11904761904761904,False
steepl,5,4,0.09523809523809523,False
stirrup,5,4,0.09523809523809523,False
strangest,5,4,0.09523809523809523,False
student,5,4,0.09523809523809523,False
sty,5,5,0.11904761904761904,False
substanti,5,5,0.11904761904761904,False
suffoc,5,5,0.11904761904761904,False
suffrag,5,4,0.09523809523809523,False
sumptuou,5,4,0.09523809523809523,False
sunk,5,5,0.11904761904761904,False
supposit,5,5,0.11904761904761904,False
supremaci,5,4,0.09523809523809523,False
surgeri,5,5,0.11904761904761904,False
surrend,5,5,0.11904761904761904,False
suspici,5,5,0.11904761904761904,False
sy,5,5,0.11904761904761904,False
talkest,5,5,0.11904761904761904,False
tapestri,5,4,0.09523809523809523,False
tarpeian,5,1,0.023809523809523808,False
tart,5,5,0.11904761904761904,False
tattl,5,4,0.09523809523809523,False
teacher,5,5,0.11904761904761904,False
teachest,5,4,0.09523809523809523,False
tellu,5,3,0.07142857142857142,False
tereu,5,3,0.07142857142857142,False
test,5,4,0.09523809523809523,False
thatch,5,5,0.11904761904761904,False
thereabout,5,5,0.11904761904761904,False
thicket,5,4,0.09523809523809523,False
thirteen,5,4,0.09523809523809523,False
thracian,5,4,0.09523809523809523,False
thrifti,5,5,0.11904761904761904,False
thrill,5,5,0.11904761904761904,False
throe,5,5,0.11904761904761904,False
toppl,5,5,0.11904761904761904,False
tourain,5,2,0.047619047619047616,False
trampl,5,4,0.09523809523809523,False
tranc,5,4,0.09523809523809523,False
transpar,5,5,0.11904761904761904,False
travers,5,5,0.11904761904761904,False
tripl,5,4,0.09523809523809523,False
troublou,5,3,0.07142857142857142,False
tub,5,4,0.09523809523809523,False
tuft,5,5,0.11904761904761904,False
tug,5,5,0.11904761904761904,False
turf,5,5,0.11904761904761904,False
turkei,5,4,0.09523809523809523,False
turret,5,2,0.047619047619047616,False
twist,5,5,0.11904761904761904,False
tyru,5,1,0.023809523809523808,False
ulcer,5,4,0.09523809523809523,False
umpir,5,4,0.09523809523809523,False
unaccustom,5,3,0.07142857142857142,False
unbruis,5,5,0.11904761904761904,False
undoubt,5,5,0.11904761904761904,False
uneasi,5,4,0.09523809523809523,False
unequ,5,5,0.11904761904761904,False
ungovern,5,3,0.07142857142857142,False
unholi,5,5,0.11904761904761904,False
unlearn,5,5,0.11904761904761904,False
unload,5,5,0.11904761904761904,False
unmeet,5,4,0.09523809523809523,False
unprepar,5,5,0.11904761904761904,False
unreason,5,5,0.11904761904761904,False
unrespect,5,4,0.09523809523809523,False
unsavouri,5,5,0.11904761904761904,False
unseal,5,5,0.11904761904761904,False
unsheath,5,3,0.07142857142857142,False
unsound,5,5,0.11904761904761904,False
untaught,5,5,0.11904761904761904,False
unthank,5,5,0.11904761904761904,False
unthrift,5,4,0.09523809523809523,False
untutor,5,5,0.11904761904761904,False
unwis,5,4,0.09523809523809523,False
urchin,5,4,0.09523809523809523,False
usest,5,5,0.11904761904761904,False
vagabond,5,5,0.11904761904761904,False
valiantli,5,4,0.09523809523809523,False
valid,5,5,0.11904761904761904,False
vasti,5,3,0.07142857142857142,False
vaward,5,5,0.11904761904761904,False
vener,5,5,0.11904761904761904,False
vestur,5,5,0.11904761904761904,False
vie,5,3,0.07142857142857142,False
vilest,5,5,0.11904761904761904,False
viol,5,4,0.09523809523809523,False
virtuous,5,5,0.11904761904761904,False
vollei,5,5,0.11904761904761904,False
wade,5,5,0.11904761904761904,False
warbl,5,4,0.09523809523809523,False
wassail,5,5,0.11904761904761904,False
weakest,5,5,0.11904761904761904,False
wedg,5,4,0.09523809523809523,False
welfar,5,5,0.11904761904761904,False
welshmen,5,4,0.09523809523809523,False
westward,5,5,0.11904761904761904,False
whoop,5,4,0.09523809523809523,False
whoremast,5,4,0.09523809523809523,False
wield,5,5,0.11904761904761904,False
wilfulli,5,5,0.11904761904761904,False
withdrew,5,5,0.11904761904761904,False
wo,5,2,0.047619047619047616,False
woodvil,5,2,0.047619047619047616,False
wrung,5,5,0.11904761904761904,False
y,5,4,0.09523809523809523,False
yell,5,5,0.11904761904761904,False
ab,4,4,0.09523809523809523,False
absolv,4,2,0.047619047619047616,False
abstin,4,3,0.07142857142857142,False
absurd,4,3,0.07142857142857142,False
accompt,4,4,0.09523809523809523,False
accumul,4,4,0.09523809523809523,False
accurst,4,4,0.09523809523809523,False
adjoin,4,4,0.09523809523809523,False
admonish,4,3,0.07142857142857142,False
adulteress,4,2,0.047619047619047616,False
affin,4,2,0.047619047619047616,False
afresh,4,3,0.07142857142857142,False
afric,4,4,0.09523809523809523,False
agreement,4,2,0.047619047619047616,False
alacr,4,4,0.09523809523809523,False
alarbu,4,1,0.023809523809523808,False
allei,4,3,0.07142857142857142,False
allon,4,2,0.047619047619047616,False
allot,4,4,0.09523809523809523,False
almanac,4,4,0.09523809523809523,False
alp,4,4,0.09523809523809523,False
amidst,4,2,0.047619047619047616,False
amplifi,4,4,0.09523809523809523,False
anatomi,4,4,0.09523809523809523,False
ancestri,4,4,0.09523809523809523,False
andronici,4,1,0.023809523809523808,False
angleterr,4,1,0.023809523809523808,False
annex,4,4,0.09523809523809523,False
antiat,4,1,0.023809523809523808,False
anticip,4,4,0.09523809523809523,False
apoplexi,4,2,0.047619047619047616,False
appelez,4,1,0.023809523809523808,False
approacheth,4,3,0.07142857142857142,False
approof,4,3,0.07142857142857142,False
ascrib,4,4,0.09523809523809523,False
ashi,4,3,0.07142857142857142,False
asia,4,4,0.09523809523809523,False
askanc,4,4,0.09523809523809523,False
aspic,4,2,0.047619047619047616,False
associ,4,4,0.09523809523809523,False
assuredli,4,4,0.09523809523809523,False
atomi,4,3,0.07142857142857142,False
attaind,4,4,0.09523809523809523,False
authent,4,3,0.07142857142857142,False
av,4,4,0.09523809523809523,False
avez,4,1,0.023809523809523808,False
award,4,3,0.07142857142857142,False
awkward,4,4,0.09523809523809523,False
azur,4,3,0.07142857142857142,False
bacon,4,2,0.047619047619047616,False
bagpip,4,3,0.07142857142857142,False
balk,4,4,0.09523809523809523,False
bast,4,3,0.07142857142857142,False
bawcock,4,3,0.07142857142857142,False
bechanc,4,4,0.09523809523809523,False
behav,4,4,0.09523809523809523,False
ben,4,2,0.047619047619047616,False
benedictu,4,1,0.023809523809523808,False
benefactor,4,2,0.047619047619047616,False
benison,4,3,0.07142857142857142,False
bet,4,3,0.07142857142857142,False
beweep,4,4,0.09523809523809523,False
blackest,4,4,0.09523809523809523,False
blackheath,4,2,0.047619047619047616,False
bladder,4,4,0.09523809523809523,False
blessed,4,3,0.07142857142857142,False
blew,4,4,0.09523809523809523,False
blith,4,4,0.09523809523809523,False
bloodili,4,4,0.09523809523809523,False
bloom,4,4,0.09523809523809523,False
bob,4,3,0.07142857142857142,False
bodili,4,4,0.09523809523809523,False
bondmen,4,3,0.07142857142857142,False
border,4,4,0.09523809523809523,False
borough,4,3,0.07142857142857142,False
bosko,4,1,0.023809523809523808,False
bounc,4,4,0.09523809523809523,False
bove,4,4,0.09523809523809523,False
brai,4,4,0.09523809523809523,False
braid,4,4,0.09523809523809523,False
bravest,4,3,0.07142857142857142,False
breather,4,4,0.09523809523809523,False
breton,4,1,0.023809523809523808,False
breviti,4,3,0.07142857142857142,False
brick,4,3,0.07142857142857142,False
brightest,4,4,0.09523809523809523,False
brinish,4,4,0.09523809523809523,False
brisk,4,4,0.09523809523809523,False
budget,4,2,0.047619047619047616,False
buff,4,2,0.047619047619047616,False
burgonet,4,2,0.047619047619047616,False
buss,4,4,0.09523809523809523,False
butler,4,3,0.07142857142857142,False
buzzard,4,2,0.047619047619047616,False
carbonado,4,4,0.09523809523809523,False
carnal,4,4,0.09523809523809523,False
casqu,4,4,0.09523809523809523,False
cassibelan,4,1,0.023809523809523808,False
castawai,4,4,0.09523809523809523,False
catalogu,4,4,0.09523809523809523,False
catastroph,4,4,0.09523809523809523,False
catechis,4,4,0.09523809523809523,False
causeless,4,4,0.09523809523809523,False
cautel,4,4,0.09523809523809523,False
cerberu,4,4,0.09523809523809523,False
ch,4,2,0.047619047619047616,False
chalic,4,4,0.09523809523809523,False
chameleon,4,3,0.07142857142857142,False
changeabl,4,4,0.09523809523809523,False
chequer,4,4,0.09523809523809523,False
cherubim,4,4,0.09523809523809523,False
chidden,4,4,0.09523809523809523,False
chill,4,4,0.09523809523809523,False
cicatric,4,4,0.09523809523809523,False
cinder,4,4,0.09523809523809523,False
circuit,4,4,0.09523809523809523,False
cistern,4,4,0.09523809523809523,False
civet,4,3,0.07142857142857142,False
claribel,4,1,0.023809523809523808,False
cleans,4,4,0.09523809523809523,False
clergi,4,3,0.07142857142857142,False
clerkli,4,3,0.07142857142857142,False
clipp,4,3,0.07142857142857142,False
closur,4,4,0.09523809523809523,False
cobham,4,3,0.07142857142857142,False
cockatric,4,4,0.09523809523809523,False
coher,4,4,0.09523809523809523,False
coldest,4,4,0.09523809523809523,False
collar,4,2,0.047619047619047616,False
colleg,4,4,0.09523809523809523,False
cometh,4,3,0.07142857142857142,False
comic,4,3,0.07142857142857142,False
commerc,4,3,0.07142857142857142,False
commonli,4,4,0.09523809523809523,False
compromis,4,4,0.09523809523809523,False
concav,4,4,0.09523809523809523,False
conn,4,4,0.09523809523809523,False
consistori,4,2,0.047619047619047616,False
contumeli,4,3,0.07142857142857142,False
core,4,2,0.047619047619047616,False
cormor,4,4,0.09523809523809523,False
coun,4,1,0.023809523809523808,False
countless,4,3,0.07142857142857142,False
cozenag,4,3,0.07142857142857142,False
credent,4,4,0.09523809523809523,False
credo,4,1,0.023809523809523808,False
crescent,4,4,0.09523809523809523,False
crisp,4,4,0.09523809523809523,False
crispian,4,1,0.023809523809523808,False
crispin,4,1,0.023809523809523808,False
croak,4,4,0.09523809523809523,False
crotchet,4,4,0.09523809523809523,False
cuckoldli,4,2,0.047619047619047616,False
cumberland,4,2,0.047619047619047616,False
cunningli,4,4,0.09523809523809523,False
curat,4,2,0.047619047619047616,False
curfew,4,4,0.09523809523809523,False
curios,4,2,0.047619047619047616,False
curious,4,4,0.09523809523809523,False
cutpurs,4,3,0.07142857142857142,False
daff,4,4,0.09523809523809523,False
damm,4,4,0.09523809523809523,False
datchet,4,1,0.023809523809523808,False
dateless,4,3,0.07142857142857142,False
daub,4,3,0.07142857142857142,False
dauntless,4,3,0.07142857142857142,False
deafen,4,3,0.07142857142857142,False
dealer,4,3,0.07142857142857142,False
debas,4,3,0.07142857142857142,False
debosh,4,3,0.07142857142857142,False
deciph,4,4,0.09523809523809523,False
decrepit,4,4,0.09523809523809523,False
default,4,3,0.07142857142857142,False
defunct,4,3,0.07142857142857142,False
deliveri,4,3,0.07142857142857142,False
delv,4,4,0.09523809523809523,False
denounc,4,3,0.07142857142857142,False
dere,4,1,0.023809523809523808,False
descant,4,3,0.07142857142857142,False
deservest,4,4,0.09523809523809523,False
desist,4,3,0.07142857142857142,False
desk,4,2,0.047619047619047616,False
diabl,4,2,0.047619047619047616,False
dilat,4,4,0.09523809523809523,False
disgorg,4,4,0.09523809523809523,False
dishonesti,4,4,0.09523809523809523,False
disobei,4,4,0.09523809523809523,False
disport,4,4,0.09523809523809523,False
disproport,4,3,0.07142857142857142,False
dizzi,4,4,0.09523809523809523,False
dock,4,4,0.09523809523809523,False
donat,4,4,0.09523809523809523,False
dong,4,2,0.047619047619047616,False
doricl,4,1,0.023809523809523808,False
dotard,4,4,0.09523809523809523,False
doubtfulli,4,3,0.07142857142857142,False
dout,4,3,0.07142857142857142,False
downi,4,4,0.09523809523809523,False
drave,4,4,0.09523809523809523,False
dreamer,4,4,0.09523809523809523,False
drizzl,4,4,0.09523809523809523,False
dub,4,4,0.09523809523809523,False
ducdam,4,1,0.023809523809523808,False
dul,4,4,0.09523809523809523,False
eav,4,4,0.09523809523809523,False
ecu,4,2,0.047619047619047616,False
elegi,4,3,0.07142857142857142,False
ell,4,4,0.09523809523809523,False
endu,4,4,0.09523809523809523,False
enfeebl,4,4,0.09523809523809523,False
equiti,4,4,0.09523809523809523,False
ergrown,4,4,0.09523809523809523,False
erthrow,4,4,0.09523809523809523,False
erupt,4,4,0.09523809523809523,False
esper,4,3,0.07142857142857142,False
essenti,4,4,0.09523809523809523,False
eton,4,1,0.023809523809523808,False
euriphil,4,1,0.023809523809523808,False
everlastingli,4,4,0.09523809523809523,False
ewer,4,2,0.047619047619047616,False
exalt,4,3,0.07142857142857142,False
exasper,4,4,0.09523809523809523,False
expend,4,4,0.09523809523809523,False
extract,4,4,0.09523809523809523,False
extravag,4,4,0.09523809523809523,False
fabric,4,3,0.07142857142857142,False
facil,4,2,0.047619047619047616,False
fai,4,4,0.09523809523809523,False
faithless,4,4,0.09523809523809523,False
fallow,4,3,0.07142857142857142,False
familiarli,4,4,0.09523809523809523,False
fangl,4,4,0.09523809523809523,False
farmer,4,3,0.07142857142857142,False
fe,4,1,0.023809523809523808,False
fervor,4,4,0.09523809523809523,False
fighter,4,4,0.09523809523809523,False
filial,4,4,0.09523809523809523,False
finder,4,4,0.09523809523809523,False
fisher,4,4,0.09523809523809523,False
flier,4,2,0.047619047619047616,False
floor,4,3,0.07142857142857142,False
floweri,4,3,0.07142857142857142,False
flush,4,3,0.07142857142857142,False
foggi,4,4,0.09523809523809523,False
fopperi,4,4,0.09523809523809523,False
forbad,4,4,0.09523809523809523,False
forefath,4,4,0.09523809523809523,False
foretold,4,4,0.09523809523809523,False
forewarn,4,3,0.07142857142857142,False
foulli,4,4,0.09523809523809523,False
franchis,4,4,0.09523809523809523,False
fro,4,3,0.07142857142857142,False
frogmor,4,1,0.023809523809523808,False
fumbl,4,3,0.07142857142857142,False
furthest,4,4,0.09523809523809523,False
fustian,4,4,0.09523809523809523,False
gale,4,4,0.09523809523809523,False
galliard,4,2,0.047619047619047616,False
gardon,4,1,0.023809523809523808,False
garrison,4,4,0.09523809523809523,False
gatori,4,3,0.07142857142857142,False
gender,4,3,0.07142857142857142,False
gipsi,4,3,0.07142857142857142,False
glare,4,4,0.09523809523809523,False
glassi,4,4,0.09523809523809523,False
gleek,4,4,0.09523809523809523,False
glib,4,4,0.09523809523809523,False
goad,4,4,0.09523809523809523,False
godhead,4,4,0.09523809523809523,False
godlik,4,4,0.09523809523809523,False
gonzago,4,1,0.023809523809523808,False
graff,4,3,0.07142857142857142,False
grandmoth,4,4,0.09523809523809523,False
gratitud,4,4,0.09523809523809523,False
gratul,4,4,0.09523809523809523,False
grisli,4,4,0.09523809523809523,False
grovel,4,3,0.07142857142857142,False
grub,4,2,0.047619047619047616,False
guardsman,4,1,0.023809523809523808,False
guerdon,4,4,0.09523809523809523,False
gurnei,4,1,0.023809523809523808,False
haberdash,4,2,0.047619047619047616,False
haggard,4,3,0.07142857142857142,False
halloo,4,3,0.07142857142857142,False
handkerch,4,4,0.09523809523809523,False
hannib,4,3,0.07142857142857142,False
hardest,4,4,0.09523809523809523,False
harlotri,4,3,0.07142857142857142,False
harpi,4,3,0.07142857142857142,False
hateth,4,3,0.07142857142857142,False
haud,4,1,0.023809523809523808,False
hazel,4,2,0.047619047619047616,False
headi,4,3,0.07142857142857142,False
hearth,4,2,0.047619047619047616,False
heedfulli,4,4,0.09523809523809523,False
heifer,4,4,0.09523809523809523,False
hellespont,4,3,0.07142857142857142,False
hemm,4,3,0.07142857142857142,False
herbert,4,1,0.023809523809523808,False
hight,4,3,0.07142857142857142,False
hopkin,4,1,0.023809523809523808,False
housekeep,4,4,0.09523809523809523,False
hulk,4,3,0.07142857142857142,False
hull,4,4,0.09523809523809523,False
huntsmen,4,3,0.07142857142857142,False
hurli,4,4,0.09523809523809523,False
hyperbol,4,4,0.09523809523809523,False
ignomini,4,3,0.07142857142857142,False
ild,4,3,0.07142857142857142,False
impair,4,3,0.07142857142857142,False
impregn,4,4,0.09523809523809523,False
incid,4,2,0.047619047619047616,False
indent,4,3,0.07142857142857142,False
indigest,4,4,0.09523809523809523,False
indulg,4,4,0.09523809523809523,False
inevit,4,4,0.09523809523809523,False
ingredi,4,3,0.07142857142857142,False
inli,4,4,0.09523809523809523,False
innov,4,4,0.09523809523809523,False
inquisit,4,3,0.07142857142857142,False
insert,4,4,0.09523809523809523,False
intemper,4,4,0.09523809523809523,False
interlud,4,3,0.07142857142857142,False
interpos,4,4,0.09523809523809523,False
intim,4,3,0.07142857142857142,False
intrus,4,3,0.07142857142857142,False
inund,4,3,0.07142857142857142,False
invad,4,2,0.047619047619047616,False
inveter,4,4,0.09523809523809523,False
ivi,4,4,0.09523809523809523,False
j,4,2,0.047619047619047616,False
jangl,4,4,0.09523809523809523,False
jephthah,4,2,0.047619047619047616,False
joiner,4,2,0.047619047619047616,False
jovial,4,3,0.07142857142857142,False
juggler,4,3,0.07142857142857142,False
june,4,3,0.07142857142857142,False
juniu,4,3,0.07142857142857142,False
justl,4,3,0.07142857142857142,False
keepest,4,4,0.09523809523809523,False
kibe,4,4,0.09523809523809523,False
knack,4,3,0.07142857142857142,False
knead,4,3,0.07142857142857142,False
laden,4,3,0.07142857142857142,False
langlei,4,3,0.07142857142857142,False
lapp,4,4,0.09523809523809523,False
lapw,4,4,0.09523809523809523,False
lattic,4,4,0.09523809523809523,False
laurel,4,4,0.09523809523809523,False
lave,4,4,0.09523809523809523,False
leak,4,4,0.09523809523809523,False
leander,4,3,0.07142857142857142,False
leash,4,4,0.09523809523809523,False
leonardo,4,1,0.023809523809523808,False
leopard,4,3,0.07142857142857142,False
leprosi,4,2,0.047619047619047616,False
libya,4,3,0.07142857142857142,False
licenti,4,4,0.09523809523809523,False
limbo,4,4,0.09523809523809523,False
lizard,4,4,0.09523809523809523,False
lobbi,4,3,0.07142857142857142,False
loiter,4,3,0.07142857142857142,False
lone,4,4,0.09523809523809523,False
loop,4,4,0.09523809523809523,False
lovedst,4,3,0.07142857142857142,False
loveli,4,4,0.09523809523809523,False
lucretia,4,2,0.047619047619047616,False
lud,4,1,0.023809523809523808,False
luke,4,2,0.047619047619047616,False
lull,4,4,0.09523809523809523,False
lulla,4,1,0.023809523809523808,False
lustili,4,4,0.09523809523809523,False
mainli,4,4,0.09523809523809523,False
malcont,4,3,0.07142857142857142,False
malmsei,4,3,0.07142857142857142,False
mandat,4,3,0.07142857142857142,False
mandrak,4,3,0.07142857142857142,False
mann,4,2,0.047619047619047616,False
marcheth,4,4,0.09523809523809523,False
marchio,4,1,0.023809523809523808,False
marigold,4,4,0.09523809523809523,False
marjoram,4,4,0.09523809523809523,False
marseil,4,2,0.047619047619047616,False
masham,4,1,0.023809523809523808,False
masker,4,3,0.07142857142857142,False
masquer,4,2,0.047619047619047616,False
mastiff,4,3,0.07142857142857142,False
mattock,4,2,0.047619047619047616,False
mayest,4,4,0.09523809523809523,False
meadow,4,4,0.09523809523809523,False
meanli,4,4,0.09523809523809523,False
meanwhil,4,2,0.047619047619047616,False
mediat,4,4,0.09523809523809523,False
menecr,4,1,0.023809523809523808,False
mention,4,4,0.09523809523809523,False
mercenari,4,3,0.07142857142857142,False
meritori,4,4,0.09523809523809523,False
metaphor,4,2,0.047619047619047616,False
mete,4,3,0.07142857142857142,False
metr,4,4,0.09523809523809523,False
milch,4,4,0.09523809523809523,False
milder,4,3,0.07142857142857142,False
miner,4,3,0.07142857142857142,False
misbegotten,4,4,0.09523809523809523,False
miscreant,4,3,0.07142857142857142,False
misde,4,3,0.07142857142857142,False
mislik,4,4,0.09523809523809523,False
mixtur,4,4,0.09523809523809523,False
moistur,4,3,0.07142857142857142,False
montgomeri,4,1,0.023809523809523808,False
mordak,4,1,0.023809523809523808,False
morri,4,4,0.09523809523809523,False
moulten,4,3,0.07142857142857142,False
mover,4,4,0.09523809523809523,False
muffler,4,2,0.047619047619047616,False
mulberri,4,3,0.07142857142857142,False
munch,4,2,0.047619047619047616,False
naked,4,4,0.09523809523809523,False
nameless,4,3,0.07142857142857142,False
neighbourhood,4,3,0.07142857142857142,False
newt,4,4,0.09523809523809523,False
niggardli,4,4,0.09523809523809523,False
nineteen,4,3,0.07142857142857142,False
ninni,4,2,0.047619047619047616,False
nonino,4,1,0.023809523809523808,False
nonpareil,4,4,0.09523809523809523,False
nurtur,4,4,0.09523809523809523,False
oar,4,4,0.09523809523809523,False
obloqui,4,3,0.07142857142857142,False
obstacl,4,3,0.07142857142857142,False
oddli,4,4,0.09523809523809523,False
older,4,4,0.09523809523809523,False
orpheu,4,4,0.09523809523809523,False
oubli,4,2,0.047619047619047616,False
oven,4,4,0.09523809523809523,False
overcharg,4,3,0.07142857142857142,False
overp,4,4,0.09523809523809523,False
pail,4,4,0.09523809523809523,False
painfulli,4,4,0.09523809523809523,False
pancak,4,2,0.047619047619047616,False
pap,4,3,0.07142857142857142,False
pard,4,4,0.09523809523809523,False
particip,4,4,0.09523809523809523,False
partit,4,3,0.07142857142857142,False
pash,4,3,0.07142857142857142,False
patrick,4,2,0.047619047619047616,False
patrimoni,4,4,0.09523809523809523,False
paunch,4,3,0.07142857142857142,False
peaceabl,4,3,0.07142857142857142,False
peach,4,3,0.07142857142857142,False
pedigre,4,3,0.07142857142857142,False
peel,4,3,0.07142857142857142,False
pell,4,4,0.09523809523809523,False
per,4,3,0.07142857142857142,False
perfectli,4,3,0.07142857142857142,False
pervert,4,4,0.09523809523809523,False
petter,4,2,0.047619047619047616,False
phaethon,4,3,0.07142857142857142,False
pickl,4,3,0.07142857142857142,False
pink,4,3,0.07142857142857142,False
pint,4,3,0.07142857142857142,False
pish,4,2,0.047619047619047616,False
piss,4,4,0.09523809523809523,False
pitifulli,4,4,0.09523809523809523,False
pitiless,4,4,0.09523809523809523,False
plainer,4,4,0.09523809523809523,False
plantain,4,1,0.023809523809523808,False
pleach,4,3,0.07142857142857142,False
ploughman,4,3,0.07142857142857142,False
plutu,4,4,0.09523809523809523,False
poetic,4,2,0.047619047619047616,False
ponder,4,4,0.09523809523809523,False
portal,4,4,0.09523809523809523,False
posset,4,3,0.07142857142857142,False
prabbl,4,2,0.047619047619047616,False
pre,4,4,0.09523809523809523,False
prefix,4,4,0.09523809523809523,False
premis,4,4,0.09523809523809523,False
prescienc,4,4,0.09523809523809523,False
prescrib,4,4,0.09523809523809523,False
priori,4,2,0.047619047619047616,False
progenitor,4,3,0.07142857142857142,False
prophetess,4,2,0.047619047619047616,False
prorogu,4,3,0.07142857142857142,False
proscript,4,1,0.023809523809523808,False
prudent,4,4,0.09523809523809523,False
puf,4,4,0.09523809523809523,False
pule,4,4,0.09523809523809523,False
pump,4,3,0.07142857142857142,False
punk,4,3,0.07142857142857142,False
purer,4,4,0.09523809523809523,False
purifi,4,3,0.07142857142857142,False
pyramid,4,3,0.07142857142857142,False
pythagora,4,3,0.07142857142857142,False
qualm,4,4,0.09523809523809523,False
quarri,4,4,0.09523809523809523,False
quean,4,3,0.07142857142857142,False
queasi,4,4,0.09523809523809523,False
quod,4,3,0.07142857142857142,False
rabbit,4,4,0.09523809523809523,False
rainbow,4,4,0.09523809523809523,False
raini,4,4,0.09523809523809523,False
rap,4,2,0.047619047619047616,False
rapin,4,1,0.023809523809523808,False
raptur,4,3,0.07142857142857142,False
rarer,4,4,0.09523809523809523,False
rashli,4,3,0.07142857142857142,False
ravel,4,4,0.09523809523809523,False
ravin,4,3,0.07142857142857142,False
readiest,4,4,0.09523809523809523,False
real,4,4,0.09523809523809523,False
rearward,4,4,0.09523809523809523,False
receivest,4,2,0.047619047619047616,False
receptacl,4,3,0.07142857142857142,False
recommend,4,4,0.09523809523809523,False
recours,4,4,0.09523809523809523,False
redoubl,4,4,0.09523809523809523,False
reinforc,4,4,0.09523809523809523,False
remit,4,3,0.07142857142857142,False
remorseless,4,4,0.09523809523809523,False
rendezv,4,3,0.07142857142857142,False
repast,4,4,0.09523809523809523,False
repin,4,4,0.09523809523809523,False
replenish,4,4,0.09523809523809523,False
replic,4,4,0.09523809523809523,False
repossess,4,1,0.023809523809523808,False
reprob,4,4,0.09523809523809523,False
resound,4,3,0.07142857142857142,False
restitut,4,4,0.09523809523809523,False
retail,4,3,0.07142857142857142,False
rhenish,4,2,0.047619047619047616,False
rift,4,3,0.07142857142857142,False
rigg,4,3,0.07142857142857142,False
rigour,4,4,0.09523809523809523,False
riper,4,3,0.07142857142857142,False
riseth,4,4,0.09523809523809523,False
roan,4,2,0.047619047619047616,False
rosi,4,3,0.07142857142857142,False
rote,4,4,0.09523809523809523,False
row,4,4,0.09523809523809523,False
ruinat,4,4,0.09523809523809523,False
rustl,4,4,0.09523809523809523,False
sacrif,4,4,0.09523809523809523,False
sadder,4,4,0.09523809523809523,False
saffron,4,4,0.09523809523809523,False
salli,4,4,0.09523809523809523,False
sandal,4,2,0.047619047619047616,False
sanguin,4,4,0.09523809523809523,False
sardi,4,1,0.023809523809523808,False
satieti,4,4,0.09523809523809523,False
satin,4,3,0.07142857142857142,False
scabbard,4,4,0.09523809523809523,False
scalp,4,4,0.09523809523809523,False
scarciti,4,4,0.09523809523809523,False
scarr,4,4,0.09523809523809523,False
scepter,4,3,0.07142857142857142,False
scienc,4,4,0.09523809523809523,False
scottish,4,3,0.07142857142857142,False
scowl,4,4,0.09523809523809523,False
scum,4,4,0.09523809523809523,False
scurril,4,3,0.07142857142857142,False
sender,4,3,0.07142857142857142,False
sequenc,4,4,0.09523809523809523,False
sequest,4,4,0.09523809523809523,False
servitud,4,4,0.09523809523809523,False
setter,4,3,0.07142857142857142,False
shadi,4,4,0.09523809523809523,False
shank,4,4,0.09523809523809523,False
shard,4,4,0.09523809523809523,False
sharpen,4,4,0.09523809523809523,False
shave,4,4,0.09523809523809523,False
shelv,4,4,0.09523809523809523,False
shove,4,3,0.07142857142857142,False
shovel,4,4,0.09523809523809523,False
sibyl,4,4,0.09523809523809523,False
siev,4,4,0.09523809523809523,False
signori,4,3,0.07142857142857142,False
singer,4,4,0.09523809523809523,False
sinn,4,4,0.09523809523809523,False
sip,4,4,0.09523809523809523,False
sixti,4,3,0.07142857142857142,False
sleek,4,4,0.09523809523809523,False
slop,4,4,0.09523809523809523,False
sluic,4,4,0.09523809523809523,False
slut,4,3,0.07142857142857142,False
smirch,4,3,0.07142857142857142,False
snap,4,4,0.09523809523809523,False
sneap,4,4,0.09523809523809523,False
soak,4,4,0.09523809523809523,False
sodden,4,3,0.07142857142857142,False
sorcer,4,3,0.07142857142857142,False
southern,4,4,0.09523809523809523,False
spanish,4,4,0.09523809523809523,False
sparta,4,3,0.07142857142857142,False
specifi,4,3,0.07142857142857142,False
spectat,4,3,0.07142857142857142,False
splendor,4,4,0.09523809523809523,False
splinter,4,4,0.09523809523809523,False
spong,4,2,0.047619047619047616,False
spous,4,4,0.09523809523809523,False
sprai,4,4,0.09523809523809523,False
spright,4,4,0.09523809523809523,False
sprightli,4,4,0.09523809523809523,False
sprinkl,4,3,0.07142857142857142,False
squadron,4,4,0.09523809523809523,False
squeak,4,4,0.09523809523809523,False
standest,4,3,0.07142857142857142,False
steadi,4,1,0.023809523809523808,False
stealer,4,4,0.09523809523809523,False
stoup,4,3,0.07142857142857142,False
stoutli,4,3,0.07142857142857142,False
stow,4,4,0.09523809523809523,False
strawberri,4,3,0.07142857142857142,False
strengthless,4,4,0.09523809523809523,False
strikest,4,3,0.07142857142857142,False
stripe,4,4,0.09523809523809523,False
subtleti,4,4,0.09523809523809523,False
sui,4,1,0.023809523809523808,False
sunset,4,4,0.09523809523809523,False
superfici,4,3,0.07142857142857142,False
sur,4,2,0.047619047619047616,False
surceas,4,4,0.09523809523809523,False
surmount,4,4,0.09523809523809523,False
swart,4,4,0.09523809523809523,False
swearer,4,3,0.07142857142857142,False
swinstead,4,1,0.023809523809523808,False
syracusa,4,1,0.023809523809523808,False
talker,4,4,0.09523809523809523,False
talon,4,4,0.09523809523809523,False
tap,4,3,0.07142857142857142,False
tar,4,2,0.047619047619047616,False
tempter,4,4,0.09523809523809523,False
thankless,4,4,0.09523809523809523,False
thickest,4,2,0.047619047619047616,False
thistl,4,3,0.07142857142857142,False
threescor,4,4,0.09523809523809523,False
thriftless,4,4,0.09523809523809523,False
throb,4,4,0.09523809523809523,False
thwack,4,2,0.047619047619047616,False
tinct,4,4,0.09523809523809523,False
tinctur,4,4,0.09523809523809523,False
tini,4,3,0.07142857142857142,False
tish,4,1,0.023809523809523808,False
toll,4,4,0.09523809523809523,False
tongueless,4,4,0.09523809523809523,False
toothach,4,1,0.023809523809523808,False
totter,4,4,0.09523809523809523,False
trader,4,4,0.09523809523809523,False
tradit,4,4,0.09523809523809523,False
treat,4,4,0.09523809523809523,False
trent,4,1,0.023809523809523808,False
trib,4,1,0.023809523809523808,False
trice,4,4,0.09523809523809523,False
tripoli,4,2,0.047619047619047616,False
troyan,4,3,0.07142857142857142,False
trull,4,4,0.09523809523809523,False
tumultu,4,4,0.09523809523809523,False
tun,4,4,0.09523809523809523,False
turbul,4,4,0.09523809523809523,False
twine,4,3,0.07142857142857142,False
twinn,4,4,0.09523809523809523,False
twit,4,4,0.09523809523809523,False
ty,4,4,0.09523809523809523,False
type,4,4,0.09523809523809523,False
unavoid,4,3,0.07142857142857142,False
unbound,4,4,0.09523809523809523,False
unbuckl,4,3,0.07142857142857142,False
unchast,4,4,0.09523809523809523,False
unconst,4,4,0.09523809523809523,False
undaunt,4,2,0.047619047619047616,False
undermin,4,3,0.07142857142857142,False
underprop,4,4,0.09523809523809523,False
undistinguish,4,3,0.07142857142857142,False
unfeel,4,4,0.09523809523809523,False
unfelt,4,4,0.09523809523809523,False
unfinish,4,4,0.09523809523809523,False
unfirm,4,4,0.09523809523809523,False
unhandsom,4,4,0.09523809523809523,False
unheard,4,4,0.09523809523809523,False
unicorn,4,4,0.09523809523809523,False
unkindest,4,3,0.07142857142857142,False
unknit,4,4,0.09523809523809523,False
unlett,4,3,0.07142857142857142,False
unlov,4,4,0.09523809523809523,False
unmanli,4,4,0.09523809523809523,False
unmann,4,4,0.09523809523809523,False
unpaid,4,2,0.047619047619047616,False
unpiti,4,4,0.09523809523809523,False
unpolish,4,4,0.09523809523809523,False
unrip,4,3,0.07142857142857142,False
unsaf,4,4,0.09523809523809523,False
unsai,4,4,0.09523809523809523,False
unskil,4,4,0.09523809523809523,False
unthrifti,4,4,0.09523809523809523,False
untruth,4,4,0.09523809523809523,False
unyok,4,4,0.09523809523809523,False
uprear,4,4,0.09523809523809523,False
urn,4,4,0.09523809523809523,False
useth,4,4,0.09523809523809523,False
vacanc,4,3,0.07142857142857142,False
valor,4,3,0.07142857142857142,False
variat,4,3,0.07142857142857142,False
vaulti,4,3,0.07142857142857142,False
vehem,4,4,0.09523809523809523,False
verbal,4,4,0.09523809523809523,False
vere,4,2,0.047619047619047616,False
veriest,4,3,0.07142857142857142,False
vicar,4,3,0.07142857142857142,False
vital,4,4,0.09523809523809523,False
vocat,4,3,0.07142857142857142,False
waggon,4,2,0.047619047619047616,False
wagon,4,2,0.047619047619047616,False
warr,4,4,0.09523809523809523,False
waspish,4,4,0.09523809523809523,False
weakli,4,4,0.09523809523809523,False
wean,4,4,0.09523809523809523,False
wether,4,4,0.09523809523809523,False
whatso,4,4,0.09523809523809523,False
whetston,4,3,0.07142857142857142,False
wider,4,4,0.09523809523809523,False
wildest,4,3,0.07142857142857142,False
withheld,4,4,0.09523809523809523,False
witless,4,4,0.09523809523809523,False
wittenberg,4,1,0.023809523809523808,False
wizard,4,3,0.07142857142857142,False
woodman,4,4,0.09523809523809523,False
wool,4,4,0.09523809523809523,False
worri,4,3,0.07142857142857142,False
woven,4,3,0.07142857142857142,False
wronger,4,4,0.09523809523809523,False
abreast,3,3,0.07142857142857142,False
abysm,3,3,0.07142857142857142,False
academ,3,1,0.023809523809523808,False
accit,3,2,0.047619047619047616,False
acheron,3,3,0.07142857142857142,False
acquitt,3,3,0.07142857142857142,False
actaeon,3,2,0.047619047619047616,False
actium,3,1,0.023809523809523808,False
acut,3,2,0.047619047619047616,False
addl,3,2,0.047619047619047616,False
aforesaid,3,3,0.07142857142857142,False
aguecheek,3,1,0.023809523809523808,False
ai,3,2,0.047619047619047616,False
alchemi,3,2,0.047619047619047616,False
alia,3,2,0.047619047619047616,False
alien,3,3,0.07142857142857142,False
althaea,3,2,0.047619047619047616,False
altitud,3,3,0.07142857142857142,False
ambigu,3,3,0.07142857142857142,False
ampli,3,3,0.07142857142857142,False
anchis,3,3,0.07142857142857142,False
angerli,3,3,0.07142857142857142,False
anthem,3,3,0.07142857142857142,False
apiec,3,3,0.07142857142857142,False
appeach,3,2,0.047619047619047616,False
appertin,3,3,0.07142857142857142,False
arabian,3,3,0.07142857142857142,False
arbour,3,3,0.07142857142857142,False
ardea,3,1,0.023809523809523808,False
argal,3,1,0.023809523809523808,False
ariseth,3,3,0.07142857142857142,False
armagnac,3,1,0.023809523809523808,False
armipot,3,2,0.047619047619047616,False
aroint,3,2,0.047619047619047616,False
aros,3,3,0.07142857142857142,False
artist,3,3,0.07142857142857142,False
asp,3,1,0.023809523809523808,False
astronom,3,3,0.07142857142857142,False
athversari,3,1,0.023809523809523808,False
au,3,3,0.07142857142857142,False
audac,3,3,0.07142857142857142,False
auditor,3,3,0.07142857142857142,False
avis,3,2,0.047619047619047616,False
await,3,2,0.047619047619047616,False
awaken,3,3,0.07142857142857142,False
balmi,3,2,0.047619047619047616,False
bang,3,3,0.07142857142857142,False
bann,3,2,0.047619047619047616,False
baptism,3,3,0.07142857142857142,False
barbarian,3,3,0.07142857142857142,False
bard,3,3,0.07142857142857142,False
barnet,3,1,0.023809523809523808,False
barricado,3,3,0.07142857142857142,False
bass,3,3,0.07142857142857142,False
bastinado,3,3,0.07142857142857142,False
bawdri,3,3,0.07142857142857142,False
baynard,3,1,0.023809523809523808,False
bedew,3,3,0.07142857142857142,False
befel,3,3,0.07142857142857142,False
behest,3,3,0.07142857142857142,False
benefici,3,3,0.07142857142857142,False
berwick,3,2,0.047619047619047616,False
besot,3,3,0.07142857142857142,False
bestial,3,3,0.07142857142857142,False
bestir,3,2,0.047619047619047616,False
bestrew,3,2,0.047619047619047616,False
bien,3,1,0.023809523809523808,False
bilbo,3,2,0.047619047619047616,False
billet,3,3,0.07142857142857142,False
bin,3,2,0.047619047619047616,False
bisson,3,2,0.047619047619047616,False
bitch,3,3,0.07142857142857142,False
bitten,3,3,0.07142857142857142,False
bitterest,3,3,0.07142857142857142,False
blackamoor,3,2,0.047619047619047616,False
blackberri,3,2,0.047619047619047616,False
blasphemi,3,3,0.07142857142857142,False
bleach,3,3,0.07142857142857142,False
blear,3,3,0.07142857142857142,False
bled,3,2,0.047619047619047616,False
blend,3,3,0.07142857142857142,False
blindfold,3,3,0.07142857142857142,False
blink,3,3,0.07142857142857142,False
blubber,3,2,0.047619047619047616,False
bluntli,3,3,0.07142857142857142,False
blur,3,3,0.07142857142857142,False
bodkin,3,3,0.07142857142857142,False
bombard,3,3,0.07142857142857142,False
bombast,3,3,0.07142857142857142,False
bookish,3,3,0.07142857142857142,False
bot,3,3,0.07142857142857142,False
botcher,3,3,0.07142857142857142,False
bottomless,3,3,0.07142857142857142,False
bragg,3,3,0.07142857142857142,False
breaketh,3,1,0.023809523809523808,False
brewer,3,3,0.07142857142857142,False
bridget,3,3,0.07142857142857142,False
brimston,3,2,0.047619047619047616,False
bringer,3,3,0.07142857142857142,False
broom,3,3,0.07142857142857142,False
brotherli,3,3,0.07142857142857142,False
browner,3,2,0.047619047619047616,False
brows,3,3,0.07142857142857142,False
bugl,3,3,0.07142857142857142,False
buildeth,3,2,0.047619047619047616,False
burgher,3,3,0.07142857142857142,False
burnish,3,3,0.07142857142857142,False
caliv,3,2,0.047619047619047616,False
calv,3,3,0.07142857142857142,False
cambric,3,3,0.07142857142857142,False
capet,3,1,0.023809523809523808,False
capilet,3,2,0.047619047619047616,False
carnat,3,3,0.07142857142857142,False
carter,3,3,0.07142857142857142,False
casual,3,2,0.047619047619047616,False
casualti,3,3,0.07142857142857142,False
caudl,3,3,0.07142857142857142,False
causer,3,2,0.047619047619047616,False
cavaleiro,3,1,0.023809523809523808,False
cavern,3,3,0.07142857142857142,False
celsa,3,1,0.023809523809523808,False
cement,3,2,0.047619047619047616,False
centuri,3,3,0.07142857142857142,False
certifi,3,2,0.047619047619047616,False
chalki,3,3,0.07142857142857142,False
chare,3,2,0.047619047619047616,False
chattel,3,3,0.07142857142857142,False
chertsei,3,1,0.023809523809523808,False
cheshu,3,1,0.023809523809523808,False
chestnut,3,3,0.07142857142857142,False
chevali,3,3,0.07142857142857142,False
cheveril,3,3,0.07142857142857142,False
chime,3,3,0.07142857142857142,False
chine,3,3,0.07142857142857142,False
christma,3,2,0.047619047619047616,False
circumfer,3,3,0.07142857142857142,False
circumstanti,3,2,0.047619047619047616,False
clamber,3,3,0.07142857142857142,False
clepe,3,3,0.07142857142857142,False
clergymen,3,3,0.07142857142857142,False
clifton,3,1,0.023809523809523808,False
clod,3,3,0.07142857142857142,False
clothier,3,3,0.07142857142857142,False
clotpol,3,3,0.07142857142857142,False
cogniz,3,3,0.07142857142857142,False
coign,3,3,0.07142857142857142,False
colic,3,3,0.07142857142857142,False
collatium,3,1,0.023809523809523808,False
collier,3,3,0.07142857142857142,False
colossu,3,3,0.07142857142857142,False
comer,3,3,0.07142857142857142,False
commiser,3,3,0.07142857142857142,False
compassion,3,3,0.07142857142857142,False
compli,3,2,0.047619047619047616,False
composur,3,2,0.047619047619047616,False
compt,3,3,0.07142857142857142,False
comrad,3,3,0.07142857142857142,False
concur,3,3,0.07142857142857142,False
conferr,3,3,0.07142857142857142,False
conform,3,3,0.07142857142857142,False
confut,3,3,0.07142857142857142,False
consol,3,3,0.07142857142857142,False
conson,3,3,0.07142857142857142,False
contemptu,3,3,0.07142857142857142,False
contest,3,3,0.07142857142857142,False
convertit,3,3,0.07142857142857142,False
cophetua,3,3,0.07142857142857142,False
copul,3,2,0.047619047619047616,False
coragio,3,2,0.047619047619047616,False
coranto,3,3,0.07142857142857142,False
correspond,3,3,0.07142857142857142,False
countenanc,3,2,0.047619047619047616,False
courier,3,3,0.07142857142857142,False
covertur,3,3,0.07142857142857142,False
crank,3,3,0.07142857142857142,False
crassu,3,2,0.047619047619047616,False
credenc,3,2,0.047619047619047616,False
crimin,3,3,0.07142857142857142,False
crosbi,3,1,0.023809523809523808,False
crowner,3,2,0.047619047619047616,False
crownet,3,2,0.047619047619047616,False
crupper,3,2,0.047619047619047616,False
cub,3,3,0.07142857142857142,False
cullion,3,3,0.07142857142857142,False
cureless,3,3,0.07142857142857142,False
curtal,3,3,0.07142857142857142,False
curvet,3,3,0.07142857142857142,False
custodi,3,2,0.047619047619047616,False
cutter,3,3,0.07142857142857142,False
cydnu,3,2,0.047619047619047616,False
cygnet,3,3,0.07142857142857142,False
cynthia,3,3,0.07142857142857142,False
cytherea,3,3,0.07142857142857142,False
dad,3,3,0.07142857142857142,False
damag,3,3,0.07142857142857142,False
damp,3,3,0.07142857142857142,False
dancer,3,3,0.07142857142857142,False
dandl,3,3,0.07142857142857142,False
daphn,3,3,0.07142857142857142,False
dardan,3,2,0.047619047619047616,False
darkest,3,3,0.07142857142857142,False
darkl,3,3,0.07142857142857142,False
darnel,3,3,0.07142857142857142,False
deaneri,3,1,0.023809523809523808,False
debil,3,3,0.07142857142857142,False
decid,3,3,0.07142857142857142,False
decis,3,3,0.07142857142857142,False
declens,3,3,0.07142857142857142,False
decorum,3,2,0.047619047619047616,False
defeatur,3,2,0.047619047619047616,False
definit,3,3,0.07142857142857142,False
delpho,3,1,0.023809523809523808,False
delud,3,3,0.07142857142857142,False
demerit,3,3,0.07142857142857142,False
demesn,3,2,0.047619047619047616,False
denier,3,3,0.07142857142857142,False
destitut,3,3,0.07142857142857142,False
devoutli,3,3,0.07142857142857142,False
dialect,3,3,0.07142857142857142,False
dictynna,3,1,0.023809523809523808,False
diffid,3,3,0.07142857142857142,False
dighton,3,1,0.023809523809523808,False
dint,3,3,0.07142857142857142,False
dirg,3,3,0.07142857142857142,False
disfurnish,3,3,0.07142857142857142,False
dismantl,3,3,0.07142857142857142,False
dismemb,3,3,0.07142857142857142,False
disquiet,3,3,0.07142857142857142,False
disrob,3,3,0.07142857142857142,False
dissev,3,3,0.07142857142857142,False
distain,3,3,0.07142857142857142,False
divinest,3,3,0.07142857142857142,False
dogg,3,3,0.07142857142857142,False
donn,3,3,0.07142857142857142,False
dorothi,3,2,0.047619047619047616,False
dreadfulli,3,3,0.07142857142857142,False
dropsi,3,3,0.07142857142857142,False
du,3,3,0.07142857142857142,False
dubb,3,3,0.07142857142857142,False
duchi,3,1,0.023809523809523808,False
dullest,3,3,0.07142857142857142,False
dulli,3,3,0.07142857142857142,False
dumbl,3,3,0.07142857142857142,False
eagerli,3,2,0.047619047619047616,False
ean,3,3,0.07142857142857142,False
earliest,3,3,0.07142857142857142,False
ebon,3,3,0.07142857142857142,False
eboni,3,2,0.047619047619047616,False
ecoutez,3,1,0.023809523809523808,False
edific,3,3,0.07142857142857142,False
edmundsburi,3,1,0.023809523809523808,False
eighth,3,3,0.07142857142857142,False
elf,3,3,0.07142857142857142,False
elm,3,3,0.07142857142857142,False
eltham,3,1,0.023809523809523808,False
embattl,3,3,0.07142857142857142,False
ember,3,3,0.07142857142857142,False
embolden,3,3,0.07142857142857142,False
enamel,3,3,0.07142857142857142,False
endamag,3,3,0.07142857142857142,False
endang,3,3,0.07142857142857142,False
enfold,3,3,0.07142857142857142,False
englut,3,3,0.07142857142857142,False
engrav,3,3,0.07142857142857142,False
enigma,3,2,0.047619047619047616,False
ennobl,3,3,0.07142857142857142,False
entail,3,2,0.047619047619047616,False
entangl,3,2,0.047619047619047616,False
epicur,3,3,0.07142857142857142,False
erboard,3,2,0.047619047619047616,False
ercom,3,3,0.07142857142857142,False
erebu,3,3,0.07142857142857142,False
erheard,3,3,0.07142857142857142,False
erleap,3,2,0.047619047619047616,False
errant,3,2,0.047619047619047616,False
ershad,3,3,0.07142857142857142,False
erswai,3,3,0.07142857142857142,False
erswel,3,3,0.07142857142857142,False
ertop,3,3,0.07142857142857142,False
erween,3,3,0.07142857142857142,False
erworn,3,2,0.047619047619047616,False
espial,3,2,0.047619047619047616,False
essai,3,3,0.07142857142857142,False
essenc,3,3,0.07142857142857142,False
essex,3,2,0.047619047619047616,False
europa,3,2,0.047619047619047616,False
evenli,3,3,0.07142857142857142,False
excommun,3,2,0.047619047619047616,False
execr,3,3,0.07142857142857142,False
exhort,3,3,0.07142857142857142,False
exig,3,3,0.07142857142857142,False
exist,3,3,0.07142857142857142,False
expressur,3,3,0.07142857142857142,False
expuls,3,3,0.07142857142857142,False
extinct,3,3,0.07142857142857142,False
extirp,3,3,0.07142857142857142,False
exult,3,3,0.07142857142857142,False
eyebrow,3,2,0.047619047619047616,False
falleth,3,2,0.047619047619047616,False
falter,3,3,0.07142857142857142,False
famous,3,3,0.07142857142857142,False
farthingal,3,2,0.047619047619047616,False
fatherli,3,3,0.07142857142857142,False
faultless,3,2,0.047619047619047616,False
favouredli,3,2,0.047619047619047616,False
fearless,3,3,0.07142857142857142,False
felon,3,3,0.07142857142857142,False
feloni,3,2,0.047619047619047616,False
ferret,3,2,0.047619047619047616,False
fet,3,2,0.047619047619047616,False
fetlock,3,3,0.07142857142857142,False
fewer,3,3,0.07142857142857142,False
fiction,3,3,0.07142857142857142,False
fiddler,3,2,0.047619047619047616,False
fillip,3,3,0.07142857142857142,False
film,3,3,0.07142857142857142,False
firstl,3,2,0.047619047619047616,False
fitchew,3,3,0.07142857142857142,False
fitteth,3,3,0.07142857142857142,False
fob,3,3,0.07142857142857142,False
foemen,3,3,0.07142857142857142,False
footboi,3,2,0.047619047619047616,False
fordo,3,2,0.047619047619047616,False
foregon,3,3,0.07142857142857142,False
forehand,3,3,0.07142857142857142,False
foreknow,3,3,0.07142857142857142,False
forerunn,3,3,0.07142857142857142,False
foreshow,3,3,0.07142857142857142,False
forrest,3,1,0.023809523809523808,False
forthcom,3,2,0.047619047619047616,False
forum,3,2,0.047619047619047616,False
foulest,3,3,0.07142857142857142,False
fraction,3,2,0.047619047619047616,False
francisca,3,1,0.023809523809523808,False
franklin,3,3,0.07142857142857142,False
freckl,3,3,0.07142857142857142,False
freshest,3,2,0.047619047619047616,False
fring,3,3,0.07142857142857142,False
frivol,3,3,0.07142857142857142,False
frog,3,3,0.07142857142857142,False
froze,3,3,0.07142857142857142,False
fub,3,1,0.023809523809523808,False
fugit,3,2,0.047619047619047616,False
fuller,3,3,0.07142857142857142,False
furthermor,3,3,0.07142857142857142,False
fusti,3,2,0.047619047619047616,False
gabbl,3,3,0.07142857142857142,False
gaberdin,3,2,0.047619047619047616,False
gallantli,3,3,0.07142857142857142,False
gamesom,3,3,0.07142857142857142,False
garner,3,3,0.07142857142857142,False
gazeth,3,3,0.07142857142857142,False
genit,3,1,0.023809523809523808,False
gentil,3,3,0.07142857142857142,False
gerard,3,1,0.023809523809523808,False
gig,3,1,0.023809523809523808,False
giglot,3,3,0.07142857142857142,False
gilbert,3,2,0.047619047619047616,False
glansdal,3,1,0.023809523809523808,False
glaze,3,3,0.07142857142857142,False
glimps,3,3,0.07142857142857142,False
gloomi,3,3,0.07142857142857142,False
glu,3,3,0.07142857142857142,False
gnarl,3,3,0.07142857142857142,False
goblet,3,3,0.07142857142857142,False
goer,3,3,0.07142857142857142,False
goodliest,3,3,0.07142857142857142,False
goodwin,3,2,0.047619047619047616,False
gori,3,3,0.07142857142857142,False
gouti,3,3,0.07142857142857142,False
grang,3,2,0.047619047619047616,False
gravi,3,1,0.023809523809523808,False
graybeard,3,3,0.07142857142857142,False
grizzl,3,3,0.07142857142857142,False
gule,3,2,0.047619047619047616,False
gunpowd,3,3,0.07142857142857142,False
h,3,3,0.07142857142857142,False
hallo,3,3,0.07142857142857142,False
ham,3,3,0.07142857142857142,False
handiwork,3,3,0.07142857142857142,False
hanger,3,1,0.023809523809523808,False
hardiment,3,3,0.07142857142857142,False
harrow,3,2,0.047619047619047616,False
harshli,3,3,0.07142857142857142,False
haught,3,3,0.07142857142857142,False
haunch,3,3,0.07142857142857142,False
heartless,3,2,0.047619047619047616,False
hebrew,3,2,0.047619047619047616,False
hedgehog,3,3,0.07142857142857142,False
helper,3,3,0.07142857142857142,False
hemlock,3,3,0.07142857142857142,False
hemp,3,3,0.07142857142857142,False
hempen,3,3,0.07142857142857142,False
hent,3,3,0.07142857142857142,False
herebi,3,2,0.047619047619047616,False
hindmost,3,3,0.07142857142857142,False
histor,3,1,0.023809523809523808,False
hob,3,3,0.07142857142857142,False
hobgoblin,3,2,0.047619047619047616,False
holidam,3,3,0.07142857142857142,False
holili,3,2,0.047619047619047616,False
holloa,3,3,0.07142857142857142,False
honeysuckl,3,3,0.07142857142857142,False
hoo,3,1,0.023809523809523808,False
hopest,3,3,0.07142857142857142,False
horac,3,2,0.047619047619047616,False
horum,3,1,0.023809523809523808,False
howbeit,3,3,0.07142857142857142,False
hugg,3,2,0.047619047619047616,False
humbler,3,3,0.07142857142857142,False
hungerli,3,3,0.07142857142857142,False
ibat,3,1,0.023809523809523808,False
icaru,3,2,0.047619047619047616,False
idea,3,3,0.07142857142857142,False
ignomi,3,3,0.07142857142857142,False
illumin,3,3,0.07142857142857142,False
illustr,3,2,0.047619047619047616,False
impawn,3,3,0.07142857142857142,False
impertin,3,3,0.07142857142857142,False
imposthum,3,3,0.07142857142857142,False
impostor,3,3,0.07142857142857142,False
impressur,3,3,0.07142857142857142,False
imprint,3,3,0.07142857142857142,False
incag,3,3,0.07142857142857142,False
incarn,3,3,0.07142857142857142,False
inconveni,3,3,0.07142857142857142,False
increaseth,3,2,0.047619047619047616,False
incurr,3,3,0.07142857142857142,False
ind,3,3,0.07142857142857142,False
indit,3,3,0.07142857142857142,False
induct,3,2,0.047619047619047616,False
inestim,3,3,0.07142857142857142,False
infern,3,3,0.07142857142857142,False
inferr,3,2,0.047619047619047616,False
inflict,3,3,0.07142857142857142,False
inhibit,3,3,0.07142857142857142,False
inki,3,3,0.07142857142857142,False
inordin,3,3,0.07142857142857142,False
insati,3,3,0.07142857142857142,False
inscript,3,2,0.047619047619047616,False
insens,3,3,0.07142857142857142,False
insepar,3,3,0.07142857142857142,False
institut,3,3,0.07142857142857142,False
insuffici,3,3,0.07142857142857142,False
insupport,3,3,0.07142857142857142,False
intelligenc,3,3,0.07142857142857142,False
interior,3,3,0.07142857142857142,False
invas,3,2,0.047619047619047616,False
invect,3,3,0.07142857142857142,False
invulner,3,3,0.07142857142857142,False
inwardli,3,3,0.07142857142857142,False
irk,3,3,0.07142857142857142,False
irksom,3,3,0.07142857142857142,False
irregular,3,2,0.047619047619047616,False
irreligi,3,2,0.047619047619047616,False
irrevoc,3,3,0.07142857142857142,False
iter,3,3,0.07142857142857142,False
jarteer,3,1,0.023809523809523808,False
jeer,3,3,0.07142857142857142,False
jelli,3,3,0.07142857142857142,False
jill,3,3,0.07142857142857142,False
jog,3,2,0.047619047619047616,False
jour,3,3,0.07142857142857142,False
joyfulli,3,3,0.07142857142857142,False
joyless,3,3,0.07142857142857142,False
jule,3,1,0.023809523809523808,False
juli,3,3,0.07142857142857142,False
juri,3,3,0.07142857142857142,False
juror,3,3,0.07142857142857142,False
kerchief,3,2,0.047619047619047616,False
kersei,3,3,0.07142857142857142,False
kiln,3,2,0.047619047619047616,False
kindest,3,3,0.07142857142857142,False
kine,3,3,0.07142857142857142,False
kinswoman,3,3,0.07142857142857142,False
knog,3,1,0.023809523809523808,False
knoll,3,2,0.047619047619047616,False
knotti,3,3,0.07142857142857142,False
label,3,3,0.07142857142857142,False
labyrinth,3,3,0.07142857142857142,False
lade,3,3,0.07142857142857142,False
laissez,3,1,0.023809523809523808,False
lamma,3,1,0.023809523809523808,False
landlord,3,3,0.07142857142857142,False
lapi,3,1,0.023809523809523808,False
lawfulli,3,3,0.07142857142857142,False
lea,3,3,0.07142857142857142,False
leafi,3,3,0.07142857142857142,False
learnedli,3,3,0.07142857142857142,False
learnt,3,3,0.07142857142857142,False
lee,3,3,0.07142857142857142,False
leicest,3,2,0.047619047619047616,False
leman,3,3,0.07142857142857142,False
lender,3,3,0.07142857142857142,False
lenten,3,3,0.07142857142857142,False
leonati,3,1,0.023809523809523808,False
leviathan,3,3,0.07142857142857142,False
lewdli,3,3,0.07142857142857142,False
librari,3,2,0.047619047619047616,False
lighter,3,3,0.07142857142857142,False
liker,3,3,0.07142857142857142,False
limn,3,3,0.07142857142857142,False
lipp,3,3,0.07142857142857142,False
livelong,3,3,0.07142857142857142,False
liveth,3,3,0.07142857142857142,False
loan,3,3,0.07142857142857142,False
loathli,3,3,0.07142857142857142,False
losest,3,3,0.07142857142857142,False
loseth,3,3,0.07142857142857142,False
lous,3,3,0.07142857142857142,False
loveth,3,3,0.07142857142857142,False
lucianu,3,1,0.023809523809523808,False
lucina,3,2,0.047619047619047616,False
lucretiu,3,1,0.023809523809523808,False
ludlow,3,1,0.023809523809523808,False
lug,3,3,0.07142857142857142,False
lune,3,3,0.07142857142857142,False
lure,3,3,0.07142857142857142,False
lustier,3,3,0.07142857142857142,False
mab,3,1,0.023809523809523808,False
machiavel,3,3,0.07142857142857142,False
machin,3,2,0.047619047619047616,False
maggot,3,2,0.047619047619047616,False
magnific,3,2,0.047619047619047616,False
magnifico,3,2,0.047619047619047616,False
maidenhood,3,3,0.07142857142857142,False
mainten,3,3,0.07142857142857142,False
maketh,3,3,0.07142857142857142,False
malapert,3,3,0.07142857142857142,False
malefactor,3,3,0.07142857142857142,False
mannish,3,3,0.07142857142857142,False
mantuan,3,1,0.023809523809523808,False
manur,3,3,0.07142857142857142,False
marqui,3,2,0.047619047619047616,False
masculin,3,3,0.07142857142857142,False
mason,3,2,0.047619047619047616,False
mastership,3,3,0.07142857142857142,False
mater,3,3,0.07142857142857142,False
mathemat,3,1,0.023809523809523808,False
maugr,3,3,0.07142857142857142,False
meetest,3,3,0.07142857142857142,False
mender,3,2,0.047619047619047616,False
mental,3,2,0.047619047619047616,False
merriest,3,3,0.07142857142857142,False
mesh,3,2,0.047619047619047616,False
metamorphos,3,2,0.047619047619047616,False
midsumm,3,3,0.07142857142857142,False
milki,3,3,0.07142857142857142,False
minstrelsi,3,3,0.07142857142857142,False
minx,3,2,0.047619047619047616,False
miracul,3,3,0.07142857142857142,False
misadventur,3,1,0.023809523809523808,False
miscal,3,3,0.07142857142857142,False
misenum,3,1,0.023809523809523808,False
misgovern,3,3,0.07142857142857142,False
mistakest,3,3,0.07142857142857142,False
moat,3,2,0.047619047619047616,False
mobl,3,1,0.023809523809523808,False
molehil,3,2,0.047619047619047616,False
molest,3,3,0.07142857142857142,False
mope,3,3,0.07142857142857142,False
morgan,3,2,0.047619047619047616,False
motto,3,1,0.023809523809523808,False
movest,3,2,0.047619047619047616,False
mulier,3,2,0.047619047619047616,False
mumbl,3,3,0.07142857142857142,False
mummi,3,3,0.07142857142857142,False
murrain,3,3,0.07142857142857142,False
muscovit,3,1,0.023809523809523808,False
mutabl,3,3,0.07142857142857142,False
myrtl,3,3,0.07142857142857142,False
nag,3,3,0.07142857142857142,False
nape,3,2,0.047619047619047616,False
narbon,3,1,0.023809523809523808,False
narcissu,3,3,0.07142857142857142,False
narrowli,3,3,0.07142857142857142,False
nave,3,3,0.07142857142857142,False
nectar,3,3,0.07142857142857142,False
negoti,3,3,0.07142857142857142,False
neutral,3,3,0.07142857142857142,False
nightgown,3,2,0.047619047619047616,False
nightwork,3,1,0.023809523809523808,False
nill,3,3,0.07142857142857142,False
nnight,3,3,0.07142857142857142,False
noddi,3,1,0.023809523809523808,False
nonc,3,3,0.07142857142857142,False
noontid,3,3,0.07142857142857142,False
northampton,3,3,0.07142857142857142,False
northward,3,3,0.07142857142857142,False
norweyan,3,1,0.023809523809523808,False
notari,3,2,0.047619047619047616,False
notion,3,3,0.07142857142857142,False
noun,3,2,0.047619047619047616,False
novelti,3,3,0.07142857142857142,False
nutmeg,3,3,0.07142857142857142,False
oblat,3,3,0.07142857142857142,False
occurr,3,3,0.07142857142857142,False
odor,3,3,0.07142857142857142,False
offal,3,3,0.07142857142857142,False
offens,3,3,0.07142857142857142,False
oldest,3,3,0.07142857142857142,False
omn,3,2,0.047619047619047616,False
omnipot,3,3,0.07142857142857142,False
opul,3,3,0.07142857142857142,False
orld,3,2,0.047619047619047616,False
osier,3,3,0.07142857142857142,False
otter,3,1,0.023809523809523808,False
ottomit,3,1,0.023809523809523808,False
outcast,3,3,0.07142857142857142,False
outcri,3,3,0.07142857142857142,False
outstar,3,3,0.07142857142857142,False
outstrip,3,3,0.07142857142857142,False
overplu,3,2,0.047619047619047616,False
ovid,3,3,0.07142857142857142,False
pacifi,3,3,0.07142857142857142,False
paddl,3,3,0.07142857142857142,False
pah,3,2,0.047619047619047616,False
paler,3,2,0.047619047619047616,False
pali,3,3,0.07142857142857142,False
pall,3,3,0.07142857142857142,False
palla,3,1,0.023809523809523808,False
pamper,3,3,0.07142857142857142,False
panther,3,1,0.023809523809523808,False
pantler,3,3,0.07142857142857142,False
papho,3,3,0.07142857142857142,False
pardonn,3,2,0.047619047619047616,False
parlor,3,3,0.07142857142857142,False
passado,3,2,0.047619047619047616,False
passport,3,3,0.07142857142857142,False
pasti,3,3,0.07142857142857142,False
pathet,3,2,0.047619047619047616,False
patro,3,3,0.07142857142857142,False
peak,3,3,0.07142857142857142,False
peat,3,3,0.07142857142857142,False
peg,3,3,0.07142857142857142,False
pegasu,3,3,0.07142857142857142,False
pelican,3,3,0.07142857142857142,False
pentecost,3,3,0.07142857142857142,False
perdu,3,2,0.047619047619047616,False
perdur,3,3,0.07142857142857142,False
periwig,3,3,0.07142857142857142,False
perseu,3,2,0.047619047619047616,False
persever,3,3,0.07142857142857142,False
pewter,3,3,0.07142857142857142,False
pharamond,3,1,0.023809523809523808,False
philo,3,1,0.023809523809523808,False
philoten,3,1,0.023809523809523808,False
phoeb,3,3,0.07142857142857142,False
phrygia,3,2,0.047619047619047616,False
pia,3,3,0.07142857142857142,False
picardi,3,3,0.07142857142857142,False
pight,3,3,0.07142857142857142,False
pigmi,3,3,0.07142857142857142,False
pilat,3,2,0.047619047619047616,False
pinnac,3,2,0.047619047619047616,False
pioner,3,3,0.07142857142857142,False
pitcher,3,3,0.07142857142857142,False
plaintiff,3,2,0.047619047619047616,False
plashi,3,1,0.023809523809523808,False
plat,3,2,0.047619047619047616,False
plausiv,3,2,0.047619047619047616,False
plentifulli,3,3,0.07142857142857142,False
plummet,3,2,0.047619047619047616,False
polecat,3,1,0.023809523809523808,False
polydot,3,1,0.023809523809523808,False
pompeiu,3,1,0.023809523809523808,False
pompou,3,3,0.07142857142857142,False
poop,3,3,0.07142857142857142,False
pore,3,2,0.047619047619047616,False
pork,3,1,0.023809523809523808,False
porn,3,1,0.023809523809523808,False
portabl,3,3,0.07142857142857142,False
posterior,3,1,0.023809523809523808,False
potenti,3,3,0.07142857142857142,False
pouch,3,3,0.07142857142857142,False
pout,3,3,0.07142857142857142,False
pratest,3,2,0.047619047619047616,False
prave,3,1,0.023809523809523808,False
precipit,3,2,0.047619047619047616,False
predestin,3,2,0.047619047619047616,False
predica,3,3,0.07142857142857142,False
prejudic,3,2,0.047619047619047616,False
prest,3,3,0.07142857142857142,False
priami,3,1,0.023809523809523808,False
principl,3,3,0.07142857142857142,False
prioriti,3,3,0.07142857142857142,False
privaci,3,2,0.047619047619047616,False
professor,3,3,0.07142857142857142,False
profitless,3,3,0.07142857142857142,False
prognost,3,3,0.07142857142857142,False
promethean,3,2,0.047619047619047616,False
promiseth,3,3,0.07142857142857142,False
protectorship,3,1,0.023809523809523808,False
protract,3,3,0.07142857142857142,False
provokest,3,3,0.07142857142857142,False
prowess,3,3,0.07142857142857142,False
psalm,3,3,0.07142857142857142,False
puttock,3,3,0.07142857142857142,False
puzzl,3,3,0.07142857142857142,False
qu,3,2,0.047619047619047616,False
quaff,3,2,0.047619047619047616,False
quarrelsom,3,2,0.047619047619047616,False
queller,3,2,0.047619047619047616,False
radianc,3,3,0.07142857142857142,False
ragozin,3,1,0.023809523809523808,False
raineth,3,3,0.07142857142857142,False
ralph,3,3,0.07142857142857142,False
ranker,3,2,0.047619047619047616,False
ratsban,3,3,0.07142857142857142,False
reav,3,3,0.07142857142857142,False
recit,3,3,0.07142857142857142,False
reclaim,3,3,0.07142857142857142,False
rectifi,3,2,0.047619047619047616,False
recur,3,3,0.07142857142857142,False
reduc,3,2,0.047619047619047616,False
regia,3,1,0.023809523809523808,False
relic,3,3,0.07142857142857142,False
remaineth,3,3,0.07142857142857142,False
remark,3,3,0.07142857142857142,False
rememberest,3,3,0.07142857142857142,False
repres,3,3,0.07142857142857142,False
repugn,3,3,0.07142857142857142,False
resteth,3,2,0.047619047619047616,False
reverber,3,3,0.07142857142857142,False
revil,3,2,0.047619047619047616,False
rheim,3,2,0.047619047619047616,False
riband,3,3,0.07142857142857142,False
rice,3,2,0.047619047619047616,False
rifl,3,2,0.047619047619047616,False
rip,3,3,0.07142857142857142,False
rochest,3,2,0.047619047619047616,False
rubb,3,3,0.07142857142857142,False
rudest,3,3,0.07142857142857142,False
rumor,3,3,0.07142857142857142,False
russet,3,3,0.07142857142857142,False
russia,3,2,0.047619047619047616,False
rye,3,2,0.047619047619047616,False
sackcloth,3,2,0.047619047619047616,False
sagittari,3,2,0.047619047619047616,False
sala,3,1,0.023809523809523808,False
salad,3,2,0.047619047619047616,False
sapl,3,3,0.07142857142857142,False
sapphir,3,3,0.07142857142857142,False
saucili,3,2,0.047619047619047616,False
savouri,3,3,0.07142857142857142,False
scambl,3,2,0.047619047619047616,False
scan,3,3,0.07142857142857142,False
scann,3,3,0.07142857142857142,False
scarecrow,3,3,0.07142857142857142,False
scauld,3,1,0.023809523809523808,False
sciatica,3,3,0.07142857142857142,False
scimitar,3,3,0.07142857142857142,False
scion,3,3,0.07142857142857142,False
scone,3,1,0.023809523809523808,False
scorpion,3,3,0.07142857142857142,False
screen,3,3,0.07142857142857142,False
screw,3,3,0.07142857142857142,False
scriven,3,2,0.047619047619047616,False
scutcheon,3,3,0.07142857142857142,False
seacol,3,1,0.023809523809523808,False
seaman,3,2,0.047619047619047616,False
sedit,3,3,0.07142857142857142,False
seel,3,3,0.07142857142857142,False
seizur,3,3,0.07142857142857142,False
semirami,3,2,0.047619047619047616,False
seni,3,1,0.023809523809523808,False
sententi,3,3,0.07142857142857142,False
sequestr,3,3,0.07142857142857142,False
sermon,3,3,0.07142857142857142,False
servest,3,3,0.07142857142857142,False
sessa,3,2,0.047619047619047616,False
seventi,3,2,0.047619047619047616,False
shackl,3,3,0.07142857142857142,False
shag,3,3,0.07142857142857142,False
sharpest,3,3,0.07142857142857142,False
shipboard,3,3,0.07142857142857142,False
shipwright,3,1,0.023809523809523808,False
shotten,3,3,0.07142857142857142,False
shudder,3,3,0.07142857142857142,False
sicil,3,2,0.047619047619047616,False
sicyon,3,1,0.023809523809523808,False
sigeia,3,1,0.023809523809523808,False
signet,3,3,0.07142857142857142,False
siren,3,3,0.07142857142857142,False
skilless,3,3,0.07142857142857142,False
skittish,3,2,0.047619047619047616,False
sleight,3,3,0.07142857142857142,False
slightest,3,3,0.07142857142857142,False
slink,3,3,0.07142857142857142,False
slower,3,3,0.07142857142857142,False
slug,3,3,0.07142857142857142,False
sluggard,3,3,0.07142857142857142,False
smaller,3,3,0.07142857142857142,False
smilest,3,3,0.07142857142857142,False
smilingli,3,3,0.07142857142857142,False
snip,3,2,0.047619047619047616,False
snort,3,3,0.07142857142857142,False
sobrieti,3,3,0.07142857142857142,False
softer,3,3,0.07142857142857142,False
softest,3,3,0.07142857142857142,False
somewher,3,3,0.07142857142857142,False
sont,3,1,0.023809523809523808,False
sophi,3,2,0.047619047619047616,False
sorceress,3,2,0.047619047619047616,False
sorceri,3,2,0.047619047619047616,False
sorel,3,1,0.023809523809523808,False
sounder,3,3,0.07142857142857142,False
sourli,3,2,0.047619047619047616,False
southwark,3,1,0.023809523809523808,False
spakest,3,3,0.07142857142857142,False
spangl,3,3,0.07142857142857142,False
spawn,3,3,0.07142857142857142,False
specialti,3,3,0.07142857142857142,False
speediest,3,3,0.07142857142857142,False
spheric,3,3,0.07142857142857142,False
spinster,3,3,0.07142857142857142,False
spital,3,2,0.047619047619047616,False
spokest,3,3,0.07142857142857142,False
spruce,3,2,0.047619047619047616,False
spun,3,3,0.07142857142857142,False
spurr,3,3,0.07142857142857142,False
squash,3,3,0.07142857142857142,False
squeez,3,2,0.047619047619047616,False
squier,3,3,0.07142857142857142,False
squirrel,3,3,0.07142857142857142,False
standeth,3,3,0.07142857142857142,False
starlight,3,2,0.047619047619047616,False
stell,3,3,0.07142857142857142,False
stench,3,3,0.07142857142857142,False
sterl,3,3,0.07142857142857142,False
steterat,3,1,0.023809523809523808,False
stigmat,3,3,0.07142857142857142,False
stile,3,3,0.07142857142857142,False
stopt,3,2,0.047619047619047616,False
stricken,3,3,0.07142857142857142,False
stripl,3,3,0.07142857142857142,False
stripp,3,3,0.07142857142857142,False
stud,3,2,0.047619047619047616,False
subtli,3,3,0.07142857142857142,False
successfulli,3,3,0.07142857142857142,False
successor,3,3,0.07142857142857142,False
sucker,3,3,0.07142857142857142,False
summit,3,2,0.047619047619047616,False
sunburnt,3,3,0.07142857142857142,False
sunken,3,3,0.07142857142857142,False
sunni,3,3,0.07142857142857142,False
superscript,3,3,0.07142857142857142,False
surer,3,3,0.07142857142857142,False
susan,3,1,0.023809523809523808,False
suspir,3,3,0.07142857142857142,False
susten,3,3,0.07142857142857142,False
swath,3,3,0.07142857142857142,False
swimmer,3,3,0.07142857142857142,False
switch,3,2,0.047619047619047616,False
sworest,3,3,0.07142857142857142,False
sycamor,3,3,0.07142857142857142,False
taker,3,3,0.07142857142857142,False
tam,3,2,0.047619047619047616,False
tang,3,2,0.047619047619047616,False
tarquiniu,3,1,0.023809523809523808,False
tarr,3,3,0.07142857142857142,False
teacheth,3,3,0.07142857142857142,False
tempestu,3,3,0.07142857142857142,False
tendanc,3,2,0.047619047619047616,False
terra,3,3,0.07142857142857142,False
tetchi,3,3,0.07142857142857142,False
theoric,3,3,0.07142857142857142,False
thereat,3,3,0.07142857142857142,False
thereunto,3,3,0.07142857142857142,False
thew,3,3,0.07142857142857142,False
thicken,3,3,0.07142857142857142,False
thicker,3,3,0.07142857142857142,False
thieveri,3,3,0.07142857142857142,False
thimbl,3,2,0.047619047619047616,False
thinli,3,3,0.07142857142857142,False
tight,3,3,0.07142857142857142,False
til,3,3,0.07142857142857142,False
tisick,3,2,0.047619047619047616,False
topmast,3,2,0.047619047619047616,False
topp,3,3,0.07142857142857142,False
torrent,3,3,0.07142857142857142,False
tost,3,2,0.047619047619047616,False
total,3,3,0.07142857142857142,False
tour,3,2,0.047619047619047616,False
tout,3,1,0.023809523809523808,False
townsman,3,1,0.023809523809523808,False
tract,3,3,0.07142857142857142,False
tragedian,3,3,0.07142857142857142,False
tre,3,1,0.023809523809523808,False
treatis,3,3,0.07142857142857142,False
tremblest,3,2,0.047619047619047616,False
tress,3,3,0.07142857142857142,False
triumphantli,3,3,0.07142857142857142,False
troll,3,3,0.07142857142857142,False
twofold,3,2,0.047619047619047616,False
u,3,2,0.047619047619047616,False
unacquaint,3,2,0.047619047619047616,False
unbat,3,2,0.047619047619047616,False
unbolt,3,3,0.07142857142857142,False
unbrac,3,2,0.047619047619047616,False
unburthen,3,3,0.07142857142857142,False
unbutton,3,3,0.07142857142857142,False
uncap,3,3,0.07142857142857142,False
uncertainti,3,3,0.07142857142857142,False
unconqu,3,3,0.07142857142857142,False
unconstrain,3,3,0.07142857142857142,False
uncontrol,3,3,0.07142857142857142,False
uncoupl,3,3,0.07142857142857142,False
uncouth,3,3,0.07142857142857142,False
uncurr,3,3,0.07142857142857142,False
undiscov,3,3,0.07142857142857142,False
unexpect,3,2,0.047619047619047616,False
unfath,3,2,0.047619047619047616,False
unfeignedli,3,3,0.07142857142857142,False
unfix,3,2,0.047619047619047616,False
unfledg,3,3,0.07142857142857142,False
ungart,3,3,0.07142857142857142,False
ungent,3,3,0.07142857142857142,False
unguard,3,3,0.07142857142857142,False
unlawfulli,3,3,0.07142857142857142,False
unmerit,3,3,0.07142857142857142,False
unmov,3,3,0.07142857142857142,False
unnecessari,3,2,0.047619047619047616,False
unnot,3,3,0.07142857142857142,False
unparallel,3,3,0.07142857142857142,False
unpractis,3,3,0.07142857142857142,False
unpriz,3,3,0.07142857142857142,False
unreadi,3,1,0.023809523809523808,False
unrel,3,3,0.07142857142857142,False
unrever,3,3,0.07142857142857142,False
unreverend,3,3,0.07142857142857142,False
unsanctifi,3,3,0.07142857142857142,False
unsought,3,3,0.07142857142857142,False
unstaid,3,3,0.07142857142857142,False
unsuit,3,3,0.07142857142857142,False
unswept,3,3,0.07142857142857142,False
untend,3,2,0.047619047619047616,False
unthought,3,3,0.07142857142857142,False
untir,3,3,0.07142857142857142,False
untold,3,3,0.07142857142857142,False
untouch,3,3,0.07142857142857142,False
untoward,3,3,0.07142857142857142,False
untread,3,3,0.07142857142857142,False
unveil,3,3,0.07142857142857142,False
unwash,3,3,0.07142857142857142,False
unwieldi,3,2,0.047619047619047616,False
unworthiest,3,3,0.07142857142857142,False
upris,3,3,0.07142857142857142,False
usanc,3,1,0.023809523809523808,False
vane,3,2,0.047619047619047616,False
vapor,3,3,0.07142857142857142,False
vell,3,2,0.047619047619047616,False
venuto,3,2,0.047619047619047616,False
ver,3,2,0.047619047619047616,False
verdur,3,3,0.07142857142857142,False
viceroi,3,2,0.047619047619047616,False
videlicet,3,3,0.07142857142857142,False
vinegar,3,3,0.07142857142857142,False
vintner,3,1,0.023809523809523808,False
visitor,3,3,0.07142857142857142,False
voluptu,3,3,0.07142857142857142,False
votaress,3,2,0.047619047619047616,False
votarist,3,3,0.07142857142857142,False
voucher,3,2,0.047619047619047616,False
wan,3,3,0.07142857142857142,False
warkworth,3,2,0.047619047619047616,False
warwickshir,3,2,0.047619047619047616,False
watchmen,3,3,0.07142857142857142,False
wearer,3,3,0.07142857142857142,False
wearisom,3,3,0.07142857142857142,False
ween,3,3,0.07142857142857142,False
weightier,3,3,0.07142857142857142,False
wend,3,3,0.07142857142857142,False
wheresoev,3,3,0.07142857142857142,False
whosoev,3,2,0.047619047619047616,False
willing,3,3,0.07142857142857142,False
wire,3,2,0.047619047619047616,False
wistli,3,3,0.07142857142857142,False
withstand,3,3,0.07142857142857142,False
wittingli,3,2,0.047619047619047616,False
wolvish,3,3,0.07142857142857142,False
womanli,3,3,0.07142857142857142,False
woodbin,3,2,0.047619047619047616,False
woollen,3,3,0.07142857142857142,False
workmanship,3,2,0.047619047619047616,False
workmen,3,3,0.07142857142857142,False
wort,3,2,0.047619047619047616,False
wrapt,3,3,0.07142857142857142,False
wrist,3,3,0.07142857142857142,False
wye,3,2,0.047619047619047616,False
xii,3,2,0.047619047619047616,False
xiii,3,2,0.047619047619047616,False
yelp,3,3,0.07142857142857142,False
yielder,3,3,0.07142857142857142,False
youngl,3,2,0.047619047619047616,False
younker,3,3,0.07142857142857142,False
10,2,2,0.047619047619047616,False
2s,2,1,0.023809523809523808,False
5,2,2,0.047619047619047616,False
abas,2,2,0.047619047619047616,False
abel,2,2,0.047619047619047616,False
abet,2,2,0.047619047619047616,False
abi,2,1,0.023809523809523808,False
abram,2,1,0.023809523809523808,False
abroach,2,2,0.047619047619047616,False
abrupt,2,2,0.047619047619047616,False
abstain,2,2,0.047619047619047616,False
abut,2,2,0.047619047619047616,False
acclam,2,2,0.047619047619047616,False
actual,2,2,0.047619047619047616,False
adag,2,2,0.047619047619047616,False
addrest,2,2,0.047619047619047616,False
adjac,2,2,0.047619047619047616,False
adjourn,2,2,0.047619047619047616,False
admiringli,2,1,0.023809523809523808,False
admonit,2,2,0.047619047619047616,False
adon,2,1,0.023809523809523808,False
adramadio,2,1,0.023809523809523808,False
aer,2,1,0.023809523809523808,False
aesculapiu,2,2,0.047619047619047616,False
aetna,2,2,0.047619047619047616,False
afear,2,2,0.047619047619047616,False
affection,2,2,0.047619047619047616,False
affi,2,2,0.047619047619047616,False
afir,2,2,0.047619047619047616,False
afloat,2,2,0.047619047619047616,False
agit,2,2,0.047619047619047616,False
agon,2,2,0.047619047619047616,False
aidanc,2,2,0.047619047619047616,False
ainsi,2,1,0.023809523809523808,False
alchemist,2,2,0.047619047619047616,False
alderman,2,2,0.047619047619047616,False
aldermen,2,2,0.047619047619047616,False
aleppo,2,2,0.047619047619047616,False
alexandrian,2,1,0.023809523809523808,False
alla,2,2,0.047619047619047616,False
allay,2,2,0.047619047619047616,False
allig,2,2,0.047619047619047616,False
allus,2,1,0.023809523809523808,False
alphabet,2,2,0.047619047619047616,False
amazed,2,2,0.047619047619047616,False
amazonian,2,2,0.047619047619047616,False
amid,2,2,0.047619047619047616,False
amort,2,2,0.047619047619047616,False
ampler,2,2,0.047619047619047616,False
amplest,2,2,0.047619047619047616,False
amurath,2,1,0.023809523809523808,False
ancientri,2,2,0.047619047619047616,False
antidot,2,2,0.047619047619047616,False
anvil,2,2,0.047619047619047616,False
apostl,2,2,0.047619047619047616,False
appeareth,2,2,0.047619047619047616,False
appurten,2,2,0.047619047619047616,False
apricock,2,2,0.047619047619047616,False
apter,2,2,0.047619047619047616,False
arc,2,1,0.023809523809523808,False
archdeacon,2,1,0.023809523809523808,False
archeri,2,2,0.047619047619047616,False
ardour,2,2,0.047619047619047616,False
argier,2,1,0.023809523809523808,False
ariadn,2,2,0.047619047619047616,False
aristotl,2,2,0.047619047619047616,False
armenia,2,1,0.023809523809523808,False
armigero,2,1,0.023809523809523808,False
armouri,2,1,0.023809523809523808,False
arous,2,2,0.047619047619047616,False
arteri,2,2,0.047619047619047616,False
articul,2,2,0.047619047619047616,False
ashford,2,1,0.023809523809523808,False
asketh,2,2,0.047619047619047616,False
aspen,2,2,0.047619047619047616,False
assent,2,1,0.023809523809523808,False
assyrian,2,2,0.047619047619047616,False
astraea,2,2,0.047619047619047616,False
astrai,2,2,0.047619047619047616,False
atalanta,2,1,0.023809523809523808,False
atla,2,2,0.047619047619047616,False
attendeth,2,2,0.047619047619047616,False
auburn,2,2,0.047619047619047616,False
audibl,2,2,0.047619047619047616,False
auger,2,2,0.047619047619047616,False
auguri,2,2,0.047619047619047616,False
august,2,2,0.047619047619047616,False
aurora,2,2,0.047619047619047616,False
aussi,2,2,0.047619047619047616,False
avaric,2,1,0.023809523809523808,False
avert,2,2,0.047619047619047616,False
avow,2,2,0.047619047619047616,False
aweless,2,2,0.047619047619047616,False
awl,2,1,0.023809523809523808,False
axl,2,2,0.047619047619047616,False
ba,2,1,0.023809523809523808,False
babylon,2,2,0.047619047619047616,False
bacchan,2,2,0.047619047619047616,False
bacchu,2,2,0.047619047619047616,False
bae,2,2,0.047619047619047616,False
baker,2,2,0.047619047619047616,False
ballast,2,2,0.047619047619047616,False
barb,2,2,0.047619047619047616,False
barbara,2,1,0.023809523809523808,False
barbason,2,2,0.047619047619047616,False
barefac,2,2,0.047619047619047616,False
barehead,2,2,0.047619047619047616,False
barlei,2,2,0.047619047619047616,False
barm,2,2,0.047619047619047616,False
barrel,2,2,0.047619047619047616,False
bartholomew,2,2,0.047619047619047616,False
battalion,2,2,0.047619047619047616,False
batten,2,2,0.047619047619047616,False
bawl,2,2,0.047619047619047616,False
beagl,2,2,0.047619047619047616,False
bean,2,2,0.047619047619047616,False
beardless,2,2,0.047619047619047616,False
bearest,2,2,0.047619047619047616,False
beaumont,2,1,0.023809523809523808,False
becomest,2,2,0.047619047619047616,False
bedabbl,2,2,0.047619047619047616,False
bedeck,2,2,0.047619047619047616,False
bedrid,2,2,0.047619047619047616,False
befallen,2,2,0.047619047619047616,False
beforehand,2,2,0.047619047619047616,False
beginn,2,2,0.047619047619047616,False
begrim,2,2,0.047619047619047616,False
behoof,2,2,0.047619047619047616,False
belgia,2,2,0.047619047619047616,False
believest,2,2,0.047619047619047616,False
belly,2,2,0.047619047619047616,False
belt,2,2,0.047619047619047616,False
belzebub,2,2,0.047619047619047616,False
bemoan,2,2,0.047619047619047616,False
bene,2,1,0.023809523809523808,False
benedicit,2,2,0.047619047619047616,False
benevol,2,2,0.047619047619047616,False
bennet,2,2,0.047619047619047616,False
bepaint,2,2,0.047619047619047616,False
bergomask,2,1,0.023809523809523808,False
besmirch,2,2,0.047619047619047616,False
besort,2,2,0.047619047619047616,False
beteem,2,2,0.047619047619047616,False
betideth,2,1,0.023809523809523808,False
betoken,2,2,0.047619047619047616,False
betook,2,2,0.047619047619047616,False
bewept,2,2,0.047619047619047616,False
bianco,2,2,0.047619047619047616,False
biscuit,2,2,0.047619047619047616,False
bitum,2,1,0.023809523809523808,False
blabb,2,2,0.047619047619047616,False
blameless,2,2,0.047619047619047616,False
blent,2,2,0.047619047619047616,False
blessedli,2,2,0.047619047619047616,False
bloodsh,2,2,0.047619047619047616,False
blurr,2,2,0.047619047619047616,False
bobb,2,2,0.047619047619047616,False
bodement,2,2,0.047619047619047616,False
bodykin,2,2,0.047619047619047616,False
bohemian,2,2,0.047619047619047616,False
bolden,2,2,0.047619047619047616,False
boldest,2,2,0.047619047619047616,False
bolster,2,2,0.047619047619047616,False
bolter,2,2,0.047619047619047616,False
bonn,2,1,0.023809523809523808,False
boor,2,2,0.047619047619047616,False
bosworth,2,1,0.023809523809523808,False
bouciqualt,2,1,0.023809523809523808,False
bounden,2,2,0.047619047619047616,False
boundeth,2,2,0.047619047619047616,False
boyish,2,2,0.047619047619047616,False
bra,2,1,0.023809523809523808,False
brabbl,2,2,0.047619047619047616,False
brabbler,2,2,0.047619047619047616,False
brambl,2,2,0.047619047619047616,False
breatheth,2,1,0.023809523809523808,False
breedeth,2,1,0.023809523809523808,False
bricklay,2,1,0.023809523809523808,False
bridgenorth,2,1,0.023809523809523808,False
brightli,2,2,0.047619047619047616,False
bringeth,2,2,0.047619047619047616,False
brink,2,2,0.047619047619047616,False
bristli,2,2,0.047619047619047616,False
broader,2,2,0.047619047619047616,False
brute,2,2,0.047619047619047616,False
bullock,2,2,0.047619047619047616,False
bung,2,2,0.047619047619047616,False
buoi,2,1,0.023809523809523808,False
burli,2,2,0.047619047619047616,False
burr,2,2,0.047619047619047616,False
busili,2,2,0.047619047619047616,False
butteri,2,2,0.047619047619047616,False
buxom,2,2,0.047619047619047616,False
buyer,2,2,0.047619047619047616,False
cabinet,2,2,0.047619047619047616,False
cackl,2,2,0.047619047619047616,False
caesarion,2,1,0.023809523809523808,False
calcul,2,2,0.047619047619047616,False
callat,2,2,0.047619047619047616,False
callest,2,2,0.047619047619047616,False
callet,2,2,0.047619047619047616,False
calmli,2,2,0.047619047619047616,False
cambria,2,1,0.023809523809523808,False
canakin,2,1,0.023809523809523808,False
cantl,2,2,0.047619047619047616,False
canva,2,2,0.047619047619047616,False
canvass,2,2,0.047619047619047616,False
capel,2,1,0.023809523809523808,False
capitul,2,2,0.047619047619047616,False
capp,2,2,0.047619047619047616,False
captainship,2,2,0.047619047619047616,False
carack,2,2,0.047619047619047616,False
carat,2,2,0.047619047619047616,False
carcanet,2,2,0.047619047619047616,False
caret,2,2,0.047619047619047616,False
carol,2,2,0.047619047619047616,False
carver,2,2,0.047619047619047616,False
castig,2,2,0.047619047619047616,False
cataian,2,2,0.047619047619047616,False
catcher,2,2,0.047619047619047616,False
catech,2,2,0.047619047619047616,False
cater,2,2,0.047619047619047616,False
caterwaul,2,2,0.047619047619047616,False
catl,2,2,0.047619047619047616,False
caucasu,2,2,0.047619047619047616,False
caulk,2,1,0.023809523809523808,False
cavali,2,2,0.047619047619047616,False
censer,2,2,0.047619047619047616,False
cess,2,2,0.047619047619047616,False
chalk,2,2,0.047619047619047616,False
chambermaid,2,2,0.047619047619047616,False
champaign,2,2,0.047619047619047616,False
chanticl,2,2,0.047619047619047616,False
chantri,2,2,0.047619047619047616,False
chapless,2,2,0.047619047619047616,False
chapmen,2,2,0.047619047619047616,False
characteri,2,2,0.047619047619047616,False
chari,2,2,0.047619047619047616,False
charlemain,2,2,0.047619047619047616,False
charnel,2,2,0.047619047619047616,False
chartreux,2,1,0.023809523809523808,False
chatham,2,1,0.023809523809523808,False
cheapen,2,2,0.047619047619047616,False
cheapest,2,2,0.047619047619047616,False
cheapsid,2,1,0.023809523809523808,False
cheval,2,1,0.023809523809523808,False
chick,2,2,0.047619047619047616,False
childb,2,1,0.023809523809523808,False
chipp,2,2,0.047619047619047616,False
chirrah,2,1,0.023809523809523808,False
christophero,2,1,0.023809523809523808,False
circ,2,2,0.047619047619047616,False
circumscrib,2,2,0.047619047619047616,False
circumspect,2,2,0.047619047619047616,False
circumvent,2,2,0.047619047619047616,False
cleitu,2,1,0.023809523809523808,False
climber,2,2,0.047619047619047616,False
cling,2,1,0.023809523809523808,False
clipt,2,2,0.047619047619047616,False
closer,2,2,0.047619047619047616,False
coars,2,2,0.047619047619047616,False
cobbl,2,2,0.047619047619047616,False
cobbler,2,1,0.023809523809523808,False
cockerel,2,2,0.047619047619047616,False
cocknei,2,2,0.047619047619047616,False
cogit,2,2,0.047619047619047616,False
coinag,2,2,0.047619047619047616,False
col,2,1,0.023809523809523808,False
colbrand,2,2,0.047619047619047616,False
collater,2,2,0.047619047619047616,False
colli,2,2,0.047619047619047616,False
collop,2,2,0.047619047619047616,False
columbin,2,2,0.047619047619047616,False
combust,2,2,0.047619047619047616,False
comedian,2,2,0.047619047619047616,False
comfit,2,2,0.047619047619047616,False
comma,2,2,0.047619047619047616,False
commentari,2,2,0.047619047619047616,False
commix,2,2,0.047619047619047616,False
commixtur,2,2,0.047619047619047616,False
commonalti,2,2,0.047619047619047616,False
companionship,2,2,0.047619047619047616,False
compeer,2,2,0.047619047619047616,False
compris,2,2,0.047619047619047616,False
comput,2,2,0.047619047619047616,False
concert,2,2,0.047619047619047616,False
condescend,2,1,0.023809523809523808,False
condign,2,2,0.047619047619047616,False
conduc,2,1,0.023809523809523808,False
confect,2,1,0.023809523809523808,False
conger,2,1,0.023809523809523808,False
congruent,2,1,0.023809523809523808,False
conjointli,2,2,0.047619047619047616,False
consanguin,2,2,0.047619047619047616,False
constitut,2,2,0.047619047619047616,False
consulship,2,1,0.023809523809523808,False
contenti,2,2,0.047619047619047616,False
contrarieti,2,2,0.047619047619047616,False
contribut,2,2,0.047619047619047616,False
contrit,2,2,0.047619047619047616,False
convict,2,2,0.047619047619047616,False
convoc,2,2,0.047619047619047616,False
cookeri,2,2,0.047619047619047616,False
coop,2,2,0.047619047619047616,False
copest,2,2,0.047619047619047616,False
copiou,2,2,0.047619047619047616,False
cork,2,2,0.047619047619047616,False
cornelia,2,1,0.023809523809523808,False
cornish,2,1,0.023809523809523808,False
corrig,2,2,0.047619047619047616,False
corriv,2,1,0.023809523809523808,False
corros,2,2,0.047619047619047616,False
cotswold,2,2,0.047619047619047616,False
cotu,2,1,0.023809523809523808,False
counterchequ,2,2,0.047619047619047616,False
countervail,2,2,0.047619047619047616,False
couplement,2,2,0.047619047619047616,False
couplet,2,2,0.047619047619047616,False
courteous,2,2,0.047619047619047616,False
coverlet,2,2,0.047619047619047616,False
cower,2,2,0.047619047619047616,False
craftili,2,2,0.047619047619047616,False
creak,2,2,0.047619047619047616,False
creek,2,2,0.047619047619047616,False
crib,2,2,0.047619047619047616,False
criedst,2,2,0.047619047619047616,False
criest,2,2,0.047619047619047616,False
cucullu,2,2,0.047619047619047616,False
cum,2,2,0.047619047619047616,False
cumber,2,2,0.047619047619047616,False
cupbear,2,1,0.023809523809523808,False
cupboard,2,2,0.047619047619047616,False
curdi,2,2,0.047619047619047616,False
curtail,2,2,0.047619047619047616,False
curtl,2,2,0.047619047619047616,False
custard,2,2,0.047619047619047616,False
cyclop,2,2,0.047619047619047616,False
daffodil,2,1,0.023809523809523808,False
daintiest,2,2,0.047619047619047616,False
daintili,2,2,0.047619047619047616,False
dalmatian,2,1,0.023809523809523808,False
dappl,2,2,0.047619047619047616,False
darker,2,2,0.047619047619047616,False
debitor,2,2,0.047619047619047616,False
deceivest,2,2,0.047619047619047616,False
defer,2,2,0.047619047619047616,False
defici,2,2,0.047619047619047616,False
defus,2,2,0.047619047619047616,False
degrad,2,2,0.047619047619047616,False
deifi,2,2,0.047619047619047616,False
delabreth,2,1,0.023809523809523808,False
delat,2,2,0.047619047619047616,False
delect,2,2,0.047619047619047616,False
delug,2,2,0.047619047619047616,False
demigod,2,2,0.047619047619047616,False
demoisel,2,1,0.023809523809523808,False
demon,2,2,0.047619047619047616,False
denai,2,2,0.047619047619047616,False
deniest,2,2,0.047619047619047616,False
deplor,2,2,0.047619047619047616,False
deracin,2,2,0.047619047619047616,False
despiseth,2,1,0.023809523809523808,False
destroy,2,2,0.047619047619047616,False
deuc,2,2,0.047619047619047616,False
deucalion,2,2,0.047619047619047616,False
deum,2,2,0.047619047619047616,False
deux,2,1,0.023809523809523808,False
devant,2,1,0.023809523809523808,False
dewi,2,2,0.047619047619047616,False
diffus,2,2,0.047619047619047616,False
dilatori,2,2,0.047619047619047616,False
dilemma,2,2,0.047619047619047616,False
directitud,2,1,0.023809523809523808,False
direst,2,2,0.047619047619047616,False
disadvantag,2,2,0.047619047619047616,False
disannul,2,2,0.047619047619047616,False
discandi,2,1,0.023809523809523808,False
discas,2,2,0.047619047619047616,False
discipl,2,2,0.047619047619047616,False
discontinu,2,2,0.047619047619047616,False
discreetli,2,2,0.047619047619047616,False
disdaineth,2,2,0.047619047619047616,False
disdainfulli,2,2,0.047619047619047616,False
disembark,2,2,0.047619047619047616,False
disgraci,2,1,0.023809523809523808,False
dishclout,2,2,0.047619047619047616,False
dishearten,2,2,0.047619047619047616,False
dishevel,2,2,0.047619047619047616,False
dishonestli,2,2,0.047619047619047616,False
disjoint,2,2,0.047619047619047616,False
dislikest,2,1,0.023809523809523808,False
disloyalti,2,2,0.047619047619047616,False
displant,2,2,0.047619047619047616,False
distractedli,2,2,0.047619047619047616,False
distrain,2,2,0.047619047619047616,False
distraught,2,2,0.047619047619047616,False
dite,2,1,0.023809523809523808,False
divers,2,2,0.047619047619047616,False
divest,2,2,0.047619047619047616,False
dobbin,2,1,0.023809523809523808,False
doest,2,2,0.047619047619047616,False
dollar,2,2,0.047619047619047616,False
dolt,2,2,0.047619047619047616,False
doncast,2,1,0.023809523809523808,False
doo,2,1,0.023809523809523808,False
doteth,2,2,0.047619047619047616,False
dough,2,1,0.023809523809523808,False
dowerless,2,1,0.023809523809523808,False
dowla,2,1,0.023809523809523808,False
drachma,2,1,0.023809523809523808,False
draff,2,2,0.047619047619047616,False
dragg,2,2,0.047619047619047616,False
drank,2,2,0.047619047619047616,False
draweth,2,1,0.023809523809523808,False
drest,2,2,0.047619047619047616,False
drier,2,2,0.047619047619047616,False
driveth,2,2,0.047619047619047616,False
drolleri,2,2,0.047619047619047616,False
drouth,2,2,0.047619047619047616,False
drunkenli,2,2,0.047619047619047616,False
duellist,2,1,0.023809523809523808,False
duello,2,2,0.047619047619047616,False
dullard,2,2,0.047619047619047616,False
dungi,2,2,0.047619047619047616,False
dusti,2,2,0.047619047619047616,False
dutch,2,2,0.047619047619047616,False
dwellest,2,1,0.023809523809523808,False
dwelt,2,2,0.047619047619047616,False
dwindl,2,2,0.047619047619047616,False
earlier,2,2,0.047619047619047616,False
eb,2,1,0.023809523809523808,False
ed,2,2,0.047619047619047616,False
edgeless,2,1,0.023809523809523808,False
effectless,2,2,0.047619047619047616,False
egal,2,2,0.047619047619047616,False
eglantin,2,2,0.047619047619047616,False
eisel,2,2,0.047619047619047616,False
elb,2,1,0.023809523809523808,False
eleventh,2,2,0.047619047619047616,False
embalm,2,2,0.047619047619047616,False
emblem,2,2,0.047619047619047616,False
emerald,2,2,0.047619047619047616,False
emphasi,2,2,0.047619047619047616,False
empoison,2,2,0.047619047619047616,False
emptier,2,2,0.047619047619047616,False
enchaf,2,2,0.047619047619047616,False
encircl,2,2,0.047619047619047616,False
engraf,2,2,0.047619047619047616,False
engraft,2,1,0.023809523809523808,False
enorm,2,2,0.047619047619047616,False
enrob,2,2,0.047619047619047616,False
envelop,2,2,0.047619047619047616,False
enwrap,2,2,0.047619047619047616,False
ephesian,2,2,0.047619047619047616,False
epicurean,2,2,0.047619047619047616,False
epistl,2,1,0.023809523809523808,False
ercast,2,2,0.047619047619047616,False
ercl,2,1,0.023809523809523808,False
erhang,2,2,0.047619047619047616,False
erjoi,2,2,0.047619047619047616,False
ermatch,2,2,0.047619047619047616,False
erpast,2,1,0.023809523809523808,False
erpow,2,2,0.047619047619047616,False
erreach,2,2,0.047619047619047616,False
erron,2,2,0.047619047619047616,False
errul,2,2,0.047619047619047616,False
ershot,2,2,0.047619047619047616,False
erspread,2,2,0.047619047619047616,False
erta,2,2,0.047619047619047616,False
ertook,2,2,0.047619047619047616,False
erturn,2,2,0.047619047619047616,False
erweigh,2,2,0.047619047619047616,False
estrang,2,2,0.047619047619047616,False
estridg,2,2,0.047619047619047616,False
ethiopian,2,2,0.047619047619047616,False
evad,2,2,0.047619047619047616,False
everywher,2,2,0.047619047619047616,False
evilli,2,2,0.047619047619047616,False
excusez,2,1,0.023809523809523808,False
exorcist,2,2,0.047619047619047616,False
expiat,2,2,0.047619047619047616,False
explic,2,2,0.047619047619047616,False
exposur,2,2,0.047619047619047616,False
extinguish,2,2,0.047619047619047616,False
extraordinarili,2,1,0.023809523809523808,False
fabul,2,2,0.047619047619047616,False
facit,2,2,0.047619047619047616,False
fadg,2,2,0.047619047619047616,False
faggot,2,2,0.047619047619047616,False
fait,2,2,0.047619047619047616,False
fallibl,2,2,0.047619047619047616,False
falser,2,2,0.047619047619047616,False
fane,2,2,0.047619047619047616,False
fann,2,2,0.047619047619047616,False
farest,2,2,0.047619047619047616,False
fastest,2,2,0.047619047619047616,False
fatherless,2,2,0.047619047619047616,False
fatter,2,2,0.047619047619047616,False
fattest,2,2,0.047619047619047616,False
fauconberg,2,1,0.023809523809523808,False
fawneth,2,2,0.047619047619047616,False
featli,2,2,0.047619047619047616,False
feedeth,2,2,0.047619047619047616,False
felic,2,2,0.047619047619047616,False
fellest,2,2,0.047619047619047616,False
fencer,2,2,0.047619047619047616,False
fennel,2,2,0.047619047619047616,False
feodari,2,2,0.047619047619047616,False
fere,2,2,0.047619047619047616,False
fern,2,1,0.023809523809523808,False
festin,2,2,0.047619047619047616,False
feu,2,1,0.023809523809523808,False
fewest,2,1,0.023809523809523808,False
fiddl,2,1,0.023809523809523808,False
fiddlestick,2,2,0.047619047619047616,False
fidelicet,2,1,0.023809523809523808,False
figo,2,1,0.023809523809523808,False
fil,2,2,0.047619047619047616,False
fillet,2,2,0.047619047619047616,False
finch,2,2,0.047619047619047616,False
firebrand,2,2,0.047619047619047616,False
firework,2,2,0.047619047619047616,False
firk,2,1,0.023809523809523808,False
fishmong,2,1,0.023809523809523808,False
fitment,2,2,0.047619047619047616,False
fixtur,2,2,0.047619047619047616,False
flamen,2,2,0.047619047619047616,False
flander,2,2,0.047619047619047616,False
flank,2,1,0.023809523809523808,False
flask,2,2,0.047619047619047616,False
fledg,2,2,0.047619047619047616,False
fleeter,2,2,0.047619047619047616,False
flexibl,2,2,0.047619047619047616,False
flexur,2,2,0.047619047619047616,False
flibbertigibbet,2,1,0.023809523809523808,False
flinch,2,2,0.047619047619047616,False
floweret,2,2,0.047619047619047616,False
flux,2,1,0.023809523809523808,False
foal,2,2,0.047619047619047616,False
foc,2,1,0.023809523809523808,False
foeman,2,2,0.047619047619047616,False
foix,2,1,0.023809523809523808,False
font,2,2,0.047619047619047616,False
foolhardi,2,2,0.047619047619047616,False
footbal,2,2,0.047619047619047616,False
forceless,2,2,0.047619047619047616,False
fordon,2,2,0.047619047619047616,False
forenoon,2,2,0.047619047619047616,False
foresp,2,2,0.047619047619047616,False
forgav,2,2,0.047619047619047616,False
formless,2,2,0.047619047619047616,False
forspent,2,2,0.047619047619047616,False
foutr,2,1,0.023809523809523808,False
fract,2,2,0.047619047619047616,False
frailer,2,2,0.047619047619047616,False
franticli,2,2,0.047619047619047616,False
fraughtag,2,2,0.047619047619047616,False
frenchwoman,2,2,0.047619047619047616,False
frize,2,2,0.047619047619047616,False
frolic,2,2,0.047619047619047616,False
frugal,2,2,0.047619047619047616,False
fruitfulli,2,2,0.047619047619047616,False
fundament,2,2,0.047619047619047616,False
furbish,2,2,0.047619047619047616,False
furlong,2,2,0.047619047619047616,False
furr,2,2,0.047619047619047616,False
furz,2,1,0.023809523809523808,False
gag,2,1,0.023809523809523808,False
gainer,2,2,0.047619047619047616,False
gallian,2,2,0.047619047619047616,False
gallimaufri,2,2,0.047619047619047616,False
gallowglass,2,2,0.047619047619047616,False
garbag,2,2,0.047619047619047616,False
garboil,2,1,0.023809523809523808,False
garish,2,2,0.047619047619047616,False
gasconi,2,1,0.023809523809523808,False
gast,2,2,0.047619047619047616,False
gaultier,2,1,0.023809523809523808,False
gaultre,2,1,0.023809523809523808,False
gawsei,2,1,0.023809523809523808,False
geck,2,2,0.047619047619047616,False
gen,2,2,0.047619047619047616,False
gentilhomm,2,1,0.023809523809523808,False
gentlemanlik,2,2,0.047619047619047616,False
gentlest,2,2,0.047619047619047616,False
germen,2,2,0.047619047619047616,False
gest,2,2,0.047619047619047616,False
gi,2,2,0.047619047619047616,False
gib,2,2,0.047619047619047616,False
giddili,2,2,0.047619047619047616,False
gill,2,2,0.047619047619047616,False
gillyvor,2,1,0.023809523809523808,False
gingerbread,2,2,0.047619047619047616,False
girth,2,2,0.047619047619047616,False
giveth,2,2,0.047619047619047616,False
gleam,2,2,0.047619047619047616,False
glorious,2,2,0.047619047619047616,False
glue,2,2,0.047619047619047616,False
glut,2,2,0.047619047619047616,False
gluttoni,2,1,0.023809523809523808,False
gnawn,2,2,0.047619047619047616,False
gobbet,2,1,0.023809523809523808,False
godmoth,2,1,0.023809523809523808,False
goeth,2,2,0.047619047619047616,False
goff,2,1,0.023809523809523808,False
golgotha,2,2,0.047619047619047616,False
gondola,2,2,0.047619047619047616,False
goodfellow,2,2,0.047619047619047616,False
goodlier,2,2,0.047619047619047616,False
gordian,2,2,0.047619047619047616,False
gorgon,2,2,0.047619047619047616,False
gosl,2,2,0.047619047619047616,False
gospel,2,2,0.047619047619047616,False
gossam,2,2,0.047619047619047616,False
gover,2,2,0.047619047619047616,False
gradat,2,2,0.047619047619047616,False
grammar,2,2,0.047619047619047616,False
graven,2,2,0.047619047619047616,False
gree,2,2,0.047619047619047616,False
greenli,2,2,0.047619047619047616,False
griffin,2,2,0.047619047619047616,False
grime,2,2,0.047619047619047616,False
grimli,2,2,0.047619047619047616,False
grise,2,2,0.047619047619047616,False
groin,2,2,0.047619047619047616,False
grope,2,2,0.047619047619047616,False
growest,2,1,0.023809523809523808,False
grunt,2,2,0.047619047619047616,False
guardant,2,2,0.047619047619047616,False
guilder,2,1,0.023809523809523808,False
guildhal,2,1,0.023809523809523808,False
guiltier,2,1,0.023809523809523808,False
hacket,2,1,0.023809523809523808,False
hacknei,2,2,0.047619047619047616,False
hailston,2,2,0.047619047619047616,False
hairless,2,2,0.047619047619047616,False
halcyon,2,2,0.047619047619047616,False
hampton,2,1,0.023809523809523808,False
handicraft,2,2,0.047619047619047616,False
handless,2,2,0.047619047619047616,False
hangeth,2,2,0.047619047619047616,False
hangmen,2,1,0.023809523809523808,False
harbourag,2,2,0.047619047619047616,False
harcourt,2,1,0.023809523809523808,False
harken,2,2,0.047619047619047616,False
hasteth,2,1,0.023809523809523808,False
hater,2,2,0.047619047619047616,False
hatfield,2,1,0.023809523809523808,False
headsman,2,2,0.047619047619047616,False
healthi,2,2,0.047619047619047616,False
hearest,2,2,0.047619047619047616,False
hearsai,2,2,0.047619047619047616,False
hearten,2,2,0.047619047619047616,False
heathenish,2,2,0.047619047619047616,False
heaveth,2,1,0.023809523809523808,False
heedless,2,2,0.047619047619047616,False
heft,2,2,0.047619047619047616,False
herdsmen,2,2,0.047619047619047616,False
herefordshir,2,2,0.047619047619047616,False
heritag,2,2,0.047619047619047616,False
hermitag,2,2,0.047619047619047616,False
hesperid,2,2,0.047619047619047616,False
hewn,2,1,0.023809523809523808,False
hideous,2,2,0.047619047619047616,False
hidest,2,2,0.047619047619047616,False
hiem,2,2,0.047619047619047616,False
highmost,2,2,0.047619047619047616,False
hillo,2,1,0.023809523809523808,False
hist,2,1,0.023809523809523808,False
hoa,2,2,0.047619047619047616,False
hoc,2,2,0.047619047619047616,False
hoi,2,2,0.047619047619047616,False
holder,2,2,0.047619047619047616,False
holdeth,2,2,0.047619047619047616,False
holier,2,2,0.047619047619047616,False
holli,2,1,0.023809523809523808,False
hollowli,2,2,0.047619047619047616,False
hoodman,2,2,0.047619047619047616,False
horridli,2,1,0.023809523809523808,False
horseman,2,1,0.023809523809523808,False
horsemanship,2,2,0.047619047619047616,False
hostiliu,2,2,0.047619047619047616,False
hottest,2,2,0.047619047619047616,False
houseless,2,1,0.023809523809523808,False
housew,2,1,0.023809523809523808,False
housewiferi,2,2,0.047619047619047616,False
hu,2,2,0.047619047619047616,False
huddl,2,2,0.047619047619047616,False
humblest,2,2,0.047619047619047616,False
humid,2,2,0.047619047619047616,False
hungari,2,1,0.023809523809523808,False
hungerford,2,2,0.047619047619047616,False
hurlyburli,2,2,0.047619047619047616,False
hurricano,2,2,0.047619047619047616,False
hurtl,2,2,0.047619047619047616,False
huswif,2,2,0.047619047619047616,False
hybla,2,2,0.047619047619047616,False
hyrcanian,2,2,0.047619047619047616,False
iceland,2,1,0.023809523809523808,False
ignorantli,2,1,0.023809523809523808,False
illegitim,2,2,0.047619047619047616,False
illiter,2,2,0.047619047619047616,False
imbru,2,2,0.047619047619047616,False
immoder,2,2,0.047619047619047616,False
impal,2,1,0.023809523809523808,False
impetu,2,2,0.047619047619047616,False
implement,2,2,0.047619047619047616,False
impli,2,2,0.047619047619047616,False
impon,2,1,0.023809523809523808,False
importeth,2,2,0.047619047619047616,False
importunaci,2,2,0.047619047619047616,False
improvid,2,2,0.047619047619047616,False
impugn,2,2,0.047619047619047616,False
inaccess,2,2,0.047619047619047616,False
incertainti,2,1,0.023809523809523808,False
incivil,2,2,0.047619047619047616,False
inclus,2,2,0.047619047619047616,False
inconi,2,1,0.023809523809523808,False
inconsider,2,2,0.047619047619047616,False
incredul,2,2,0.047619047619047616,False
incurs,2,2,0.047619047619047616,False
indebt,2,2,0.047619047619047616,False
indiscreet,2,2,0.047619047619047616,False
indiscret,2,2,0.047619047619047616,False
indistinct,2,2,0.047619047619047616,False
inexor,2,2,0.047619047619047616,False
infam,2,2,0.047619047619047616,False
infix,2,2,0.047619047619047616,False
infold,2,2,0.047619047619047616,False
inforc,2,1,0.023809523809523808,False
infortun,2,2,0.047619047619047616,False
ingraft,2,2,0.047619047619047616,False
inhears,2,2,0.047619047619047616,False
inkhorn,2,2,0.047619047619047616,False
inmost,2,2,0.047619047619047616,False
inquiri,2,2,0.047619047619047616,False
insist,2,2,0.047619047619047616,False
insoci,2,1,0.023809523809523808,False
intellectu,2,2,0.047619047619047616,False
intermingl,2,2,0.047619047619047616,False
intermix,2,2,0.047619047619047616,False
intestin,2,2,0.047619047619047616,False
intitul,2,2,0.047619047619047616,False
intrench,2,2,0.047619047619047616,False
intrins,2,2,0.047619047619047616,False
inur,2,2,0.047619047619047616,False
inventor,2,2,0.047619047619047616,False
inver,2,1,0.023809523809523808,False
invert,2,2,0.047619047619047616,False
inviol,2,2,0.047619047619047616,False
invok,2,2,0.047619047619047616,False
ips,2,1,0.023809523809523808,False
ipswich,2,1,0.023809523809523808,False
irishman,2,2,0.047619047619047616,False
issueless,2,2,0.047619047619047616,False
ithaca,2,2,0.047619047619047616,False
jane,2,2,0.047619047619047616,False
janu,2,2,0.047619047619047616,False
januari,2,2,0.047619047619047616,False
jason,2,1,0.023809523809523808,False
jaundic,2,2,0.047619047619047616,False
jaunt,2,1,0.023809523809523808,False
jewish,2,1,0.023809523809523808,False
job,2,2,0.047619047619047616,False
jordan,2,2,0.047619047619047616,False
joseph,2,1,0.023809523809523808,False
journal,2,2,0.047619047619047616,False
jowl,2,2,0.047619047619047616,False
joyou,2,2,0.047619047619047616,False
jude,2,1,0.023809523809523808,False
judgest,2,2,0.047619047619047616,False
jug,2,2,0.047619047619047616,False
julietta,2,1,0.023809523809523808,False
jurisdict,2,2,0.047619047619047616,False
jutti,2,2,0.047619047619047616,False
katarina,2,1,0.023809523809523808,False
keech,2,2,0.047619047619047616,False
kendal,2,1,0.023809523809523808,False
kentish,2,1,0.023809523809523808,False
kettl,2,1,0.023809523809523808,False
kidnei,2,2,0.047619047619047616,False
killer,2,2,0.047619047619047616,False
killingworth,2,1,0.023809523809523808,False
kimbolton,2,1,0.023809523809523808,False
kirtl,2,1,0.023809523809523808,False
kitten,2,1,0.023809523809523808,False
knap,2,2,0.047619047619047616,False
knower,2,1,0.023809523809523808,False
knowingli,2,2,0.047619047619047616,False
knowist,2,2,0.047619047619047616,False
laban,2,1,0.023809523809523808,False
labor,2,1,0.023809523809523808,False
laboursom,2,2,0.047619047619047616,False
lacedaemon,2,1,0.023809523809523808,False
lackest,2,2,0.047619047619047616,False
lakin,2,2,0.047619047619047616,False
lambkin,2,2,0.047619047619047616,False
later,2,2,0.047619047619047616,False
laudabl,2,2,0.047619047619047616,False
laugher,2,2,0.047619047619047616,False
laund,2,2,0.047619047619047616,False
laundress,2,1,0.023809523809523808,False
leadeth,2,2,0.047619047619047616,False
leaki,2,2,0.047619047619047616,False
leda,2,2,0.047619047619047616,False
leech,2,2,0.047619047619047616,False
leet,2,2,0.047619047619047616,False
lege,2,2,0.047619047619047616,False
legg,2,2,0.047619047619047616,False
lena,2,1,0.023809523809523808,False
lentu,2,1,0.023809523809523808,False
leper,2,2,0.047619047619047616,False
lestral,2,1,0.023809523809523808,False
leven,2,2,0.047619047619047616,False
libel,2,2,0.047619047619047616,False
licha,2,2,0.047619047619047616,False
liefest,2,1,0.023809523809523808,False
liegemen,2,2,0.047619047619047616,False
lien,2,2,0.047619047619047616,False
lieth,2,2,0.047619047619047616,False
lieutenantri,2,2,0.047619047619047616,False
liev,2,2,0.047619047619047616,False
lightest,2,2,0.047619047619047616,False
lightless,2,1,0.023809523809523808,False
limbeck,2,2,0.047619047619047616,False
ling,2,1,0.023809523809523808,False
linguist,2,2,0.047619047619047616,False
linstock,2,2,0.047619047619047616,False
livelihood,2,2,0.047619047619047616,False
livia,2,2,0.047619047619047616,False
lob,2,2,0.047619047619047616,False
local,2,2,0.047619047619047616,False
lode,2,2,0.047619047619047616,False
lodger,2,2,0.047619047619047616,False
logger,2,2,0.047619047619047616,False
loggerhead,2,2,0.047619047619047616,False
logic,2,2,0.047619047619047616,False
loneli,2,2,0.047619047619047616,False
longeth,2,1,0.023809523809523808,False
lookest,2,2,0.047619047619047616,False
lorrain,2,1,0.023809523809523808,False
louvr,2,2,0.047619047619047616,False
lovingli,2,2,0.047619047619047616,False
lown,2,2,0.047619047619047616,False
luckless,2,1,0.023809523809523808,False
lucr,2,2,0.047619047619047616,False
lukewarm,2,2,0.047619047619047616,False
luperc,2,1,0.023809523809523808,False
lurch,2,2,0.047619047619047616,False
lusciou,2,2,0.047619047619047616,False
lustihood,2,2,0.047619047619047616,False
lustrou,2,2,0.047619047619047616,False
lydia,2,1,0.023809523809523808,False
lyingest,2,2,0.047619047619047616,False
macul,2,2,0.047619047619047616,False
madrig,2,1,0.023809523809523808,False
mahu,2,1,0.023809523809523808,False
maidenli,2,2,0.047619047619047616,False
maidhood,2,2,0.047619047619047616,False
malecont,2,2,0.047619047619047616,False
malevol,2,2,0.047619047619047616,False
malkin,2,2,0.047619047619047616,False
mall,2,2,0.047619047619047616,False
mammet,2,2,0.047619047619047616,False
mandragora,2,2,0.047619047619047616,False
manfulli,2,2,0.047619047619047616,False
manual,2,2,0.047619047619047616,False
marl,2,2,0.047619047619047616,False
martlet,2,2,0.047619047619047616,False
masonri,2,2,0.047619047619047616,False
masterless,2,2,0.047619047619047616,False
matchless,2,2,0.047619047619047616,False
matthew,2,1,0.023809523809523808,False
maul,2,2,0.047619047619047616,False
mazzard,2,2,0.047619047619047616,False
measureless,2,2,0.047619047619047616,False
meddler,2,2,0.047619047619047616,False
medea,2,2,0.047619047619047616,False
media,2,1,0.023809523809523808,False
meeter,2,2,0.047619047619047616,False
melteth,2,2,0.047619047619047616,False
memoris,2,2,0.047619047619047616,False
menton,2,1,0.023809523809523808,False
merlin,2,2,0.047619047619047616,False
messalin,2,1,0.023809523809523808,False
metaphys,2,2,0.047619047619047616,False
metheglin,2,2,0.047619047619047616,False
mexico,2,1,0.023809523809523808,False
michaelma,2,2,0.047619047619047616,False
mightest,2,2,0.047619047619047616,False
mihi,2,2,0.047619047619047616,False
mildest,2,2,0.047619047619047616,False
mildew,2,2,0.047619047619047616,False
milkmaid,2,2,0.047619047619047616,False
miller,2,2,0.047619047619047616,False
millin,2,2,0.047619047619047616,False
millston,2,1,0.023809523809523808,False
mimic,2,2,0.047619047619047616,False
mindless,2,2,0.047619047619047616,False
minerva,2,2,0.047619047619047616,False
minim,2,2,0.047619047619047616,False
minnow,2,2,0.047619047619047616,False
miri,2,2,0.047619047619047616,False
misbecom,2,2,0.047619047619047616,False
misbeliev,2,2,0.047619047619047616,False
mischiev,2,2,0.047619047619047616,False
misconstruct,2,2,0.047619047619047616,False
misinterpret,2,2,0.047619047619047616,False
missiv,2,2,0.047619047619047616,False
mista,2,2,0.047619047619047616,False
mistemp,2,2,0.047619047619047616,False
mite,2,2,0.047619047619047616,False
modo,2,1,0.023809523809523808,False
modul,2,2,0.047619047619047616,False
moisten,2,2,0.047619047619047616,False
molli,2,1,0.023809523809523808,False
monachum,2,2,0.047619047619047616,False
mond,2,1,0.023809523809523808,False
monstrous,2,2,0.047619047619047616,False
monthli,2,2,0.047619047619047616,False
mop,2,2,0.047619047619047616,False
mortar,2,2,0.047619047619047616,False
mortis,2,2,0.047619047619047616,False
mulet,2,2,0.047619047619047616,False
mulmutiu,2,1,0.023809523809523808,False
multitudin,2,2,0.047619047619047616,False
munit,2,2,0.047619047619047616,False
mush,2,1,0.023809523809523808,False
musket,2,2,0.047619047619047616,False
mustachio,2,2,0.047619047619047616,False
mutat,2,2,0.047619047619047616,False
naso,2,1,0.023809523809523808,False
nasti,2,2,0.047619047619047616,False
neaf,2,2,0.047619047619047616,False
neanmoin,2,1,0.023809523809523808,False
nedar,2,1,0.023809523809523808,False
neg,2,2,0.047619047619047616,False
neighbourli,2,2,0.047619047619047616,False
nemean,2,2,0.047619047619047616,False
nessu,2,2,0.047619047619047616,False
newborn,2,2,0.047619047619047616,False
nibbl,2,2,0.047619047619047616,False
nicanor,2,1,0.023809523809523808,False
ninu,2,1,0.023809523809523808,False
niob,2,2,0.047619047619047616,False
nippl,2,2,0.047619047619047616,False
nit,2,2,0.047619047619047616,False
noah,2,2,0.047619047619047616,False
nob,2,2,0.047619047619047616,False
noddl,2,2,0.047619047619047616,False
noint,2,2,0.047619047619047616,False
noiseless,2,2,0.047619047619047616,False
nominativo,2,1,0.023809523809523808,False
notifi,2,2,0.047619047619047616,False
nou,2,1,0.023809523809523808,False
nourisheth,2,2,0.047619047619047616,False
nowher,2,2,0.047619047619047616,False
numberless,2,2,0.047619047619047616,False
oaken,2,1,0.023809523809523808,False
obliqu,2,2,0.047619047619047616,False
oblivi,2,2,0.047619047619047616,False
obstinaci,2,2,0.047619047619047616,False
occid,2,2,0.047619047619047616,False
occupi,2,2,0.047619047619047616,False
odourifer,2,2,0.047619047619047616,False
oeillad,2,2,0.047619047619047616,False
olympian,2,2,0.047619047619047616,False
omitt,2,2,0.047619047619047616,False
ongl,2,1,0.023809523809523808,False
opal,2,2,0.047619047619047616,False
oppressor,2,2,0.047619047619047616,False
ork,2,1,0.023809523809523808,False
orthographi,2,2,0.047619047619047616,False
otherwher,2,2,0.047619047619047616,False
ouph,2,1,0.023809523809523808,False
ousel,2,2,0.047619047619047616,False
outbrav,2,2,0.047619047619047616,False
outdar,2,2,0.047619047619047616,False
outgo,2,2,0.047619047619047616,False
outsel,2,1,0.023809523809523808,False
outswear,2,2,0.047619047619047616,False
outwear,2,2,0.047619047619047616,False
outweigh,2,2,0.047619047619047616,False
outworn,2,1,0.023809523809523808,False
overbear,2,2,0.047619047619047616,False
overblown,2,2,0.047619047619047616,False
overgon,2,2,0.047619047619047616,False
overhear,2,2,0.047619047619047616,False
overjoi,2,2,0.047619047619047616,False
overpass,2,2,0.047619047619047616,False
overshin,2,2,0.047619047619047616,False
overshot,2,2,0.047619047619047616,False
overswai,2,2,0.047619047619047616,False
overta,2,2,0.047619047619047616,False
overturn,2,2,0.047619047619047616,False
oxlip,2,2,0.047619047619047616,False
oy,2,2,0.047619047619047616,False
pa,2,1,0.023809523809523808,False
packthread,2,2,0.047619047619047616,False
pacoru,2,1,0.023809523809523808,False
paddock,2,2,0.047619047619047616,False
palatin,2,1,0.023809523809523808,False
palestin,2,2,0.047619047619047616,False
pamphlet,2,2,0.047619047619047616,False
pannonian,2,1,0.023809523809523808,False
pantaloon,2,2,0.047619047619047616,False
pantheon,2,1,0.023809523809523808,False
par,2,2,0.047619047619047616,False
pardonnez,2,1,0.023809523809523808,False
parishion,2,2,0.047619047619047616,False
parricid,2,2,0.047619047619047616,False
particl,2,2,0.047619047619047616,False
particularli,2,2,0.047619047619047616,False
partlet,2,2,0.047619047619047616,False
partridg,2,2,0.047619047619047616,False
passabl,2,2,0.047619047619047616,False
passeth,2,2,0.047619047619047616,False
patcheri,2,2,0.047619047619047616,False
pathwai,2,2,0.047619047619047616,False
patronag,2,1,0.023809523809523808,False
pavement,2,2,0.047619047619047616,False
pax,2,1,0.023809523809523808,False
paysan,2,2,0.047619047619047616,False
pe,2,2,0.047619047619047616,False
pea,2,2,0.047619047619047616,False
peacemak,2,2,0.047619047619047616,False
peard,2,1,0.023809523809523808,False
peas,2,2,0.047619047619047616,False
pedler,2,2,0.047619047619047616,False
peis,2,2,0.047619047619047616,False
pelf,2,2,0.047619047619047616,False
pelion,2,2,0.047619047619047616,False
pellet,2,2,0.047619047619047616,False
perfectest,2,2,0.047619047619047616,False
perg,2,1,0.023809523809523808,False
perk,2,2,0.047619047619047616,False
persecut,2,2,0.047619047619047616,False
persian,2,2,0.047619047619047616,False
pert,2,2,0.047619047619047616,False
pertin,2,2,0.047619047619047616,False
pertli,2,2,0.047619047619047616,False
pestifer,2,2,0.047619047619047616,False
petitionari,2,2,0.047619047619047616,False
peu,2,1,0.023809523809523808,False
pew,2,2,0.047619047619047616,False
phantasim,2,1,0.023809523809523808,False
pharaoh,2,2,0.047619047619047616,False
pheasant,2,1,0.023809523809523808,False
pheez,2,2,0.047619047619047616,False
philipp,2,1,0.023809523809523808,False
philomela,2,1,0.023809523809523808,False
picker,2,2,0.047619047619047616,False
pier,2,2,0.047619047619047616,False
pilfer,2,2,0.047619047619047616,False
pillicock,2,1,0.023809523809523808,False
pillori,2,2,0.047619047619047616,False
pinfold,2,2,0.047619047619047616,False
piper,2,2,0.047619047619047616,False
pippin,2,2,0.047619047619047616,False
piteous,2,2,0.047619047619047616,False
piu,2,2,0.047619047619047616,False
placeth,2,2,0.047619047619047616,False
plainest,2,2,0.047619047619047616,False
plait,2,2,0.047619047619047616,False
planetari,2,2,0.047619047619047616,False
plank,2,2,0.047619047619047616,False
plausibl,2,2,0.047619047619047616,False
playhous,2,2,0.047619047619047616,False
pleader,2,1,0.023809523809523808,False
pleaser,2,2,0.047619047619047616,False
pleasest,2,2,0.047619047619047616,False
plu,2,1,0.023809523809523808,False
plump,2,2,0.047619047619047616,False
plural,2,2,0.047619047619047616,False
podi,2,2,0.047619047619047616,False
poke,2,2,0.047619047619047616,False
polish,2,2,0.047619047619047616,False
politicli,2,2,0.047619047619047616,False
pomegran,2,2,0.047619047619047616,False
pomphei,2,1,0.023809523809523808,False
pompion,2,1,0.023809523809523808,False
popp,2,2,0.047619047619047616,False
por,2,1,0.023809523809523808,False
porring,2,2,0.047619047619047616,False
portag,2,2,0.047619047619047616,False
portanc,2,2,0.047619047619047616,False
possesseth,2,2,0.047619047619047616,False
possessor,2,2,0.047619047619047616,False
postmast,2,1,0.023809523809523808,False
postscript,2,2,0.047619047619047616,False
potat,2,2,0.047619047619047616,False
potato,2,2,0.047619047619047616,False
pothecari,2,2,0.047619047619047616,False
pother,2,2,0.047619047619047616,False
potpan,2,1,0.023809523809523808,False
pourquoi,2,1,0.023809523809523808,False
praetor,2,1,0.023809523809523808,False
prat,2,1,0.023809523809523808,False
predeceas,2,2,0.047619047619047616,False
prenomin,2,2,0.047619047619047616,False
prenzi,2,1,0.023809523809523808,False
presageth,2,2,0.047619047619047616,False
presid,2,2,0.047619047619047616,False
pressur,2,1,0.023809523809523808,False
pretens,2,1,0.023809523809523808,False
priamu,2,1,0.023809523809523808,False
pribbl,2,1,0.023809523809523808,False
priesthood,2,2,0.047619047619047616,False
prig,2,1,0.023809523809523808,False
primal,2,2,0.047619047619047616,False
primero,2,2,0.047619047619047616,False
pring,2,2,0.047619047619047616,False
pristin,2,2,0.047619047619047616,False
privilegio,2,2,0.047619047619047616,False
procreant,2,2,0.047619047619047616,False
procru,2,1,0.023809523809523808,False
prohibit,2,2,0.047619047619047616,False
prolix,2,2,0.047619047619047616,False
prompter,2,2,0.047619047619047616,False
pronoun,2,1,0.023809523809523808,False
proportion,2,2,0.047619047619047616,False
proposit,2,2,0.047619047619047616,False
proprieti,2,2,0.047619047619047616,False
prose,2,2,0.047619047619047616,False
prostitut,2,2,0.047619047619047616,False
proveth,2,1,0.023809523809523808,False
provinci,2,2,0.047619047619047616,False
provoc,2,2,0.047619047619047616,False
prudenc,2,2,0.047619047619047616,False
publicola,2,2,0.047619047619047616,False
puke,2,2,0.047619047619047616,False
punto,2,2,0.047619047619047616,False
purgatori,2,2,0.047619047619047616,False
purposeth,2,2,0.047619047619047616,False
pursi,2,2,0.047619047619047616,False
pursuer,2,2,0.047619047619047616,False
pursuest,2,2,0.047619047619047616,False
putrefi,2,2,0.047619047619047616,False
quae,2,1,0.023809523809523808,False
quagmir,2,2,0.047619047619047616,False
quand,2,1,0.023809523809523808,False
quenchless,2,2,0.047619047619047616,False
questionless,2,2,0.047619047619047616,False
quicker,2,2,0.047619047619047616,False
quicksilv,2,2,0.047619047619047616,False
quidditi,2,2,0.047619047619047616,False
quietu,2,2,0.047619047619047616,False
quintess,2,2,0.047619047619047616,False
quo,2,2,0.047619047619047616,False
quoif,2,2,0.047619047619047616,False
quoit,2,1,0.023809523809523808,False
quotidian,2,2,0.047619047619047616,False
rabblement,2,2,0.047619047619047616,False
racket,2,2,0.047619047619047616,False
radish,2,2,0.047619047619047616,False
rankest,2,2,0.047619047619047616,False
rankl,2,2,0.047619047619047616,False
rannest,2,1,0.023809523809523808,False
ransomless,2,2,0.047619047619047616,False
rant,2,2,0.047619047619047616,False
ration,2,2,0.047619047619047616,False
readili,2,2,0.047619047619047616,False
reaper,2,2,0.047619047619047616,False
reasonless,2,2,0.047619047619047616,False
rebound,2,2,0.047619047619047616,False
reciproc,2,2,0.047619047619047616,False
reciterai,2,1,0.023809523809523808,False
recogniz,2,2,0.047619047619047616,False
recollect,2,2,0.047619047619047616,False
reechi,2,2,0.047619047619047616,False
reeki,2,2,0.047619047619047616,False
reflex,2,2,0.047619047619047616,False
reguerdon,2,1,0.023809523809523808,False
reject,2,2,0.047619047619047616,False
relaps,2,2,0.047619047619047616,False
reliqu,2,2,0.047619047619047616,False
remembranc,2,2,0.047619047619047616,False
reneg,2,2,0.047619047619047616,False
repel,2,2,0.047619047619047616,False
requisit,2,2,0.047619047619047616,False
resti,2,2,0.047619047619047616,False
retinu,2,2,0.047619047619047616,False
retold,2,1,0.023809523809523808,False
retrograd,2,2,0.047619047619047616,False
returneth,2,2,0.047619047619047616,False
reverenc,2,1,0.023809523809523808,False
revert,2,2,0.047619047619047616,False
review,2,2,0.047619047619047616,False
rex,2,2,0.047619047619047616,False
rhymer,2,2,0.047619047619047616,False
ribb,2,2,0.047619047619047616,False
riddanc,2,2,0.047619047619047616,False
ridden,2,2,0.047619047619047616,False
rigol,2,2,0.047619047619047616,False
rim,2,2,0.047619047619047616,False
rinaldo,2,1,0.023809523809523808,False
rind,2,2,0.047619047619047616,False
ringlet,2,2,0.047619047619047616,False
ripest,2,2,0.047619047619047616,False
ripp,2,2,0.047619047619047616,False
roba,2,1,0.023809523809523808,False
robusti,2,2,0.047619047619047616,False
rogueri,2,2,0.047619047619047616,False
romano,2,2,0.047619047619047616,False
rosciu,2,2,0.047619047619047616,False
rougher,2,2,0.047619047619047616,False
roughest,2,2,0.047619047619047616,False
roussi,2,1,0.023809523809523808,False
rowel,2,2,0.047619047619047616,False
rubbish,2,2,0.047619047619047616,False
rudder,2,1,0.023809523809523808,False
ruddi,2,2,0.047619047619047616,False
ruder,2,2,0.047619047619047616,False
rudesbi,2,2,0.047619047619047616,False
rudiment,2,2,0.047619047619047616,False
rump,2,2,0.047619047619047616,False
runner,2,2,0.047619047619047616,False
ruptur,2,2,0.047619047619047616,False
rural,2,2,0.047619047619047616,False
rut,2,2,0.047619047619047616,False
sabbath,2,2,0.047619047619047616,False
sacrilegi,2,2,0.047619047619047616,False
saddest,2,2,0.047619047619047616,False
saddler,2,1,0.023809523809523808,False
salmon,2,2,0.047619047619047616,False
saluteth,2,2,0.047619047619047616,False
sampler,2,2,0.047619047619047616,False
sapless,2,1,0.023809523809523808,False
sarcenet,2,2,0.047619047619047616,False
sate,2,2,0.047619047619047616,False
saturdai,2,2,0.047619047619047616,False
satyr,2,2,0.047619047619047616,False
saunder,2,1,0.023809523809523808,False
savageri,2,2,0.047619047619047616,False
saxon,2,1,0.023809523809523808,False
scaffold,2,2,0.047619047619047616,False
scantli,2,2,0.047619047619047616,False
scream,2,1,0.023809523809523808,False
scribbl,2,2,0.047619047619047616,False
scrip,2,2,0.047619047619047616,False
scrub,2,1,0.023809523809523808,False
scrupul,2,2,0.047619047619047616,False
scuffl,2,2,0.047619047619047616,False
scullion,2,2,0.047619047619047616,False
scuse,2,2,0.047619047619047616,False
scythia,2,1,0.023809523809523808,False
scythian,2,2,0.047619047619047616,False
seam,2,2,0.047619047619047616,False
seasid,2,2,0.047619047619047616,False
secondari,2,2,0.047619047619047616,False
sectari,2,2,0.047619047619047616,False
sediti,2,2,0.047619047619047616,False
seemli,2,2,0.047619047619047616,False
sees,2,1,0.023809523809523808,False
seizeth,2,2,0.047619047619047616,False
seld,2,2,0.047619047619047616,False
select,2,2,0.047619047619047616,False
seller,2,2,0.047619047619047616,False
sere,2,2,0.047619047619047616,False
serpigo,2,2,0.047619047619047616,False
serviteur,2,2,0.047619047619047616,False
setebo,2,1,0.023809523809523808,False
sewer,2,2,0.047619047619047616,False
shadowi,2,2,0.047619047619047616,False
shafalu,2,1,0.023809523809523808,False
shakespear,2,2,0.047619047619047616,False
shakest,2,2,0.047619047619047616,False
shallowest,2,2,0.047619047619047616,False
sham,2,2,0.047619047619047616,False
shambl,2,2,0.047619047619047616,False
shark,2,2,0.047619047619047616,False
sheaf,2,2,0.047619047619047616,False
shearer,2,1,0.023809523809523808,False
sheav,2,2,0.047619047619047616,False
sheen,2,2,0.047619047619047616,False
sheer,2,2,0.047619047619047616,False
shew,2,2,0.047619047619047616,False
shipman,2,2,0.047619047619047616,False
shire,2,2,0.047619047619047616,False
shoal,2,2,0.047619047619047616,False
shog,2,1,0.023809523809523808,False
shoon,2,2,0.047619047619047616,False
shorn,2,2,0.047619047619047616,False
showest,2,2,0.047619047619047616,False
shred,2,2,0.047619047619047616,False
shrewish,2,2,0.047619047619047616,False
shrilli,2,2,0.047619047619047616,False
shrimp,2,2,0.047619047619047616,False
shrove,2,2,0.047619047619047616,False
shy,2,1,0.023809523809523808,False
sickl,2,1,0.023809523809523808,False
signific,2,2,0.047619047619047616,False
simon,2,2,0.047619047619047616,False
simper,2,2,0.047619047619047616,False
simpler,2,2,0.047619047619047616,False
simular,2,2,0.047619047619047616,False
sinfulli,2,2,0.047619047619047616,False
sithenc,2,2,0.047619047619047616,False
skein,2,2,0.047619047619047616,False
skim,2,2,0.047619047619047616,False
skirr,2,2,0.047619047619047616,False
slackli,2,2,0.047619047619047616,False
slake,2,2,0.047619047619047616,False
slash,2,2,0.047619047619047616,False
slaughtermen,2,2,0.047619047619047616,False
sleepest,2,2,0.047619047619047616,False
sleid,2,2,0.047619047619047616,False
slice,2,1,0.023809523809523808,False
slid,2,2,0.047619047619047616,False
slimi,2,2,0.047619047619047616,False
sling,2,2,0.047619047619047616,False
sliver,2,2,0.047619047619047616,False
slubber,2,2,0.047619047619047616,False
slutteri,2,2,0.047619047619047616,False
smoothli,2,2,0.047619047619047616,False
smug,2,2,0.047619047619047616,False
snapper,2,2,0.047619047619047616,False
snarl,2,2,0.047619047619047616,False
snowbal,2,2,0.047619047619047616,False
snuf,2,2,0.047619047619047616,False
sod,2,2,0.047619047619047616,False
soho,2,1,0.023809523809523808,False
solder,2,2,0.047619047619047616,False
solicitor,2,2,0.047619047619047616,False
solitari,2,2,0.047619047619047616,False
solomon,2,1,0.023809523809523808,False
somervil,2,1,0.023809523809523808,False
sophist,2,2,0.047619047619047616,False
soundest,2,2,0.047619047619047616,False
soundless,2,2,0.047619047619047616,False
sous,2,2,0.047619047619047616,False
southam,2,1,0.023809523809523808,False
southward,2,2,0.047619047619047616,False
sparingli,2,2,0.047619047619047616,False
spartan,2,2,0.047619047619047616,False
spavin,2,2,0.047619047619047616,False
specious,2,1,0.023809523809523808,False
speedier,2,2,0.047619047619047616,False
spendthrift,2,2,0.047619047619047616,False
spirt,2,2,0.047619047619047616,False
spousal,2,2,0.047619047619047616,False
sprang,2,2,0.047619047619047616,False
sprawl,2,2,0.047619047619047616,False
spurio,2,1,0.023809523809523808,False
squander,2,2,0.047619047619047616,False
squeal,2,2,0.047619047619047616,False
squint,2,1,0.023809523809523808,False
ss,2,1,0.023809523809523808,False
stablish,2,2,0.047619047619047616,False
staineth,2,2,0.047619047619047616,False
stainless,2,2,0.047619047619047616,False
stanch,2,2,0.047619047619047616,False
stanzo,2,1,0.023809523809523808,False
stapl,2,2,0.047619047619047616,False
starr,2,2,0.047619047619047616,False
statesman,2,2,0.047619047619047616,False
statist,2,2,0.047619047619047616,False
statua,2,1,0.023809523809523808,False
steadfast,2,2,0.047619047619047616,False
stealeth,2,1,0.023809523809523808,False
steeli,2,2,0.047619047619047616,False
steerag,2,2,0.047619047619047616,False
sterner,2,2,0.047619047619047616,False
stewardship,2,1,0.023809523809523808,False
stirrer,2,2,0.047619047619047616,False
stitch,2,2,0.047619047619047616,False
stithi,2,2,0.047619047619047616,False
stolest,2,2,0.047619047619047616,False
storehous,2,2,0.047619047619047616,False
straggl,2,2,0.047619047619047616,False
straitli,2,1,0.023809523809523808,False
striketh,2,1,0.023809523809523808,False
strung,2,2,0.047619047619047616,False
stubbl,2,2,0.047619047619047616,False
studiou,2,2,0.047619047619047616,False
stupefi,2,2,0.047619047619047616,False
sturdi,2,2,0.047619047619047616,False
styx,2,2,0.047619047619047616,False
sub,2,2,0.047619047619047616,False
subsidi,2,2,0.047619047619047616,False
subsist,2,2,0.047619047619047616,False
suckl,2,2,0.047619047619047616,False
sultri,2,1,0.023809523809523808,False
summari,2,2,0.047619047619047616,False
super,2,2,0.047619047619047616,False
superior,2,2,0.047619047619047616,False
superstit,2,2,0.047619047619047616,False
supervis,2,2,0.047619047619047616,False
suppler,2,2,0.047619047619047616,False
surest,2,2,0.047619047619047616,False
surpass,2,2,0.047619047619047616,False
surplu,2,2,0.047619047619047616,False
survivor,2,2,0.047619047619047616,False
suspend,2,1,0.023809523809523808,False
suum,2,2,0.047619047619047616,False
swabber,2,2,0.047619047619047616,False
swam,2,2,0.047619047619047616,False
swarth,2,2,0.047619047619047616,False
swash,2,2,0.047619047619047616,False
swearest,2,2,0.047619047619047616,False
sweati,2,2,0.047619047619047616,False
sweeper,2,2,0.047619047619047616,False
sweetmeat,2,2,0.047619047619047616,False
swept,2,2,0.047619047619047616,False
swill,2,2,0.047619047619047616,False
swinish,2,2,0.047619047619047616,False
sworder,2,2,0.047619047619047616,False
swum,2,2,0.047619047619047616,False
synagogu,2,1,0.023809523809523808,False
syrup,2,2,0.047619047619047616,False
tabourin,2,2,0.047619047619047616,False
tack,2,2,0.047619047619047616,False
tadpol,2,2,0.047619047619047616,False
tag,2,2,0.047619047619047616,False
tah,2,1,0.023809523809523808,False
taller,2,2,0.047619047619047616,False
tallest,2,1,0.023809523809523808,False
talli,2,2,0.047619047619047616,False
tamworth,2,1,0.023809523809523808,False
tan,2,2,0.047619047619047616,False
tanner,2,2,0.047619047619047616,False
tantalu,2,2,0.047619047619047616,False
tape,2,1,0.023809523809523808,False
targ,2,2,0.047619047619047616,False
tassel,2,2,0.047619047619047616,False
teat,2,2,0.047619047619047616,False
teller,2,2,0.047619047619047616,False
tellest,2,2,0.047619047619047616,False
tenantiu,2,1,0.023809523809523808,False
tenantless,2,2,0.047619047619047616,False
tench,2,1,0.023809523809523808,False
tenement,2,2,0.047619047619047616,False
termag,2,2,0.047619047619047616,False
terrestri,2,2,0.047619047619047616,False
tester,2,2,0.047619047619047616,False
tetter,2,2,0.047619047619047616,False
thanksgiv,2,2,0.047619047619047616,False
thessali,2,2,0.047619047619047616,False
thirdli,2,1,0.023809523809523808,False
thisn,2,1,0.023809523809523808,False
thoroughfar,2,2,0.047619047619047616,False
thousandth,2,2,0.047619047619047616,False
thrash,2,2,0.047619047619047616,False
thrason,2,2,0.047619047619047616,False
threadbar,2,2,0.047619047619047616,False
threaden,2,2,0.047619047619047616,False
throstl,2,2,0.047619047619047616,False
thrum,2,2,0.047619047619047616,False
thyme,2,2,0.047619047619047616,False
tib,2,2,0.047619047619047616,False
tichfield,2,2,0.047619047619047616,False
tick,2,2,0.047619047619047616,False
tightli,2,1,0.023809523809523808,False
tike,2,2,0.047619047619047616,False
tilter,2,2,0.047619047619047616,False
tilth,2,2,0.047619047619047616,False
tinder,2,2,0.047619047619047616,False
tittl,2,2,0.047619047619047616,False
tod,2,1,0.023809523809523808,False
tofor,2,2,0.047619047619047616,False
toge,2,2,0.047619047619047616,False
toler,2,2,0.047619047619047616,False
ton,2,1,0.023809523809523808,False
torchbear,2,1,0.023809523809523808,False
tortois,2,2,0.047619047619047616,False
toryn,2,1,0.023809523809523808,False
tournei,2,1,0.023809523809523808,False
townsmen,2,2,0.047619047619047616,False
track,2,2,0.047619047619047616,False
tradesmen,2,2,0.047619047619047616,False
tranquil,2,2,0.047619047619047616,False
transcend,2,2,0.047619047619047616,False
transpos,2,2,0.047619047619047616,False
trapp,2,2,0.047619047619047616,False
tressel,2,1,0.023809523809523808,False
tricksi,2,2,0.047619047619047616,False
trident,2,2,0.047619047619047616,False
trinket,2,2,0.047619047619047616,False
tripe,2,2,0.047619047619047616,False
tripp,2,2,0.047619047619047616,False
trippingli,2,2,0.047619047619047616,False
trist,2,2,0.047619047619047616,False
triumpher,2,2,0.047619047619047616,False
troubler,2,2,0.047619047619047616,False
trout,2,2,0.047619047619047616,False
truckl,2,2,0.047619047619047616,False
trumperi,2,2,0.047619047619047616,False
truster,2,2,0.047619047619047616,False
tuck,2,2,0.047619047619047616,False
tugg,2,2,0.047619047619047616,False
tulli,2,2,0.047619047619047616,False
tuneabl,2,1,0.023809523809523808,False
turban,2,2,0.047619047619047616,False
turmoil,2,2,0.047619047619047616,False
turncoat,2,2,0.047619047619047616,False
turpitud,2,2,0.047619047619047616,False
tuscan,2,1,0.023809523809523808,False
twangl,2,2,0.047619047619047616,False
twentieth,2,2,0.047619047619047616,False
twink,2,2,0.047619047619047616,False
typhon,2,2,0.047619047619047616,False
uglier,2,2,0.047619047619047616,False
umber,2,2,0.047619047619047616,False
unact,2,2,0.047619047619047616,False
unassail,2,2,0.047619047619047616,False
unback,2,2,0.047619047619047616,False
unbar,2,2,0.047619047619047616,False
unbent,2,2,0.047619047619047616,False
unbind,2,2,0.047619047619047616,False
unbless,2,2,0.047619047619047616,False
unbonnet,2,2,0.047619047619047616,False
unbow,2,2,0.047619047619047616,False
unbridl,2,2,0.047619047619047616,False
unburi,2,2,0.047619047619047616,False
uncas,2,2,0.047619047619047616,False
uncaught,2,2,0.047619047619047616,False
uncharg,2,2,0.047619047619047616,False
unconfirm,2,2,0.047619047619047616,False
unconsid,2,2,0.047619047619047616,False
uncrown,2,1,0.023809523809523808,False
unction,2,1,0.023809523809523808,False
uncur,2,1,0.023809523809523808,False
uncurb,2,2,0.047619047619047616,False
underhand,2,2,0.047619047619047616,False
undervalu,2,1,0.023809523809523808,False
underwrit,2,2,0.047619047619047616,False
undid,2,2,0.047619047619047616,False
undivid,2,2,0.047619047619047616,False
undivulg,2,2,0.047619047619047616,False
undoubtedli,2,2,0.047619047619047616,False
undress,2,2,0.047619047619047616,False
undrown,2,1,0.023809523809523808,False
unfil,2,2,0.047619047619047616,False
unforc,2,2,0.047619047619047616,False
unfrequ,2,2,0.047619047619047616,False
unfriend,2,2,0.047619047619047616,False
ungain,2,1,0.023809523809523808,False
ungal,2,2,0.047619047619047616,False
ungrown,2,2,0.047619047619047616,False
unguid,2,2,0.047619047619047616,False
unhack,2,2,0.047619047619047616,False
unhair,2,2,0.047619047619047616,False
unhandl,2,2,0.047619047619047616,False
unhatch,2,2,0.047619047619047616,False
unheed,2,2,0.047619047619047616,False
unhous,2,2,0.047619047619047616,False
unk,2,1,0.023809523809523808,False
unkennel,2,2,0.047619047619047616,False
unkiss,2,2,0.047619047619047616,False
unlaid,2,2,0.047619047619047616,False
unmak,2,2,0.047619047619047616,False
unmeasur,2,2,0.047619047619047616,False
unmind,2,2,0.047619047619047616,False
unmingl,2,2,0.047619047619047616,False
unmitig,2,2,0.047619047619047616,False
unmuffl,2,2,0.047619047619047616,False
unmuzzl,2,2,0.047619047619047616,False
unnumb,2,2,0.047619047619047616,False
unparagon,2,1,0.023809523809523808,False
unperfect,2,2,0.047619047619047616,False
unpin,2,1,0.023809523809523808,False
unpossess,2,2,0.047619047619047616,False
unpregn,2,2,0.047619047619047616,False
unprevail,2,2,0.047619047619047616,False
unprun,2,2,0.047619047619047616,False
unquest,2,2,0.047619047619047616,False
unreal,2,2,0.047619047619047616,False
unremov,2,2,0.047619047619047616,False
unreveng,2,2,0.047619047619047616,False
unright,2,2,0.047619047619047616,False
unrol,2,2,0.047619047619047616,False
unscarr,2,2,0.047619047619047616,False
unschool,2,2,0.047619047619047616,False
unse,2,2,0.047619047619047616,False
unshak,2,2,0.047619047619047616,False
unshaken,2,2,0.047619047619047616,False
unshap,2,2,0.047619047619047616,False
unsolicit,2,2,0.047619047619047616,False
unstanch,2,2,0.047619047619047616,False
unstat,2,2,0.047619047619047616,False
unsubstanti,2,2,0.047619047619047616,False
unsuspect,2,2,0.047619047619047616,False
unswai,2,2,0.047619047619047616,False
unswear,2,2,0.047619047619047616,False
untangl,2,2,0.047619047619047616,False
untent,2,2,0.047619047619047616,False
untrain,2,2,0.047619047619047616,False
untwin,2,2,0.047619047619047616,False
unurg,2,2,0.047619047619047616,False
unvalu,2,2,0.047619047619047616,False
unviol,2,2,0.047619047619047616,False
unweigh,2,2,0.047619047619047616,False
unwilling,2,2,0.047619047619047616,False
unwind,2,2,0.047619047619047616,False
unwish,2,2,0.047619047619047616,False
unwit,2,2,0.047619047619047616,False
unwittingli,2,2,0.047619047619047616,False
unwont,2,2,0.047619047619047616,False
unworthili,2,2,0.047619047619047616,False
upshot,2,2,0.047619047619047616,False
upsid,2,2,0.047619047619047616,False
upstart,2,2,0.047619047619047616,False
upturn,2,2,0.047619047619047616,False
urgent,2,2,0.047619047619047616,False
urgest,2,2,0.047619047619047616,False
urgeth,2,1,0.023809523809523808,False
useless,2,2,0.047619047619047616,False
user,2,2,0.047619047619047616,False
ut,2,2,0.047619047619047616,False
utensil,2,2,0.047619047619047616,False
valenc,2,2,0.047619047619047616,False
valentinu,2,2,0.047619047619047616,False
valeriu,2,2,0.047619047619047616,False
valuat,2,2,0.047619047619047616,False
vanishest,2,2,0.047619047619047616,False
varieti,2,2,0.047619047619047616,False
vassalag,2,2,0.047619047619047616,False
vater,2,1,0.023809523809523808,False
vaudemont,2,1,0.023809523809523808,False
veal,2,1,0.023809523809523808,False
velutu,2,1,0.023809523809523808,False
vendibl,2,2,0.047619047619047616,False
venetia,2,1,0.023809523809523808,False
verb,2,2,0.047619047619047616,False
verba,2,2,0.047619047619047616,False
verier,2,2,0.047619047619047616,False
verit,2,2,0.047619047619047616,False
vestment,2,2,0.047619047619047616,False
vetch,2,2,0.047619047619047616,False
viewest,2,2,0.047619047619047616,False
vincetino,2,1,0.023809523809523808,False
virginiu,2,1,0.023809523809523808,False
vlout,2,1,0.023809523809523808,False
vor,2,1,0.023809523809523808,False
vowel,2,2,0.047619047619047616,False
vraiment,2,1,0.023809523809523808,False
w,2,1,0.023809523809523808,False
waftag,2,2,0.047619047619047616,False
waggish,2,2,0.047619047619047616,False
wakefield,2,1,0.023809523809523808,False
wallet,2,2,0.047619047619047616,False
wallow,2,2,0.047619047619047616,False
walnut,2,2,0.047619047619047616,False
wantest,2,2,0.047619047619047616,False
warili,2,2,0.047619047619047616,False
warmer,2,2,0.047619047619047616,False
warranti,2,2,0.047619047619047616,False
warren,2,2,0.047619047619047616,False
watcher,2,2,0.047619047619047616,False
waterish,2,2,0.047619047619047616,False
weakl,2,2,0.047619047619047616,False
wealthili,2,1,0.023809523809523808,False
weathercock,2,2,0.047619047619047616,False
weepest,2,2,0.047619047619047616,False
weke,2,1,0.023809523809523808,False
wharf,2,2,0.047619047619047616,False
whatsom,2,2,0.047619047619047616,False
whei,2,2,0.047619047619047616,False
whelk,2,2,0.047619047619047616,False
whene,2,2,0.047619047619047616,False
whenev,2,2,0.047619047619047616,False
whensoev,2,2,0.047619047619047616,False
whereabout,2,2,0.047619047619047616,False
whereinto,2,2,0.047619047619047616,False
whereuntil,2,1,0.023809523809523808,False
whereunto,2,1,0.023809523809523808,False
whipstock,2,2,0.047619047619047616,False
whitest,2,2,0.047619047619047616,False
whitsun,2,2,0.047619047619047616,False
whoa,2,2,0.047619047619047616,False
wildfir,2,2,0.047619047619047616,False
wile,2,2,0.047619047619047616,False
willeth,2,2,0.047619047619047616,False
winc,2,2,0.047619047619047616,False
windmil,2,2,0.047619047619047616,False
wiri,2,2,0.047619047619047616,False
wishest,2,2,0.047619047619047616,False
withdrawn,2,2,0.047619047619047616,False
witnesseth,2,2,0.047619047619047616,False
wittili,2,2,0.047619047619047616,False
woodstock,2,2,0.047619047619047616,False
woolli,2,2,0.047619047619047616,False
worldl,2,2,0.047619047619047616,False
wow,2,2,0.047619047619047616,False
wrangler,2,2,0.047619047619047616,False
wriothesli,2,2,0.047619047619047616,False
wry,2,2,0.047619047619047616,False
xiv,2,2,0.047619047619047616,False
xv,2,2,0.047619047619047616,False
yarn,2,2,0.047619047619047616,False
yerk,2,2,0.047619047619047616,False
yesti,2,2,0.047619047619047616,False
yorick,2,1,0.023809523809523808,False
youngli,2,2,0.047619047619047616,False
zani,2,2,0.047619047619047616,False
zir,2,1,0.023809523809523808,False
zodiac,2,2,0.047619047619047616,False
1,1,1,0.023809523809523808,False
100,1,1,0.023809523809523808,False
105,1,1,0.023809523809523808,False
110,1,1,0.023809523809523808,False
115,1,1,0.023809523809523808,False
120,1,1,0.023809523809523808,False
125,1,1,0.023809523809523808,False
130,1,1,0.023809523809523808,False
135,1,1,0.023809523809523808,False
140,1,1,0.023809523809523808,False
145,1,1,0.023809523809523808,False
15,1,1,0.023809523809523808,False
150,1,1,0.023809523809523808,False
155,1,1,0.023809523809523808,False
160,1,1,0.023809523809523808,False
1612,1,1,0.023809523809523808,False
165,1,1,0.023809523809523808,False
170,1,1,0.023809523809523808,False
175,1,1,0.023809523809523808,False
180,1,1,0.023809523809523808,False
185,1,1,0.023809523809523808,False
190,1,1,0.023809523809523808,False
195,1,1,0.023809523809523808,False
2,1,1,0.023809523809523808,False
20,1,1,0.023809523809523808,False
200,1,1,0.023809523809523808,False
205,1,1,0.023809523809523808,False
210,1,1,0.023809523809523808,False
215,1,1,0.023809523809523808,False
220,1,1,0.023809523809523808,False
225,1,1,0.023809523809523808,False
230,1,1,0.023809523809523808,False
235,1,1,0.023809523809523808,False
240,1,1,0.023809523809523808,False
245,1,1,0.023809523809523808,False
25,1,1,0.023809523809523808,False
250,1,1,0.023809523809523808,False
255,1,1,0.023809523809523808,False
260,1,1,0.023809523809523808,False
265,1,1,0.023809523809523808,False
270,1,1,0.023809523809523808,False
275,1,1,0.023809523809523808,False
280,1,1,0.023809523809523808,False
285,1,1,0.023809523809523808,False
290,1,1,0.023809523809523808,False
295,1,1,0.023809523809523808,False
2d,1,1,0.023809523809523808,False
3,1,1,0.023809523809523808,False
30,1,1,0.023809523809523808,False
300,1,1,0.023809523809523808,False
305,1,1,0.023809523809523808,False
310,1,1,0.023809523809523808,False
315,1,1,0.023809523809523808,False
320,1,1,0.023809523809523808,False
325,1,1,0.023809523809523808,False
330,1,1,0.023809523809523808,False
335,1,1,0.023809523809523808,False
340,1,1,0.023809523809523808,False
345,1,1,0.023809523809523808,False
35,1,1,0.023809523809523808,False
350,1,1,0.023809523809523808,False
355,1,1,0.023809523809523808,False
360,1,1,0.023809523809523808,False
365,1,1,0.023809523809523808,False
370,1,1,0.023809523809523808,False
375,1,1,0.023809523809523808,False
380,1,1,0.023809523809523808,False
385,1,1,0.023809523809523808,False
390,1,1,0.023809523809523808,False
395,1,1,0.023809523809523808,False
4,1,1,0.023809523809523808,False
40,1,1,0.023809523809523808,False
400,1,1,0.023809523809523808,False
405,1,1,0.023809523809523808,False
410,1,1,0.023809523809523808,False
415,1,1,0.023809523809523808,False
420,1,1,0.023809523809523808,False
425,1,1,0.023809523809523808,False
430,1,1,0.023809523809523808,False
435,1,1,0.023809523809523808,False
440,1,1,0.023809523809523808,False
445,1,1,0.023809523809523808,False
45,1,1,0.023809523809523808,False
450,1,1,0.023809523809523808,False
455,1,1,0.023809523809523808,False
460,1,1,0.023809523809523808,False
465,1,1,0.023809523809523808,False
470,1,1,0.023809523809523808,False
475,1,1,0.023809523809523808,False
480,1,1,0.023809523809523808,False
485,1,1,0.023809523809523808,False
490,1,1,0.023809523809523808,False
495,1,1,0.023809523809523808,False
4d,1,1,0.023809523809523808,False
50,1,1,0.023809523809523808,False
500,1,1,0.023809523809523808,False
505,1,1,0.023809523809523808,False
510,1,1,0.023809523809523808,False
515,1,1,0.023809523809523808,False
520,1,1,0.023809523809523808,False
525,1,1,0.023809523809523808,False
530,1,1,0.023809523809523808,False
535,1,1,0.023809523809523808,False
540,1,1,0.023809523809523808,False
545,1,1,0.023809523809523808,False
55,1,1,0.023809523809523808,False
550,1,1,0.023809523809523808,False
555,1,1,0.023809523809523808,False
560,1,1,0.023809523809523808,False
565,1,1,0.023809523809523808,False
570,1,1,0.023809523809523808,False
575,1,1,0.023809523809523808,False
5s,1,1,0.023809523809523808,False
6,1,1,0.023809523809523808,False
60,1,1,0.023809523809523808,False
65,1,1,0.023809523809523808,False
6d,1,1,0.023809523809523808,False
7,1,1,0.023809523809523808,False
70,1,1,0.023809523809523808,False
75,1,1,0.023809523809523808,False
8,1,1,0.023809523809523808,False
80,1,1,0.023809523809523808,False
85,1,1,0.023809523809523808,False
8d,1,1,0.023809523809523808,False
9,1,1,0.023809523809523808,False
90,1,1,0.023809523809523808,False
95,1,1,0.023809523809523808,False
abaissiez,1,1,0.023809523809523808,False
abash,1,1,0.023809523809523808,False
abbomin,1,1,0.023809523809523808,False
abbrevi,1,1,0.023809523809523808,False
abettor,1,1,0.023809523809523808,False
abhomin,1,1,0.023809523809523808,False
abjectli,1,1,0.023809523809523808,False
abler,1,1,0.023809523809523808,False
abrawl,1,1,0.023809523809523808,False
abrog,1,1,0.023809523809523808,False
abrooch,1,1,0.023809523809523808,False
abrook,1,1,0.023809523809523808,False
abruptli,1,1,0.023809523809523808,False
absei,1,1,0.023809523809523808,False
abstemi,1,1,0.023809523809523808,False
absyrtu,1,1,0.023809523809523808,False
abundantli,1,1,0.023809523809523808,False
accommodo,1,1,0.023809523809523808,False
accomplic,1,1,0.023809523809523808,False
accordeth,1,1,0.023809523809523808,False
accru,1,1,0.023809523809523808,False
accusativo,1,1,0.023809523809523808,False
accuseth,1,1,0.023809523809523808,False
achitophel,1,1,0.023809523809523808,False
acknown,1,1,0.023809523809523808,False
aconitum,1,1,0.023809523809523808,False
acordo,1,1,0.023809523809523808,False
acquisit,1,1,0.023809523809523808,False
actur,1,1,0.023809523809523808,False
adalla,1,1,0.023809523809523808,False
addeth,1,1,0.023809523809523808,False
administ,1,1,0.023809523809523808,False
administr,1,1,0.023809523809523808,False
admiss,1,1,0.023809523809523808,False
adoptedli,1,1,0.023809523809523808,False
adopti,1,1,0.023809523809523808,False
adorest,1,1,0.023809523809523808,False
adoreth,1,1,0.023809523809523808,False
adown,1,1,0.023809523809523808,False
adriat,1,1,0.023809523809523808,False
adsum,1,1,0.023809523809523808,False
adul,1,1,0.023809523809523808,False
adultress,1,1,0.023809523809523808,False
advent,1,1,0.023809523809523808,False
aeacid,1,1,0.023809523809523808,False
aeacida,1,1,0.023809523809523808,False
aegl,1,1,0.023809523809523808,False
aeolu,1,1,0.023809523809523808,False
aerial,1,1,0.023809523809523808,False
aeson,1,1,0.023809523809523808,False
aesop,1,1,0.023809523809523808,False
affectedli,1,1,0.023809523809523808,False
affecteth,1,1,0.023809523809523808,False
affeer,1,1,0.023809523809523808,False
affordeth,1,1,0.023809523809523808,False
affrai,1,1,0.023809523809523808,False
afield,1,1,0.023809523809523808,False
aforehand,1,1,0.023809523809523808,False
africa,1,1,0.023809523809523808,False
african,1,1,0.023809523809523808,False
agaz,1,1,0.023809523809523808,False
agenor,1,1,0.023809523809523808,False
aggriev,1,1,0.023809523809523808,False
agil,1,1,0.023809523809523808,False
aglet,1,1,0.023809523809523808,False
agnis,1,1,0.023809523809523808,False
agood,1,1,0.023809523809523808,False
aground,1,1,0.023809523809523808,False
aguefac,1,1,0.023809523809523808,False
aidant,1,1,0.023809523809523808,False
aidless,1,1,0.023809523809523808,False
ail,1,1,0.023809523809523808,False
ailest,1,1,0.023809523809523808,False
aimest,1,1,0.023809523809523808,False
aio,1,1,0.023809523809523808,False
airless,1,1,0.023809523809523808,False
alder,1,1,0.023809523809523808,False
alecto,1,1,0.023809523809523808,False
alit,1,1,0.023809523809523808,False
allicholi,1,1,0.023809523809523808,False
allotteri,1,1,0.023809523809523808,False
allycholli,1,1,0.023809523809523808,False
almain,1,1,0.023809523809523808,False
almond,1,1,0.023809523809523808,False
almshous,1,1,0.023809523809523808,False
almsman,1,1,0.023809523809523808,False
alo,1,1,0.023809523809523808,False
alphonso,1,1,0.023809523809523808,False
alton,1,1,0.023809523809523808,False
amaimon,1,1,0.023809523809523808,False
amamon,1,1,0.023809523809523808,False
amazeth,1,1,0.023809523809523808,False
ambuscado,1,1,0.023809523809523808,False
amerc,1,1,0.023809523809523808,False
america,1,1,0.023809523809523808,False
amour,1,1,0.023809523809523808,False
amphimachu,1,1,0.023809523809523808,False
ampthil,1,1,0.023809523809523808,False
amynta,1,1,0.023809523809523808,False
anchorag,1,1,0.023809523809523808,False
anchovi,1,1,0.023809523809523808,False
ancl,1,1,0.023809523809523808,False
ancu,1,1,0.023809523809523808,False
andiron,1,1,0.023809523809523808,False
andren,1,1,0.023809523809523808,False
ang,1,1,0.023809523809523808,False
angelica,1,1,0.023809523809523808,False
angler,1,1,0.023809523809523808,False
anglia,1,1,0.023809523809523808,False
anglish,1,1,0.023809523809523808,False
animi,1,1,0.023809523809523808,False
anna,1,1,0.023809523809523808,False
annal,1,1,0.023809523809523808,False
annexion,1,1,0.023809523809523808,False
annothan,1,1,0.023809523809523808,False
anselm,1,1,0.023809523809523808,False
answerest,1,1,0.023809523809523808,False
antechamb,1,1,0.023809523809523808,False
antenorid,1,1,0.023809523809523808,False
anthropophagi,1,1,0.023809523809523808,False
anthropophaginian,1,1,0.023809523809523808,False
anticipatest,1,1,0.023809523809523808,False
antick,1,1,0.023809523809523808,False
anticli,1,1,0.023809523809523808,False
antiopa,1,1,0.023809523809523808,False
antipathi,1,1,0.023809523809523808,False
antipholus,1,1,0.023809523809523808,False
antiquari,1,1,0.023809523809523808,False
antiquiu,1,1,0.023809523809523808,False
antoniad,1,1,0.023809523809523808,False
antr,1,1,0.023809523809523808,False
apennin,1,1,0.023809523809523808,False
apex,1,1,0.023809523809523808,False
apollinem,1,1,0.023809523809523808,False
apollodoru,1,1,0.023809523809523808,False
apoplex,1,1,0.023809523809523808,False
apostrapha,1,1,0.023809523809523808,False
appaid,1,1,0.023809523809523808,False
appele,1,1,0.023809523809523808,False
appelon,1,1,0.023809523809523808,False
appendix,1,1,0.023809523809523808,False
apperil,1,1,0.023809523809523808,False
applic,1,1,0.023809523809523808,False
apprehendest,1,1,0.023809523809523808,False
apprendr,1,1,0.023809523809523808,False
apprenn,1,1,0.023809523809523808,False
apprenticehood,1,1,0.023809523809523808,False
appri,1,1,0.023809523809523808,False
appropri,1,1,0.023809523809523808,False
aptest,1,1,0.023809523809523808,False
aquilon,1,1,0.023809523809523808,False
arais,1,1,0.023809523809523808,False
archbishopr,1,1,0.023809523809523808,False
archelau,1,1,0.023809523809523808,False
archibald,1,1,0.023809523809523808,False
architect,1,1,0.023809523809523808,False
arcu,1,1,0.023809523809523808,False
ard,1,1,0.023809523809523808,False
ardent,1,1,0.023809523809523808,False
argentin,1,1,0.023809523809523808,False
argo,1,1,0.023809523809523808,False
ari,1,1,0.023809523809523808,False
ariachn,1,1,0.023809523809523808,False
arion,1,1,0.023809523809523808,False
arithmetician,1,1,0.023809523809523808,False
ark,1,1,0.023809523809523808,False
arma,1,1,0.023809523809523808,False
armori,1,1,0.023809523809523808,False
arrearag,1,1,0.023809523809523808,False
artific,1,1,0.023809523809523808,False
artless,1,1,0.023809523809523808,False
artoi,1,1,0.023809523809523808,False
artu,1,1,0.023809523809523808,False
asaph,1,1,0.023809523809523808,False
ascaniu,1,1,0.023809523809523808,False
ascendeth,1,1,0.023809523809523808,False
ascent,1,1,0.023809523809523808,False
asher,1,1,0.023809523809523808,False
asker,1,1,0.023809523809523808,False
aslant,1,1,0.023809523809523808,False
asmath,1,1,0.023809523809523808,False
aspers,1,1,0.023809523809523808,False
aspici,1,1,0.023809523809523808,False
assaileth,1,1,0.023809523809523808,False
assassin,1,1,0.023809523809523808,False
assenc,1,1,0.023809523809523808,False
assez,1,1,0.023809523809523808,False
asshead,1,1,0.023809523809523808,False
assinego,1,1,0.023809523809523808,False
assubjug,1,1,0.023809523809523808,False
assumpt,1,1,0.023809523809523808,False
astronomi,1,1,0.023809523809523808,False
athol,1,1,0.023809523809523808,False
atropo,1,1,0.023809523809523808,False
attaintur,1,1,0.023809523809523808,False
attask,1,1,0.023809523809523808,False
attorneyship,1,1,0.023809523809523808,False
aubrei,1,1,0.023809523809523808,False
aucun,1,1,0.023809523809523808,False
audi,1,1,0.023809523809523808,False
auditori,1,1,0.023809523809523808,False
aufidius,1,1,0.023809523809523808,False
auld,1,1,0.023809523809523808,False
auricular,1,1,0.023809523809523808,False
aut,1,1,0.023809523809523808,False
autr,1,1,0.023809523809523808,False
avarici,1,1,0.023809523809523808,False
avenu,1,1,0.023809523809523808,False
avoirdupoi,1,1,0.023809523809523808,False
awaketh,1,1,0.023809523809523808,False
awhi,1,1,0.023809523809523808,False
ayez,1,1,0.023809523809523808,False
baa,1,1,0.023809523809523808,False
baccar,1,1,0.023809523809523808,False
bachelorship,1,1,0.023809523809523808,False
backbit,1,1,0.023809523809523808,False
backbitten,1,1,0.023809523809523808,False
backdoor,1,1,0.023809523809523808,False
backsid,1,1,0.023809523809523808,False
backsword,1,1,0.023809523809523808,False
backwardli,1,1,0.023809523809523808,False
badest,1,1,0.023809523809523808,False
badli,1,1,0.023809523809523808,False
baili,1,1,0.023809523809523808,False
bailiff,1,1,0.023809523809523808,False
baill,1,1,0.023809523809523808,False
baisant,1,1,0.023809523809523808,False
baise,1,1,0.023809523809523808,False
baiser,1,1,0.023809523809523808,False
bajazet,1,1,0.023809523809523808,False
balconi,1,1,0.023809523809523808,False
baldpat,1,1,0.023809523809523808,False
baldrick,1,1,0.023809523809523808,False
ballow,1,1,0.023809523809523808,False
balsam,1,1,0.023809523809523808,False
balsamum,1,1,0.023809523809523808,False
banburi,1,1,0.023809523809523808,False
banditto,1,1,0.023809523809523808,False
bangor,1,1,0.023809523809523808,False
banist,1,1,0.023809523809523808,False
banneret,1,1,0.023809523809523808,False
baptist,1,1,0.023809523809523808,False
baptiz,1,1,0.023809523809523808,False
bargulu,1,1,0.023809523809523808,False
barkest,1,1,0.023809523809523808,False
barketh,1,1,0.023809523809523808,False
barki,1,1,0.023809523809523808,False
barkloughli,1,1,0.023809523809523808,False
barnacl,1,1,0.023809523809523808,False
baroni,1,1,0.023809523809523808,False
barraba,1,1,0.023809523809523808,False
barrenli,1,1,0.023809523809523808,False
barrow,1,1,0.023809523809523808,False
barson,1,1,0.023809523809523808,False
barter,1,1,0.023809523809523808,False
barthol,1,1,0.023809523809523808,False
basan,1,1,0.023809523809523808,False
baseless,1,1,0.023809523809523808,False
basilisco,1,1,0.023809523809523808,False
basimecu,1,1,0.023809523809523808,False
basingstok,1,1,0.023809523809523808,False
bask,1,1,0.023809523809523808,False
basta,1,1,0.023809523809523808,False
bastardli,1,1,0.023809523809523808,False
batail,1,1,0.023809523809523808,False
batch,1,1,0.023809523809523808,False
bateless,1,1,0.023809523809523808,False
batlet,1,1,0.023809523809523808,False
batti,1,1,0.023809523809523808,False
bavin,1,1,0.023809523809523808,False
bawbl,1,1,0.023809523809523808,False
bayonn,1,1,0.023809523809523808,False
beachi,1,1,0.023809523809523808,False
beadsman,1,1,0.023809523809523808,False
beadsmen,1,1,0.023809523809523808,False
beareth,1,1,0.023809523809523808,False
beart,1,1,0.023809523809523808,False
beastliest,1,1,0.023809523809523808,False
beaumond,1,1,0.023809523809523808,False
bedash,1,1,0.023809523809523808,False
bedaub,1,1,0.023809523809523808,False
bedazzl,1,1,0.023809523809523808,False
bede,1,1,0.023809523809523808,False
bedimm,1,1,0.023809523809523808,False
bedrench,1,1,0.023809523809523808,False
bedward,1,1,0.023809523809523808,False
beehiv,1,1,0.023809523809523808,False
beelzebub,1,1,0.023809523809523808,False
beev,1,1,0.023809523809523808,False
befortun,1,1,0.023809523809523808,False
begnaw,1,1,0.023809523809523808,False
begnawn,1,1,0.023809523809523808,False
behavedst,1,1,0.023809523809523808,False
beholdest,1,1,0.023809523809523808,False
behowl,1,1,0.023809523809523808,False
bel,1,1,0.023809523809523808,False
belfri,1,1,0.023809523809523808,False
beliest,1,1,0.023809523809523808,False
bellman,1,1,0.023809523809523808,False
bellona,1,1,0.023809523809523808,False
belman,1,1,0.023809523809523808,False
belock,1,1,0.023809523809523808,False
bemad,1,1,0.023809523809523808,False
bemock,1,1,0.023809523809523808,False
bemoil,1,1,0.023809523809523808,False
bencher,1,1,0.023809523809523808,False
benefic,1,1,0.023809523809523808,False
benign,1,1,0.023809523809523808,False
bentii,1,1,0.023809523809523808,False
bentivolii,1,1,0.023809523809523808,False
benumb,1,1,0.023809523809523808,False
beprai,1,1,0.023809523809523808,False
bequest,1,1,0.023809523809523808,False
berattl,1,1,0.023809523809523808,False
bergamo,1,1,0.023809523809523808,False
berklei,1,1,0.023809523809523808,False
bermooth,1,1,0.023809523809523808,False
bescreen,1,1,0.023809523809523808,False
beseek,1,1,0.023809523809523808,False
beseemeth,1,1,0.023809523809523808,False
beseig,1,1,0.023809523809523808,False
beslubb,1,1,0.023809523809523808,False
besom,1,1,0.023809523809523808,False
besonian,1,1,0.023809523809523808,False
bespak,1,1,0.023809523809523808,False
bespic,1,1,0.023809523809523808,False
bess,1,1,0.023809523809523808,False
bessi,1,1,0.023809523809523808,False
bestain,1,1,0.023809523809523808,False
bestirr,1,1,0.023809523809523808,False
bestowest,1,1,0.023809523809523808,False
bestraught,1,1,0.023809523809523808,False
bethump,1,1,0.023809523809523808,False
betoss,1,1,0.023809523809523808,False
betrim,1,1,0.023809523809523808,False
bettr,1,1,0.023809523809523808,False
betwitch,1,1,0.023809523809523808,False
bevel,1,1,0.023809523809523808,False
beverag,1,1,0.023809523809523808,False
bewast,1,1,0.023809523809523808,False
bewet,1,1,0.023809523809523808,False
bewhor,1,1,0.023809523809523808,False
bezonian,1,1,0.023809523809523808,False
bi,1,1,0.023809523809523808,False
bibbl,1,1,0.023809523809523808,False
bicker,1,1,0.023809523809523808,False
bidden,1,1,0.023809523809523808,False
biddi,1,1,0.023809523809523808,False
bigami,1,1,0.023809523809523808,False
biggen,1,1,0.023809523809523808,False
biggest,1,1,0.023809523809523808,False
bight,1,1,0.023809523809523808,False
bilberri,1,1,0.023809523809523808,False
bilbow,1,1,0.023809523809523808,False
billiard,1,1,0.023809523809523808,False
binaca,1,1,0.023809523809523808,False
bindeth,1,1,0.023809523809523808,False
birch,1,1,0.023809523809523808,False
birdlim,1,1,0.023809523809523808,False
birthdom,1,1,0.023809523809523808,False
biter,1,1,0.023809523809523808,False
blackmer,1,1,0.023809523809523808,False
blain,1,1,0.023809523809523808,False
blanc,1,1,0.023809523809523808,False
blastment,1,1,0.023809523809523808,False
bleedeth,1,1,0.023809523809523808,False
blesseth,1,1,0.023809523809523808,False
blindli,1,1,0.023809523809523808,False
blither,1,1,0.023809523809523808,False
blithild,1,1,0.023809523809523808,False
bloat,1,1,0.023809523809523808,False
blockish,1,1,0.023809523809523808,False
bloi,1,1,0.023809523809523808,False
blomer,1,1,0.023809523809523808,False
bloodier,1,1,0.023809523809523808,False
bloodiest,1,1,0.023809523809523808,False
bloodshed,1,1,0.023809523809523808,False
bloodstain,1,1,0.023809523809523808,False
blower,1,1,0.023809523809523808,False
blows,1,1,0.023809523809523808,False
bluest,1,1,0.023809523809523808,False
bluish,1,1,0.023809523809523808,False
blunter,1,1,0.023809523809523808,False
bluntest,1,1,0.023809523809523808,False
blurt,1,1,0.023809523809523808,False
blushest,1,1,0.023809523809523808,False
blushless,1,1,0.023809523809523808,False
blustrou,1,1,0.023809523809523808,False
bo,1,1,0.023809523809523808,False
boarish,1,1,0.023809523809523808,False
boblibindo,1,1,0.023809523809523808,False
bobtail,1,1,0.023809523809523808,False
bocchu,1,1,0.023809523809523808,False
bodg,1,1,0.023809523809523808,False
bodiless,1,1,0.023809523809523808,False
boggl,1,1,0.023809523809523808,False
boggler,1,1,0.023809523809523808,False
bohun,1,1,0.023809523809523808,False
boitier,1,1,0.023809523809523808,False
bolin,1,1,0.023809523809523808,False
boll,1,1,0.023809523809523808,False
bondmaid,1,1,0.023809523809523808,False
bondslav,1,1,0.023809523809523808,False
boneless,1,1,0.023809523809523808,False
bonjour,1,1,0.023809523809523808,False
bono,1,1,0.023809523809523808,False
bonto,1,1,0.023809523809523808,False
bonum,1,1,0.023809523809523808,False
bonvil,1,1,0.023809523809523808,False
bookmat,1,1,0.023809523809523808,False
boom,1,1,0.023809523809523808,False
boorish,1,1,0.023809523809523808,False
bordeaux,1,1,0.023809523809523808,False
borea,1,1,0.023809523809523808,False
borest,1,1,0.023809523809523808,False
boski,1,1,0.023809523809523808,False
boss,1,1,0.023809523809523808,False
botchi,1,1,0.023809523809523808,False
bounteous,1,1,0.023809523809523808,False
bountifulli,1,1,0.023809523809523808,False
bourbier,1,1,0.023809523809523808,False
bowcas,1,1,0.023809523809523808,False
bowhai,1,1,0.023809523809523808,False
bowler,1,1,0.023809523809523808,False
bowsprit,1,1,0.023809523809523808,False
braci,1,1,0.023809523809523808,False
braggard,1,1,0.023809523809523808,False
bragless,1,1,0.023809523809523808,False
brainish,1,1,0.023809523809523808,False
brainless,1,1,0.023809523809523808,False
brainpan,1,1,0.023809523809523808,False
brainsick,1,1,0.023809523809523808,False
brainsickli,1,1,0.023809523809523808,False
branchless,1,1,0.023809523809523808,False
brassi,1,1,0.023809523809523808,False
brawler,1,1,0.023809523809523808,False
brawni,1,1,0.023809523809523808,False
braze,1,1,0.023809523809523808,False
brazier,1,1,0.023809523809523808,False
breastplat,1,1,0.023809523809523808,False
breathest,1,1,0.023809523809523808,False
brecknock,1,1,0.023809523809523808,False
brees,1,1,0.023809523809523808,False
breez,1,1,0.023809523809523808,False
breff,1,1,0.023809523809523808,False
brevi,1,1,0.023809523809523808,False
brewag,1,1,0.023809523809523808,False
briareu,1,1,0.023809523809523808,False
briber,1,1,0.023809523809523808,False
briefer,1,1,0.023809523809523808,False
briefest,1,1,0.023809523809523808,False
brigandin,1,1,0.023809523809523808,False
brighten,1,1,0.023809523809523808,False
brind,1,1,0.023809523809523808,False
bringest,1,1,0.023809523809523808,False
briski,1,1,0.023809523809523808,False
broadsid,1,1,0.023809523809523808,False
broca,1,1,0.023809523809523808,False
brock,1,1,0.023809523809523808,False
brogu,1,1,0.023809523809523808,False
brokenli,1,1,0.023809523809523808,False
brotherlik,1,1,0.023809523809523808,False
browni,1,1,0.023809523809523808,False
brownist,1,1,0.023809523809523808,False
brundusium,1,1,0.023809523809523808,False
brunt,1,1,0.023809523809523808,False
bu,1,1,0.023809523809523808,False
bub,1,1,0.023809523809523808,False
bubukl,1,1,0.023809523809523808,False
bucklersburi,1,1,0.023809523809523808,False
budger,1,1,0.023809523809523808,False
bugbear,1,1,0.023809523809523808,False
bump,1,1,0.023809523809523808,False
bumper,1,1,0.023809523809523808,False
bunchback,1,1,0.023809523809523808,False
bundl,1,1,0.023809523809523808,False
bungl,1,1,0.023809523809523808,False
bunt,1,1,0.023809523809523808,False
burglari,1,1,0.023809523809523808,False
burgomast,1,1,0.023809523809523808,False
burier,1,1,0.023809523809523808,False
buriest,1,1,0.023809523809523808,False
burnet,1,1,0.023809523809523808,False
burrow,1,1,0.023809523809523808,False
burton,1,1,0.023809523809523808,False
burtonheath,1,1,0.023809523809523808,False
bushel,1,1,0.023809523809523808,False
buski,1,1,0.023809523809523808,False
buskin,1,1,0.023809523809523808,False
butcherli,1,1,0.023809523809523808,False
buttonhol,1,1,0.023809523809523808,False
buttress,1,1,0.023809523809523808,False
buzzer,1,1,0.023809523809523808,False
bypath,1,1,0.023809523809523808,False
byzantium,1,1,0.023809523809523808,False
ca,1,1,0.023809523809523808,False
cabbag,1,1,0.023809523809523808,False
cabbi,1,1,0.023809523809523808,False
cacaliban,1,1,0.023809523809523808,False
cacodemon,1,1,0.023809523809523808,False
caddi,1,1,0.023809523809523808,False
caddiss,1,1,0.023809523809523808,False
cadenc,1,1,0.023809523809523808,False
cadent,1,1,0.023809523809523808,False
cadmu,1,1,0.023809523809523808,False
caduceu,1,1,0.023809523809523808,False
cadwallad,1,1,0.023809523809523808,False
caeliu,1,1,0.023809523809523808,False
caelo,1,1,0.023809523809523808,False
caetera,1,1,0.023809523809523808,False
calab,1,1,0.023809523809523808,False
calipoli,1,1,0.023809523809523808,False
calmest,1,1,0.023809523809523808,False
calmi,1,1,0.023809523809523808,False
calydon,1,1,0.023809523809523808,False
cambys,1,1,0.023809523809523808,False
camelot,1,1,0.023809523809523808,False
camlet,1,1,0.023809523809523808,False
camomil,1,1,0.023809523809523808,False
cancer,1,1,0.023809523809523808,False
candidatu,1,1,0.023809523809523808,False
candlestick,1,1,0.023809523809523808,False
cani,1,1,0.023809523809523808,False
canstick,1,1,0.023809523809523808,False
canton,1,1,0.023809523809523808,False
canzonet,1,1,0.023809523809523808,False
capitain,1,1,0.023809523809523808,False
capocchia,1,1,0.023809523809523808,False
cappadocia,1,1,0.023809523809523808,False
capriccio,1,1,0.023809523809523808,False
caprici,1,1,0.023809523809523808,False
captiou,1,1,0.023809523809523808,False
captum,1,1,0.023809523809523808,False
carawai,1,1,0.023809523809523808,False
carbon,1,1,0.023809523809523808,False
carder,1,1,0.023809523809523808,False
cardmak,1,1,0.023809523809523808,False
carduu,1,1,0.023809523809523808,False
careir,1,1,0.023809523809523808,False
carest,1,1,0.023809523809523808,False
carl,1,1,0.023809523809523808,False
carlot,1,1,0.023809523809523808,False
carman,1,1,0.023809523809523808,False
carmen,1,1,0.023809523809523808,False
carnarvonshir,1,1,0.023809523809523808,False
carper,1,1,0.023809523809523808,False
casa,1,1,0.023809523809523808,False
cash,1,1,0.023809523809523808,False
casion,1,1,0.023809523809523808,False
cask,1,1,0.023809523809523808,False
cassado,1,1,0.023809523809523808,False
cassock,1,1,0.023809523809523808,False
castalia,1,1,0.023809523809523808,False
castalion,1,1,0.023809523809523808,False
caster,1,1,0.023809523809523808,False
castiliano,1,1,0.023809523809523808,False
cataplasm,1,1,0.023809523809523808,False
cataract,1,1,0.023809523809523808,False
catarrh,1,1,0.023809523809523808,False
cathedr,1,1,0.023809523809523808,False
catlik,1,1,0.023809523809523808,False
cauf,1,1,0.023809523809523808,False
causest,1,1,0.023809523809523808,False
causeth,1,1,0.023809523809523808,False
cauter,1,1,0.023809523809523808,False
cavaleir,1,1,0.023809523809523808,False
cavaleri,1,1,0.023809523809523808,False
cavalero,1,1,0.023809523809523808,False
caveto,1,1,0.023809523809523808,False
caviar,1,1,0.023809523809523808,False
caw,1,1,0.023809523809523808,False
ceaseless,1,1,0.023809523809523808,False
ceaseth,1,1,0.023809523809523808,False
cediu,1,1,0.023809523809523808,False
cellar,1,1,0.023809523809523808,False
cellarag,1,1,0.023809523809523808,False
censor,1,1,0.023809523809523808,False
censorinu,1,1,0.023809523809523808,False
cent,1,1,0.023809523809523808,False
centurion,1,1,0.023809523809523808,False
cerecloth,1,1,0.023809523809523808,False
cerement,1,1,0.023809523809523808,False
cern,1,1,0.023809523809523808,False
certif,1,1,0.023809523809523808,False
cetera,1,1,0.023809523809523808,False
cett,1,1,0.023809523809523808,False
chace,1,1,0.023809523809523808,False
chaffless,1,1,0.023809523809523808,False
cham,1,1,0.023809523809523808,False
champ,1,1,0.023809523809523808,False
champagn,1,1,0.023809523809523808,False
champain,1,1,0.023809523809523808,False
chandler,1,1,0.023809523809523808,False
changer,1,1,0.023809523809523808,False
changest,1,1,0.023809523809523808,False
changeth,1,1,0.023809523809523808,False
chanson,1,1,0.023809523809523808,False
chape,1,1,0.023809523809523808,False
chapeless,1,1,0.023809523809523808,False
chaplet,1,1,0.023809523809523808,False
chapp,1,1,0.023809523809523808,False
chappi,1,1,0.023809523809523808,False
chapt,1,1,0.023809523809523808,False
chapter,1,1,0.023809523809523808,False
characterless,1,1,0.023809523809523808,False
charbon,1,1,0.023809523809523808,False
chargeth,1,1,0.023809523809523808,False
chariest,1,1,0.023809523809523808,False
charmer,1,1,0.023809523809523808,False
charmeth,1,1,0.023809523809523808,False
charmingli,1,1,0.023809523809523808,False
charneco,1,1,0.023809523809523808,False
charoloi,1,1,0.023809523809523808,False
charon,1,1,0.023809523809523808,False
charybdi,1,1,0.023809523809523808,False
chaser,1,1,0.023809523809523808,False
chaseth,1,1,0.023809523809523808,False
chastest,1,1,0.023809523809523808,False
chaud,1,1,0.023809523809523808,False
chaudron,1,1,0.023809523809523808,False
che,1,1,0.023809523809523808,False
cheaper,1,1,0.023809523809523808,False
cheapli,1,1,0.023809523809523808,False
check,1,1,0.023809523809523808,False
cheerer,1,1,0.023809523809523808,False
cheerest,1,1,0.023809523809523808,False
cheerless,1,1,0.023809523809523808,False
chequin,1,1,0.023809523809523808,False
cher,1,1,0.023809523809523808,False
cherub,1,1,0.023809523809523808,False
chess,1,1,0.023809523809523808,False
chester,1,1,0.023809523809523808,False
cheta,1,1,0.023809523809523808,False
chewet,1,1,0.023809523809523808,False
chez,1,1,0.023809523809523808,False
chi,1,1,0.023809523809523808,False
chicurmurco,1,1,0.023809523809523808,False
chider,1,1,0.023809523809523808,False
chidest,1,1,0.023809523809523808,False
chien,1,1,0.023809523809523808,False
childer,1,1,0.023809523809523808,False
chimurcho,1,1,0.023809523809523808,False
china,1,1,0.023809523809523808,False
chip,1,1,0.023809523809523808,False
chipper,1,1,0.023809523809523808,False
chirp,1,1,0.023809523809523808,False
chirurgeonli,1,1,0.023809523809523808,False
chisel,1,1,0.023809523809523808,False
chitoph,1,1,0.023809523809523808,False
chivalr,1,1,0.023809523809523808,False
choicest,1,1,0.023809523809523808,False
chollor,1,1,0.023809523809523808,False
chooser,1,1,0.023809523809523808,False
chopin,1,1,0.023809523809523808,False
chopp,1,1,0.023809523809523808,False
chopt,1,1,0.023809523809523808,False
chorist,1,1,0.023809523809523808,False
christom,1,1,0.023809523809523808,False
chrysolit,1,1,0.023809523809523808,False
chu,1,1,0.023809523809523808,False
chud,1,1,0.023809523809523808,False
chuff,1,1,0.023809523809523808,False
churlishli,1,1,0.023809523809523808,False
churn,1,1,0.023809523809523808,False
ci,1,1,0.023809523809523808,False
cice,1,1,0.023809523809523808,False
cicel,1,1,0.023809523809523808,False
cicest,1,1,0.023809523809523808,False
cide,1,1,0.023809523809523808,False
ciel,1,1,0.023809523809523808,False
cii,1,1,0.023809523809523808,False
ciii,1,1,0.023809523809523808,False
cilicia,1,1,0.023809523809523808,False
cimmerian,1,1,0.023809523809523808,False
cinabl,1,1,0.023809523809523808,False
cinctur,1,1,0.023809523809523808,False
circa,1,1,0.023809523809523808,False
circlet,1,1,0.023809523809523808,False
circum,1,1,0.023809523809523808,False
circumcis,1,1,0.023809523809523808,False
circummur,1,1,0.023809523809523808,False
circumscript,1,1,0.023809523809523808,False
circumstanc,1,1,0.023809523809523808,False
circumv,1,1,0.023809523809523808,False
cital,1,1,0.023809523809523808,False
cittern,1,1,0.023809523809523808,False
civ,1,1,0.023809523809523808,False
civilli,1,1,0.023809523809523808,False
cix,1,1,0.023809523809523808,False
cl,1,1,0.023809523809523808,False
clack,1,1,0.023809523809523808,False
clang,1,1,0.023809523809523808,False
clangor,1,1,0.023809523809523808,False
clangour,1,1,0.023809523809523808,False
clare,1,1,0.023809523809523808,False
claret,1,1,0.023809523809523808,False
clatter,1,1,0.023809523809523808,False
claus,1,1,0.023809523809523808,False
cleanliest,1,1,0.023809523809523808,False
clearest,1,1,0.023809523809523808,False
clearstor,1,1,0.023809523809523808,False
clef,1,1,0.023809523809523808,False
clemenc,1,1,0.023809523809523808,False
clepeth,1,1,0.023809523809523808,False
clept,1,1,0.023809523809523808,False
clergyman,1,1,0.023809523809523808,False
clew,1,1,0.023809523809523808,False
cli,1,1,0.023809523809523808,False
clii,1,1,0.023809523809523808,False
cliii,1,1,0.023809523809523808,False
climatur,1,1,0.023809523809523808,False
climbeth,1,1,0.023809523809523808,False
clinquant,1,1,0.023809523809523808,False
clipper,1,1,0.023809523809523808,False
clippeth,1,1,0.023809523809523808,False
cliv,1,1,0.023809523809523808,False
cloddi,1,1,0.023809523809523808,False
clodpol,1,1,0.023809523809523808,False
cloistress,1,1,0.023809523809523808,False
closest,1,1,0.023809523809523808,False
clothair,1,1,0.023809523809523808,False
clothariu,1,1,0.023809523809523808,False
clove,1,1,0.023809523809523808,False
clover,1,1,0.023809523809523808,False
clovest,1,1,0.023809523809523808,False
clowder,1,1,0.023809523809523808,False
clownish,1,1,0.023809523809523808,False
cloyless,1,1,0.023809523809523808,False
cloyment,1,1,0.023809523809523808,False
cluck,1,1,0.023809523809523808,False
clung,1,1,0.023809523809523808,False
clyster,1,1,0.023809523809523808,False
cneiu,1,1,0.023809523809523808,False
coachmak,1,1,0.023809523809523808,False
coactiv,1,1,0.023809523809523808,False
coagul,1,1,0.023809523809523808,False
coasteth,1,1,0.023809523809523808,False
cobloaf,1,1,0.023809523809523808,False
cocker,1,1,0.023809523809523808,False
cockpit,1,1,0.023809523809523808,False
cockscomb,1,1,0.023809523809523808,False
cocksur,1,1,0.023809523809523808,False
coctu,1,1,0.023809523809523808,False
cocytu,1,1,0.023809523809523808,False
coelestibu,1,1,0.023809523809523808,False
cognit,1,1,0.023809523809523808,False
cohort,1,1,0.023809523809523808,False
coiner,1,1,0.023809523809523808,False
coistrel,1,1,0.023809523809523808,False
colcho,1,1,0.023809523809523808,False
coldspur,1,1,0.023809523809523808,False
colebrook,1,1,0.023809523809523808,False
colleagu,1,1,0.023809523809523808,False
collus,1,1,0.023809523809523808,False
colm,1,1,0.023809523809523808,False
colmekil,1,1,0.023809523809523808,False
coloquintida,1,1,0.023809523809523808,False
comagen,1,1,0.023809523809523808,False
combless,1,1,0.023809523809523808,False
combusti,1,1,0.023809523809523808,False
comeli,1,1,0.023809523809523808,False
comeliu,1,1,0.023809523809523808,False
comfect,1,1,0.023809523809523808,False
comforteth,1,1,0.023809523809523808,False
comm,1,1,0.023809523809523808,False
commingl,1,1,0.023809523809523808,False
commission,1,1,0.023809523809523808,False
committ,1,1,0.023809523809523808,False
commixt,1,1,0.023809523809523808,False
commodi,1,1,0.023809523809523808,False
communicatest,1,1,0.023809523809523808,False
commutu,1,1,0.023809523809523808,False
comondi,1,1,0.023809523809523808,False
compens,1,1,0.023809523809523808,False
complainest,1,1,0.023809523809523808,False
compost,1,1,0.023809523809523808,False
compostur,1,1,0.023809523809523808,False
compremis,1,1,0.023809523809523808,False
comptibl,1,1,0.023809523809523808,False
comptrol,1,1,0.023809523809523808,False
compulsatori,1,1,0.023809523809523808,False
compuncti,1,1,0.023809523809523808,False
conceitless,1,1,0.023809523809523808,False
concepti,1,1,0.023809523809523808,False
concerneth,1,1,0.023809523809523808,False
conclav,1,1,0.023809523809523808,False
concludest,1,1,0.023809523809523808,False
concolinel,1,1,0.023809523809523808,False
concours,1,1,0.023809523809523808,False
concubin,1,1,0.023809523809523808,False
concupi,1,1,0.023809523809523808,False
concupisc,1,1,0.023809523809523808,False
condition,1,1,0.023809523809523808,False
conductor,1,1,0.023809523809523808,False
confectionari,1,1,0.023809523809523808,False
confesseth,1,1,0.023809523809523808,False
confineless,1,1,0.023809523809523808,False
confix,1,1,0.023809523809523808,False
confluenc,1,1,0.023809523809523808,False
conflux,1,1,0.023809523809523808,False
confusedli,1,1,0.023809523809523808,False
conge,1,1,0.023809523809523808,False
congest,1,1,0.023809523809523808,False
congi,1,1,0.023809523809523808,False
congratul,1,1,0.023809523809523808,False
congre,1,1,0.023809523809523808,False
congreet,1,1,0.023809523809523808,False
congru,1,1,0.023809523809523808,False
conjug,1,1,0.023809523809523808,False
conjuro,1,1,0.023809523809523808,False
conniv,1,1,0.023809523809523808,False
conscion,1,1,0.023809523809523808,False
consisteth,1,1,0.023809523809523808,False
conspectu,1,1,0.023809523809523808,False
constantin,1,1,0.023809523809523808,False
constantinopl,1,1,0.023809523809523808,False
constel,1,1,0.023809523809523808,False
conster,1,1,0.023809523809523808,False
constraineth,1,1,0.023809523809523808,False
constring,1,1,0.023809523809523808,False
consumest,1,1,0.023809523809523808,False
contenta,1,1,0.023809523809523808,False
contenteth,1,1,0.023809523809523808,False
contentless,1,1,0.023809523809523808,False
contento,1,1,0.023809523809523808,False
continuantli,1,1,0.023809523809523808,False
contr,1,1,0.023809523809523808,False
contributor,1,1,0.023809523809523808,False
contrivedst,1,1,0.023809523809523808,False
contum,1,1,0.023809523809523808,False
contus,1,1,0.023809523809523808,False
conventicl,1,1,0.023809523809523808,False
convertest,1,1,0.023809523809523808,False
conviv,1,1,0.023809523809523808,False
convuls,1,1,0.023809523809523808,False
copatain,1,1,0.023809523809523808,False
copesm,1,1,0.023809523809523808,False
copp,1,1,0.023809523809523808,False
copperspur,1,1,0.023809523809523808,False
coppic,1,1,0.023809523809523808,False
cops,1,1,0.023809523809523808,False
coram,1,1,0.023809523809523808,False
corambu,1,1,0.023809523809523808,False
corbo,1,1,0.023809523809523808,False
cordi,1,1,0.023809523809523808,False
corinthian,1,1,0.023809523809523808,False
corki,1,1,0.023809523809523808,False
cornuto,1,1,0.023809523809523808,False
corollari,1,1,0.023809523809523808,False
corpul,1,1,0.023809523809523808,False
correction,1,1,0.023809523809523808,False
correspons,1,1,0.023809523809523808,False
corrobor,1,1,0.023809523809523808,False
corruptli,1,1,0.023809523809523808,False
corslet,1,1,0.023809523809523808,False
cosmo,1,1,0.023809523809523808,False
costermong,1,1,0.023809523809523808,False
costlier,1,1,0.023809523809523808,False
cot,1,1,0.023809523809523808,False
cotsal,1,1,0.023809523809523808,False
coucheth,1,1,0.023809523809523808,False
coud,1,1,0.023809523809523808,False
coulter,1,1,0.023809523809523808,False
counterchang,1,1,0.023809523809523808,False
counterfeitli,1,1,0.023809523809523808,False
countermin,1,1,0.023809523809523808,False
counterpart,1,1,0.023809523809523808,False
counterpoint,1,1,0.023809523809523808,False
countrywoman,1,1,0.023809523809523808,False
couper,1,1,0.023809523809523808,False
cour,1,1,0.023809523809523808,False
couronn,1,1,0.023809523809523808,False
courtnei,1,1,0.023809523809523808,False
courtsi,1,1,0.023809523809523808,False
coutum,1,1,0.023809523809523808,False
covent,1,1,0.023809523809523808,False
covertli,1,1,0.023809523809523808,False
cowardship,1,1,0.023809523809523808,False
cowish,1,1,0.023809523809523808,False
cowl,1,1,0.023809523809523808,False
cox,1,1,0.023809523809523808,False
coystril,1,1,0.023809523809523808,False
cozier,1,1,0.023809523809523808,False
cracker,1,1,0.023809523809523808,False
craftier,1,1,0.023809523809523808,False
craftsmen,1,1,0.023809523809523808,False
craker,1,1,0.023809523809523808,False
crant,1,1,0.023809523809523808,False
crare,1,1,0.023809523809523808,False
crash,1,1,0.023809523809523808,False
craver,1,1,0.023809523809523808,False
craveth,1,1,0.023809523809523808,False
crazi,1,1,0.023809523809523808,False
creator,1,1,0.023809523809523808,False
credibl,1,1,0.023809523809523808,False
creed,1,1,0.023809523809523808,False
cresciv,1,1,0.023809523809523808,False
cresset,1,1,0.023809523809523808,False
cressi,1,1,0.023809523809523808,False
crestless,1,1,0.023809523809523808,False
cretan,1,1,0.023809523809523808,False
crevic,1,1,0.023809523809523808,False
cribb,1,1,0.023809523809523808,False
crimeless,1,1,0.023809523809523808,False
cring,1,1,0.023809523809523808,False
crispianu,1,1,0.023809523809523808,False
cromer,1,1,0.023809523809523808,False
crone,1,1,0.023809523809523808,False
crookback,1,1,0.023809523809523808,False
crossest,1,1,0.023809523809523808,False
crossli,1,1,0.023809523809523808,False
crosswai,1,1,0.023809523809523808,False
crost,1,1,0.023809523809523808,False
cruell,1,1,0.023809523809523808,False
crueller,1,1,0.023809523809523808,False
crum,1,1,0.023809523809523808,False
crumb,1,1,0.023809523809523808,False
crumbl,1,1,0.023809523809523808,False
crusado,1,1,0.023809523809523808,False
crushest,1,1,0.023809523809523808,False
crusheth,1,1,0.023809523809523808,False
crusti,1,1,0.023809523809523808,False
crystallin,1,1,0.023809523809523808,False
cubiculo,1,1,0.023809523809523808,False
cubit,1,1,0.023809523809523808,False
cuiqu,1,1,0.023809523809523808,False
cuiss,1,1,0.023809523809523808,False
cullionli,1,1,0.023809523809523808,False
culpabl,1,1,0.023809523809523808,False
culverin,1,1,0.023809523809523808,False
cuor,1,1,0.023809523809523808,False
cuppel,1,1,0.023809523809523808,False
curlish,1,1,0.023809523809523808,False
curranc,1,1,0.023809523809523808,False
currant,1,1,0.023809523809523808,False
curri,1,1,0.023809523809523808,False
cursorari,1,1,0.023809523809523808,False
curster,1,1,0.023809523809523808,False
curstest,1,1,0.023809523809523808,False
curt,1,1,0.023809523809523808,False
custalourum,1,1,0.023809523809523808,False
custur,1,1,0.023809523809523808,False
cutler,1,1,0.023809523809523808,False
cutt,1,1,0.023809523809523808,False
cuttl,1,1,0.023809523809523808,False
cv,1,1,0.023809523809523808,False
cvi,1,1,0.023809523809523808,False
cvii,1,1,0.023809523809523808,False
cviii,1,1,0.023809523809523808,False
cx,1,1,0.023809523809523808,False
cxi,1,1,0.023809523809523808,False
cxii,1,1,0.023809523809523808,False
cxiii,1,1,0.023809523809523808,False
cxiv,1,1,0.023809523809523808,False
cxix,1,1,0.023809523809523808,False
cxl,1,1,0.023809523809523808,False
cxli,1,1,0.023809523809523808,False
cxlii,1,1,0.023809523809523808,False
cxliii,1,1,0.023809523809523808,False
cxliv,1,1,0.023809523809523808,False
cxlix,1,1,0.023809523809523808,False
cxlv,1,1,0.023809523809523808,False
cxlvi,1,1,0.023809523809523808,False
cxlvii,1,1,0.023809523809523808,False
cxlviii,1,1,0.023809523809523808,False
cxv,1,1,0.023809523809523808,False
cxvi,1,1,0.023809523809523808,False
cxvii,1,1,0.023809523809523808,False
cxviii,1,1,0.023809523809523808,False
cxx,1,1,0.023809523809523808,False
cxxi,1,1,0.023809523809523808,False
cxxii,1,1,0.023809523809523808,False
cxxiii,1,1,0.023809523809523808,False
cxxiv,1,1,0.023809523809523808,False
cxxix,1,1,0.023809523809523808,False
cxxv,1,1,0.023809523809523808,False
cxxvi,1,1,0.023809523809523808,False
cxxvii,1,1,0.023809523809523808,False
cxxviii,1,1,0.023809523809523808,False
cxxx,1,1,0.023809523809523808,False
cxxxi,1,1,0.023809523809523808,False
cxxxii,1,1,0.023809523809523808,False
cxxxiii,1,1,0.023809523809523808,False
cxxxiv,1,1,0.023809523809523808,False
cxxxix,1,1,0.023809523809523808,False
cxxxv,1,1,0.023809523809523808,False
cxxxvi,1,1,0.023809523809523808,False
cxxxvii,1,1,0.023809523809523808,False
cxxxviii,1,1,0.023809523809523808,False
cymbal,1,1,0.023809523809523808,False
cyme,1,1,0.023809523809523808,False
cynic,1,1,0.023809523809523808,False
cyru,1,1,0.023809523809523808,False
dabbl,1,1,0.023809523809523808,False
dace,1,1,0.023809523809523808,False
daedalu,1,1,0.023809523809523808,False
daf,1,1,0.023809523809523808,False
daffest,1,1,0.023809523809523808,False
dagonet,1,1,0.023809523809523808,False
daintier,1,1,0.023809523809523808,False
daintri,1,1,0.023809523809523808,False
damascu,1,1,0.023809523809523808,False
damon,1,1,0.023809523809523808,False
damosella,1,1,0.023809523809523808,False
damson,1,1,0.023809523809523808,False
dan,1,1,0.023809523809523808,False
danceth,1,1,0.023809523809523808,False
dandi,1,1,0.023809523809523808,False
dangl,1,1,0.023809523809523808,False
dankish,1,1,0.023809523809523808,False
dansker,1,1,0.023809523809523808,False
dapper,1,1,0.023809523809523808,False
dardanian,1,1,0.023809523809523808,False
dariu,1,1,0.023809523809523808,False
darksom,1,1,0.023809523809523808,False
darraign,1,1,0.023809523809523808,False
darter,1,1,0.023809523809523808,False
dartford,1,1,0.023809523809523808,False
dauberi,1,1,0.023809523809523808,False
daventri,1,1,0.023809523809523808,False
dazzleth,1,1,0.023809523809523808,False
dealest,1,1,0.023809523809523808,False
deathb,1,1,0.023809523809523808,False
deathmen,1,1,0.023809523809523808,False
deathsman,1,1,0.023809523809523808,False
debarr,1,1,0.023809523809523808,False
debateth,1,1,0.023809523809523808,False
debonair,1,1,0.023809523809523808,False
deborah,1,1,0.023809523809523808,False
debuti,1,1,0.023809523809523808,False
decay,1,1,0.023809523809523808,False
deceiveth,1,1,0.023809523809523808,False
decens,1,1,0.023809523809523808,False
decent,1,1,0.023809523809523808,False
decepti,1,1,0.023809523809523808,False
decern,1,1,0.023809523809523808,False
decim,1,1,0.023809523809523808,False
decoct,1,1,0.023809523809523808,False
dee,1,1,0.023809523809523808,False
deedless,1,1,0.023809523809523808,False
deess,1,1,0.023809523809523808,False
deftli,1,1,0.023809523809523808,False
deja,1,1,0.023809523809523808,False
delinqu,1,1,0.023809523809523808,False
delver,1,1,0.023809523809523808,False
demis,1,1,0.023809523809523808,False
denunci,1,1,0.023809523809523808,False
deo,1,1,0.023809523809523808,False
departest,1,1,0.023809523809523808,False
depech,1,1,0.023809523809523808,False
depopul,1,1,0.023809523809523808,False
depositari,1,1,0.023809523809523808,False
depress,1,1,0.023809523809523808,False
derid,1,1,0.023809523809523808,False
dern,1,1,0.023809523809523808,False
desertless,1,1,0.023809523809523808,False
deservedli,1,1,0.023809523809523808,False
despitefulli,1,1,0.023809523809523808,False
despoil,1,1,0.023809523809523808,False
det,1,1,0.023809523809523808,False
detector,1,1,0.023809523809523808,False
detent,1,1,0.023809523809523808,False
detriment,1,1,0.023809523809523808,False
devest,1,1,0.023809523809523808,False
devin,1,1,0.023809523809523808,False
deviseth,1,1,0.023809523809523808,False
devoid,1,1,0.023809523809523808,False
devon,1,1,0.023809523809523808,False
devonshir,1,1,0.023809523809523808,False
dewberri,1,1,0.023809523809523808,False
dewdrop,1,1,0.023809523809523808,False
dewlap,1,1,0.023809523809523808,False
diablo,1,1,0.023809523809523808,False
diapason,1,1,0.023809523809523808,False
diaper,1,1,0.023809523809523808,False
dibbl,1,1,0.023809523809523808,False
dicer,1,1,0.023809523809523808,False
dich,1,1,0.023809523809523808,False
diciplin,1,1,0.023809523809523808,False
dicken,1,1,0.023809523809523808,False
dicki,1,1,0.023809523809523808,False
dickon,1,1,0.023809523809523808,False
dictat,1,1,0.023809523809523808,False
diction,1,1,0.023809523809523808,False
diddl,1,1,0.023809523809523808,False
didest,1,1,0.023809523809523808,False
diedst,1,1,0.023809523809523808,False
dieter,1,1,0.023809523809523808,False
difficil,1,1,0.023809523809523808,False
difficult,1,1,0.023809523809523808,False
diffusest,1,1,0.023809523809523808,False
digt,1,1,0.023809523809523808,False
dildo,1,1,0.023809523809523808,False
diluculo,1,1,0.023809523809523808,False
diner,1,1,0.023809523809523808,False
disagre,1,1,0.023809523809523808,False
disallow,1,1,0.023809523809523808,False
disanim,1,1,0.023809523809523808,False
disappear,1,1,0.023809523809523808,False
disappoint,1,1,0.023809523809523808,False
disarmeth,1,1,0.023809523809523808,False
disastr,1,1,0.023809523809523808,False
disbench,1,1,0.023809523809523808,False
disbranch,1,1,0.023809523809523808,False
disburden,1,1,0.023809523809523808,False
discomfitur,1,1,0.023809523809523808,False
discommend,1,1,0.023809523809523808,False
disconsol,1,1,0.023809523809523808,False
discontentedli,1,1,0.023809523809523808,False
discourtesi,1,1,0.023809523809523808,False
discover,1,1,0.023809523809523808,False
disedg,1,1,0.023809523809523808,False
disgest,1,1,0.023809523809523808,False
dishabit,1,1,0.023809523809523808,False
disjunct,1,1,0.023809523809523808,False
disliken,1,1,0.023809523809523808,False
dislimn,1,1,0.023809523809523808,False
disloc,1,1,0.023809523809523808,False
dislodg,1,1,0.023809523809523808,False
dism,1,1,0.023809523809523808,False
dismask,1,1,0.023809523809523808,False
disnatur,1,1,0.023809523809523808,False
disorb,1,1,0.023809523809523808,False
disorderli,1,1,0.023809523809523808,False
dispark,1,1,0.023809523809523808,False
dispatcheth,1,1,0.023809523809523808,False
dispersedli,1,1,0.023809523809523808,False
dispit,1,1,0.023809523809523808,False
displacest,1,1,0.023809523809523808,False
dispong,1,1,0.023809523809523808,False
dispraisingli,1,1,0.023809523809523808,False
disproperti,1,1,0.023809523809523808,False
disprovest,1,1,0.023809523809523808,False
disputest,1,1,0.023809523809523808,False
disquant,1,1,0.023809523809523808,False
disquietli,1,1,0.023809523809523808,False
disrelish,1,1,0.023809523809523808,False
disseat,1,1,0.023809523809523808,False
dissip,1,1,0.023809523809523808,False
distingu,1,1,0.023809523809523808,False
disunion,1,1,0.023809523809523808,False
disunit,1,1,0.023809523809523808,False
disvalu,1,1,0.023809523809523808,False
disvouch,1,1,0.023809523809523808,False
ditcher,1,1,0.023809523809523808,False
diurnal,1,1,0.023809523809523808,False
divideth,1,1,0.023809523809523808,False
dizi,1,1,0.023809523809523808,False
document,1,1,0.023809523809523808,False
dodg,1,1,0.023809523809523808,False
dogfish,1,1,0.023809523809523808,False
doin,1,1,0.023809523809523808,False
dolor,1,1,0.023809523809523808,False
dombledon,1,1,0.023809523809523808,False
donald,1,1,0.023809523809523808,False
donc,1,1,0.023809523809523808,False
donner,1,1,0.023809523809523808,False
donnerai,1,1,0.023809523809523808,False
doorkeep,1,1,0.023809523809523808,False
doornail,1,1,0.023809523809523808,False
doreu,1,1,0.023809523809523808,False
dormous,1,1,0.023809523809523808,False
dotant,1,1,0.023809523809523808,False
doter,1,1,0.023809523809523808,False
doubler,1,1,0.023809523809523808,False
doughi,1,1,0.023809523809523808,False
doughti,1,1,0.023809523809523808,False
dow,1,1,0.023809523809523808,False
dowdi,1,1,0.023809523809523808,False
doweri,1,1,0.023809523809523808,False
dowl,1,1,0.023809523809523808,False
downstair,1,1,0.023809523809523808,False
dowsabel,1,1,0.023809523809523808,False
doxi,1,1,0.023809523809523808,False
drachm,1,1,0.023809523809523808,False
dragonish,1,1,0.023809523809523808,False
drake,1,1,0.023809523809523808,False
drawbridg,1,1,0.023809523809523808,False
drawest,1,1,0.023809523809523808,False
drawl,1,1,0.023809523809523808,False
drayman,1,1,0.023809523809523808,False
draymen,1,1,0.023809523809523808,False
dreadeth,1,1,0.023809523809523808,False
dreamest,1,1,0.023809523809523808,False
dreari,1,1,0.023809523809523808,False
dresser,1,1,0.023809523809523808,False
dressi,1,1,0.023809523809523808,False
dribbl,1,1,0.023809523809523808,False
drili,1,1,0.023809523809523808,False
drivel,1,1,0.023809523809523808,False
drivest,1,1,0.023809523809523808,False
droit,1,1,0.023809523809523808,False
droopeth,1,1,0.023809523809523808,False
droplet,1,1,0.023809523809523808,False
dropper,1,1,0.023809523809523808,False
droppeth,1,1,0.023809523809523808,False
dropt,1,1,0.023809523809523808,False
drought,1,1,0.023809523809523808,False
droven,1,1,0.023809523809523808,False
drovier,1,1,0.023809523809523808,False
drows,1,1,0.023809523809523808,False
drowsili,1,1,0.023809523809523808,False
drowz,1,1,0.023809523809523808,False
drudgeri,1,1,0.023809523809523808,False
drugg,1,1,0.023809523809523808,False
drumbl,1,1,0.023809523809523808,False
drummer,1,1,0.023809523809523808,False
drunkest,1,1,0.023809523809523808,False
drybeat,1,1,0.023809523809523808,False
dryfoot,1,1,0.023809523809523808,False
dryness,1,1,0.023809523809523808,False
dudgeon,1,1,0.023809523809523808,False
duer,1,1,0.023809523809523808,False
duff,1,1,0.023809523809523808,False
dulch,1,1,0.023809523809523808,False
dulzura,1,1,0.023809523809523808,False
dumbshow,1,1,0.023809523809523808,False
dung,1,1,0.023809523809523808,False
dunk,1,1,0.023809523809523808,False
dunnest,1,1,0.023809523809523808,False
dunsmor,1,1,0.023809523809523808,False
dunstabl,1,1,0.023809523809523808,False
dupp,1,1,0.023809523809523808,False
dweller,1,1,0.023809523809523808,False
dyer,1,1,0.023809523809523808,False
eal,1,1,0.023809523809523808,False
eanl,1,1,0.023809523809523808,False
earthen,1,1,0.023809523809523808,False
earthlier,1,1,0.023809523809523808,False
earwax,1,1,0.023809523809523808,False
easeth,1,1,0.023809523809523808,False
easiest,1,1,0.023809523809523808,False
easiliest,1,1,0.023809523809523808,False
easter,1,1,0.023809523809523808,False
eastward,1,1,0.023809523809523808,False
eaux,1,1,0.023809523809523808,False
ebrew,1,1,0.023809523809523808,False
ecc,1,1,0.023809523809523808,False
ech,1,1,0.023809523809523808,False
echapp,1,1,0.023809523809523808,False
ecoli,1,1,0.023809523809523808,False
eddi,1,1,0.023809523809523808,False
eden,1,1,0.023809523809523808,False
edit,1,1,0.023809523809523808,False
ee,1,1,0.023809523809523808,False
eed,1,1,0.023809523809523808,False
eet,1,1,0.023809523809523808,False
effigi,1,1,0.023809523809523808,False
eftest,1,1,0.023809523809523808,False
eftsoon,1,1,0.023809523809523808,False
eget,1,1,0.023809523809523808,False
ego,1,1,0.023809523809523808,False
egress,1,1,0.023809523809523808,False
eighti,1,1,0.023809523809523808,False
eject,1,1,0.023809523809523808,False
eleg,1,1,0.023809523809523808,False
elev,1,1,0.023809523809523808,False
elflock,1,1,0.023809523809523808,False
elips,1,1,0.023809523809523808,False
ellen,1,1,0.023809523809523808,False
elvish,1,1,0.023809523809523808,False
embai,1,1,0.023809523809523808,False
embal,1,1,0.023809523809523808,False
emban,1,1,0.023809523809523808,False
embarqu,1,1,0.023809523809523808,False
embassad,1,1,0.023809523809523808,False
embattail,1,1,0.023809523809523808,False
embellish,1,1,0.023809523809523808,False
emblaz,1,1,0.023809523809523808,False
embodi,1,1,0.023809523809523808,False
embound,1,1,0.023809523809523808,False
embrasur,1,1,0.023809523809523808,False
embrew,1,1,0.023809523809523808,False
embroid,1,1,0.023809523809523808,False
embroideri,1,1,0.023809523809523808,False
emmanuel,1,1,0.023809523809523808,False
emmenc,1,1,0.023809523809523808,False
emmew,1,1,0.023809523809523808,False
empal,1,1,0.023809523809523808,False
empiricut,1,1,0.023809523809523808,False
enactur,1,1,0.023809523809523808,False
encav,1,1,0.023809523809523808,False
enceladu,1,1,0.023809523809523808,False
encertain,1,1,0.023809523809523808,False
encertainti,1,1,0.023809523809523808,False
enchain,1,1,0.023809523809523808,False
enchantingli,1,1,0.023809523809523808,False
enchantress,1,1,0.023809523809523808,False
enchas,1,1,0.023809523809523808,False
encloseth,1,1,0.023809523809523808,False
encloud,1,1,0.023809523809523808,False
encompasseth,1,1,0.023809523809523808,False
encor,1,1,0.023809523809523808,False
encounter,1,1,0.023809523809523808,False
encounterd,1,1,0.023809523809523808,False
encrimson,1,1,0.023809523809523808,False
encroach,1,1,0.023809523809523808,False
encumb,1,1,0.023809523809523808,False
endart,1,1,0.023809523809523808,False
endavour,1,1,0.023809523809523808,False
ender,1,1,0.023809523809523808,False
endurest,1,1,0.023809523809523808,False
endymion,1,1,0.023809523809523808,False
enfeoff,1,1,0.023809523809523808,False
enfett,1,1,0.023809523809523808,False
enforcedli,1,1,0.023809523809523808,False
enforcest,1,1,0.023809523809523808,False
enfranch,1,1,0.023809523809523808,False
enfre,1,1,0.023809523809523808,False
enfreedom,1,1,0.023809523809523808,False
engaol,1,1,0.023809523809523808,False
engild,1,1,0.023809523809523808,False
englishwoman,1,1,0.023809523809523808,False
engraven,1,1,0.023809523809523808,False
engrossest,1,1,0.023809523809523808,False
enguard,1,1,0.023809523809523808,False
enigmat,1,1,0.023809523809523808,False
enjoineth,1,1,0.023809523809523808,False
enjoy,1,1,0.023809523809523808,False
enlard,1,1,0.023809523809523808,False
enlargeth,1,1,0.023809523809523808,False
enlighten,1,1,0.023809523809523808,False
enlink,1,1,0.023809523809523808,False
enmesh,1,1,0.023809523809523808,False
enobarb,1,1,0.023809523809523808,False
enoint,1,1,0.023809523809523808,False
enpatron,1,1,0.023809523809523808,False
enpierc,1,1,0.023809523809523808,False
enr,1,1,0.023809523809523808,False
enrank,1,1,0.023809523809523808,False
enrapt,1,1,0.023809523809523808,False
enridg,1,1,0.023809523809523808,False
enroot,1,1,0.023809523809523808,False
enround,1,1,0.023809523809523808,False
enschedul,1,1,0.023809523809523808,False
enseam,1,1,0.023809523809523808,False
ensear,1,1,0.023809523809523808,False
enseign,1,1,0.023809523809523808,False
enseignez,1,1,0.023809523809523808,False
ensembl,1,1,0.023809523809523808,False
enshelt,1,1,0.023809523809523808,False
enshield,1,1,0.023809523809523808,False
enshrin,1,1,0.023809523809523808,False
enski,1,1,0.023809523809523808,False
ensnareth,1,1,0.023809523809523808,False
ensteep,1,1,0.023809523809523808,False
enswath,1,1,0.023809523809523808,False
entam,1,1,0.023809523809523808,False
entendr,1,1,0.023809523809523808,False
entertainest,1,1,0.023809523809523808,False
enticeth,1,1,0.023809523809523808,False
entr,1,1,0.023809523809523808,False
entrapp,1,1,0.023809523809523808,False
entreasur,1,1,0.023809523809523808,False
entrench,1,1,0.023809523809523808,False
entri,1,1,0.023809523809523808,False
entwist,1,1,0.023809523809523808,False
envious,1,1,0.023809523809523808,False
enwheel,1,1,0.023809523809523808,False
enwomb,1,1,0.023809523809523808,False
eo,1,1,0.023809523809523808,False
epicuru,1,1,0.023809523809523808,False
epidauru,1,1,0.023809523809523808,False
epigram,1,1,0.023809523809523808,False
epilepsi,1,1,0.023809523809523808,False
epilept,1,1,0.023809523809523808,False
epistrophu,1,1,0.023809523809523808,False
epitheton,1,1,0.023809523809523808,False
epitom,1,1,0.023809523809523808,False
equinocti,1,1,0.023809523809523808,False
equinox,1,1,0.023809523809523808,False
equipag,1,1,0.023809523809523808,False
equival,1,1,0.023809523809523808,False
erblow,1,1,0.023809523809523808,False
erborn,1,1,0.023809523809523808,False
ercam,1,1,0.023809523809523808,False
erdo,1,1,0.023809523809523808,False
erey,1,1,0.023809523809523808,False
erflourish,1,1,0.023809523809523808,False
erga,1,1,0.023809523809523808,False
ergal,1,1,0.023809523809523808,False
erglanc,1,1,0.023809523809523808,False
ergon,1,1,0.023809523809523808,False
ergrow,1,1,0.023809523809523808,False
ergrowth,1,1,0.023809523809523808,False
erhasti,1,1,0.023809523809523808,False
erhear,1,1,0.023809523809523808,False
eringo,1,1,0.023809523809523808,False
ermast,1,1,0.023809523809523808,False
ermasterest,1,1,0.023809523809523808,False
ermengar,1,1,0.023809523809523808,False
ermount,1,1,0.023809523809523808,False
ernight,1,1,0.023809523809523808,False
erpai,1,1,0.023809523809523808,False
erpaid,1,1,0.023809523809523808,False
erpart,1,1,0.023809523809523808,False
erpress,1,1,0.023809523809523808,False
erread,1,1,0.023809523809523808,False
errest,1,1,0.023809523809523808,False
errun,1,1,0.023809523809523808,False
erset,1,1,0.023809523809523808,False
ershin,1,1,0.023809523809523808,False
ershow,1,1,0.023809523809523808,False
erslip,1,1,0.023809523809523808,False
ersnow,1,1,0.023809523809523808,False
erstep,1,1,0.023809523809523808,False
erstraw,1,1,0.023809523809523808,False
erstunk,1,1,0.023809523809523808,False
ertheless,1,1,0.023809523809523808,False
ertrip,1,1,0.023809523809523808,False
erudit,1,1,0.023809523809523808,False
ervalu,1,1,0.023809523809523808,False
erwatch,1,1,0.023809523809523808,False
es,1,1,0.023809523809523808,False
escapedst,1,1,0.023809523809523808,False
escapen,1,1,0.023809523809523808,False
eschew,1,1,0.023809523809523808,False
escot,1,1,0.023809523809523808,False
esteemest,1,1,0.023809523809523808,False
esteemeth,1,1,0.023809523809523808,False
etc,1,1,0.023809523809523808,False
etcetera,1,1,0.023809523809523808,False
etna,1,1,0.023809523809523808,False
etr,1,1,0.023809523809523808,False
euphrat,1,1,0.023809523809523808,False
everyon,1,1,0.023809523809523808,False
evit,1,1,0.023809523809523808,False
exactest,1,1,0.023809523809523808,False
exceedeth,1,1,0.023809523809523808,False
excelleth,1,1,0.023809523809523808,False
exceptless,1,1,0.023809523809523808,False
exclud,1,1,0.023809523809523808,False
excu,1,1,0.023809523809523808,False
executest,1,1,0.023809523809523808,False
exequi,1,1,0.023809523809523808,False
exhalest,1,1,0.023809523809523808,False
exhaust,1,1,0.023809523809523808,False
exion,1,1,0.023809523809523808,False
exorc,1,1,0.023809523809523808,False
exorcis,1,1,0.023809523809523808,False
expediti,1,1,0.023809523809523808,False
experiment,1,1,0.023809523809523808,False
explain,1,1,0.023809523809523808,False
expositor,1,1,0.023809523809523808,False
expostur,1,1,0.023809523809523808,False
expresseth,1,1,0.023809523809523808,False
exsuffl,1,1,0.023809523809523808,False
exteriorli,1,1,0.023809523809523808,False
extermin,1,1,0.023809523809523808,False
extinctur,1,1,0.023809523809523808,False
extinguit,1,1,0.023809523809523808,False
extraught,1,1,0.023809523809523808,False
eya,1,1,0.023809523809523808,False
eyas,1,1,0.023809523809523808,False
eyest,1,1,0.023809523809523808,False
facer,1,1,0.023809523809523808,False
faciant,1,1,0.023809523809523808,False
facineri,1,1,0.023809523809523808,False
factionari,1,1,0.023809523809523808,False
fadeth,1,1,0.023809523809523808,False
fainter,1,1,0.023809523809523808,False
faithful,1,1,0.023809523809523808,False
faitor,1,1,0.023809523809523808,False
fallaci,1,1,0.023809523809523808,False
falli,1,1,0.023809523809523808,False
falour,1,1,0.023809523809523808,False
falsifi,1,1,0.023809523809523808,False
fanat,1,1,0.023809523809523808,False
fangless,1,1,0.023809523809523808,False
fantastico,1,1,0.023809523809523808,False
fap,1,1,0.023809523809523808,False
farc,1,1,0.023809523809523808,False
fardingal,1,1,0.023809523809523808,False
farer,1,1,0.023809523809523808,False
farmhous,1,1,0.023809523809523808,False
farrow,1,1,0.023809523809523808,False
fartuou,1,1,0.023809523809523808,False
fastli,1,1,0.023809523809523808,False
fathomless,1,1,0.023809523809523808,False
fatig,1,1,0.023809523809523808,False
fatuu,1,1,0.023809523809523808,False
fauss,1,1,0.023809523809523808,False
faust,1,1,0.023809523809523808,False
faustus,1,1,0.023809523809523808,False
faut,1,1,0.023809523809523808,False
favoredli,1,1,0.023809523809523808,False
feareth,1,1,0.023809523809523808,False
feater,1,1,0.023809523809523808,False
featureless,1,1,0.023809523809523808,False
februari,1,1,0.023809523809523808,False
feck,1,1,0.023809523809523808,False
federari,1,1,0.023809523809523808,False
feebli,1,1,0.023809523809523808,False
feeler,1,1,0.023809523809523808,False
fehement,1,1,0.023809523809523808,False
feith,1,1,0.023809523809523808,False
felicit,1,1,0.023809523809523808,False
felli,1,1,0.023809523809523808,False
fellowli,1,1,0.023809523809523808,False
feminin,1,1,0.023809523809523808,False
fend,1,1,0.023809523809523808,False
fenni,1,1,0.023809523809523808,False
ferrara,1,1,0.023809523809523808,False
ferrer,1,1,0.023809523809523808,False
ferri,1,1,0.023809523809523808,False
ferryman,1,1,0.023809523809523808,False
fervenc,1,1,0.023809523809523808,False
fest,1,1,0.023809523809523808,False
fettl,1,1,0.023809523809523808,False
feud,1,1,0.023809523809523808,False
ffolk,1,1,0.023809523809523808,False
fico,1,1,0.023809523809523808,False
fide,1,1,0.023809523809523808,False
fidius,1,1,0.023809523809523808,False
fifteenth,1,1,0.023809523809523808,False
fightest,1,1,0.023809523809523808,False
fighteth,1,1,0.023809523809523808,False
filbert,1,1,0.023809523809523808,False
filiu,1,1,0.023809523809523808,False
filleth,1,1,0.023809523809523808,False
filli,1,1,0.023809523809523808,False
final,1,1,0.023809523809523808,False
findest,1,1,0.023809523809523808,False
findeth,1,1,0.023809523809523808,False
fineless,1,1,0.023809523809523808,False
finem,1,1,0.023809523809523808,False
finic,1,1,0.023809523809523808,False
finless,1,1,0.023809523809523808,False
finn,1,1,0.023809523809523808,False
finni,1,1,0.023809523809523808,False
finsburi,1,1,0.023809523809523808,False
firago,1,1,0.023809523809523808,False
fishifi,1,1,0.023809523809523808,False
fishpond,1,1,0.023809523809523808,False
fisnomi,1,1,0.023809523809523808,False
fistula,1,1,0.023809523809523808,False
fitt,1,1,0.023809523809523808,False
fixeth,1,1,0.023809523809523808,False
fixur,1,1,0.023809523809523808,False
flagon,1,1,0.023809523809523808,False
flail,1,1,0.023809523809523808,False
flake,1,1,0.023809523809523808,False
flaki,1,1,0.023809523809523808,False
flannel,1,1,0.023809523809523808,False
flare,1,1,0.023809523809523808,False
flatterest,1,1,0.023809523809523808,False
flaunt,1,1,0.023809523809523808,False
flavu,1,1,0.023809523809523808,False
flaxen,1,1,0.023809523809523808,False
fleck,1,1,0.023809523809523808,False
flee,1,1,0.023809523809523808,False
fleme,1,1,0.023809523809523808,False
flemish,1,1,0.023809523809523808,False
fleshli,1,1,0.023809523809523808,False
fleshment,1,1,0.023809523809523808,False
fleshmong,1,1,0.023809523809523808,False
flicker,1,1,0.023809523809523808,False
flieth,1,1,0.023809523809523808,False
flighti,1,1,0.023809523809523808,False
flirt,1,1,0.023809523809523808,False
flora,1,1,0.023809523809523808,False
florentiu,1,1,0.023809523809523808,False
flote,1,1,0.023809523809523808,False
flour,1,1,0.023809523809523808,False
flourisheth,1,1,0.023809523809523808,False
fluent,1,1,0.023809523809523808,False
fluster,1,1,0.023809523809523808,False
flutter,1,1,0.023809523809523808,False
fluxiv,1,1,0.023809523809523808,False
foami,1,1,0.023809523809523808,False
fodder,1,1,0.023809523809523808,False
foist,1,1,0.023809523809523808,False
folio,1,1,0.023809523809523808,False
followedst,1,1,0.023809523809523808,False
followest,1,1,0.023809523809523808,False
fonder,1,1,0.023809523809523808,False
fondl,1,1,0.023809523809523808,False
fontibel,1,1,0.023809523809523808,False
footfal,1,1,0.023809523809523808,False
footmen,1,1,0.023809523809523808,False
footstep,1,1,0.023809523809523808,False
footstool,1,1,0.023809523809523808,False
fop,1,1,0.023809523809523808,False
foppish,1,1,0.023809523809523808,False
forbiddenli,1,1,0.023809523809523808,False
forbod,1,1,0.023809523809523808,False
forborn,1,1,0.023809523809523808,False
fordid,1,1,0.023809523809523808,False
forecast,1,1,0.023809523809523808,False
forefend,1,1,0.023809523809523808,False
forefing,1,1,0.023809523809523808,False
forehors,1,1,0.023809523809523808,False
foreknowledg,1,1,0.023809523809523808,False
forenam,1,1,0.023809523809523808,False
foresai,1,1,0.023809523809523808,False
foresaw,1,1,0.023809523809523808,False
foresight,1,1,0.023809523809523808,False
foreskirt,1,1,0.023809523809523808,False
forethink,1,1,0.023809523809523808,False
forethought,1,1,0.023809523809523808,False
foreward,1,1,0.023809523809523808,False
forgo,1,1,0.023809523809523808,False
forgon,1,1,0.023809523809523808,False
format,1,1,0.023809523809523808,False
fornicatress,1,1,0.023809523809523808,False
forsaketh,1,1,0.023809523809523808,False
forslow,1,1,0.023809523809523808,False
forspok,1,1,0.023809523809523808,False
forthlight,1,1,0.023809523809523808,False
forthright,1,1,0.023809523809523808,False
fortif,1,1,0.023809523809523808,False
fortuna,1,1,0.023809523809523808,False
forweari,1,1,0.023809523809523808,False
fosset,1,1,0.023809523809523808,False
foughten,1,1,0.023809523809523808,False
fowler,1,1,0.023809523809523808,False
foxship,1,1,0.023809523809523808,False
fragil,1,1,0.023809523809523808,False
frampold,1,1,0.023809523809523808,False
francia,1,1,0.023809523809523808,False
franciscan,1,1,0.023809523809523808,False
francoi,1,1,0.023809523809523808,False
franker,1,1,0.023809523809523808,False
frankfort,1,1,0.023809523809523808,False
frateretto,1,1,0.023809523809523808,False
fratrum,1,1,0.023809523809523808,False
freelier,1,1,0.023809523809523808,False
freeman,1,1,0.023809523809523808,False
freeness,1,1,0.023809523809523808,False
freeston,1,1,0.023809523809523808,False
freezeth,1,1,0.023809523809523808,False
fretten,1,1,0.023809523809523808,False
friendless,1,1,0.023809523809523808,False
friez,1,1,0.023809523809523808,False
frighten,1,1,0.023809523809523808,False
fripperi,1,1,0.023809523809523808,False
frisk,1,1,0.023809523809523808,False
fritter,1,1,0.023809523809523808,False
frock,1,1,0.023809523809523808,False
froissart,1,1,0.023809523809523808,False
frontlet,1,1,0.023809523809523808,False
frothi,1,1,0.023809523809523808,False
frowningli,1,1,0.023809523809523808,False
fructifi,1,1,0.023809523809523808,False
fruiter,1,1,0.023809523809523808,False
fruition,1,1,0.023809523809523808,False
fruitlessli,1,1,0.023809523809523808,False
frush,1,1,0.023809523809523808,False
frutifi,1,1,0.023809523809523808,False
fuerza,1,1,0.023809523809523808,False
fullam,1,1,0.023809523809523808,False
fullest,1,1,0.023809523809523808,False
fum,1,1,0.023809523809523808,False
fumblest,1,1,0.023809523809523808,False
fumit,1,1,0.023809523809523808,False
fumitori,1,1,0.023809523809523808,False
furniv,1,1,0.023809523809523808,False
furor,1,1,0.023809523809523808,False
fust,1,1,0.023809523809523808,False
fustilarian,1,1,0.023809523809523808,False
gabriel,1,1,0.023809523809523808,False
gaff,1,1,0.023809523809523808,False
gagn,1,1,0.023809523809523808,False
gailia,1,1,0.023809523809523808,False
gainsaid,1,1,0.023809523809523808,False
gaitist,1,1,0.023809523809523808,False
galath,1,1,0.023809523809523808,False
gallantri,1,1,0.023809523809523808,False
gallias,1,1,0.023809523809523808,False
gallon,1,1,0.023809523809523808,False
gallowai,1,1,0.023809523809523808,False
gallows,1,1,0.023809523809523808,False
gam,1,1,0.023809523809523808,False
gamboi,1,1,0.023809523809523808,False
gambold,1,1,0.023809523809523808,False
gammon,1,1,0.023809523809523808,False
gangren,1,1,0.023809523809523808,False
garcon,1,1,0.023809523809523808,False
gard,1,1,0.023809523809523808,False
gardez,1,1,0.023809523809523808,False
gargantua,1,1,0.023809523809523808,False
garret,1,1,0.023809523809523808,False
gaskin,1,1,0.023809523809523808,False
gat,1,1,0.023809523809523808,False
gaud,1,1,0.023809523809523808,False
gaudeo,1,1,0.023809523809523808,False
gaug,1,1,0.023809523809523808,False
gaul,1,1,0.023809523809523808,False
gay,1,1,0.023809523809523808,False
gelida,1,1,0.023809523809523808,False
gelidu,1,1,0.023809523809523808,False
gelt,1,1,0.023809523809523808,False
gemini,1,1,0.023809523809523808,False
generos,1,1,0.023809523809523808,False
genitivo,1,1,0.023809523809523808,False
gennet,1,1,0.023809523809523808,False
genoux,1,1,0.023809523809523808,False
getter,1,1,0.023809523809523808,False
gettest,1,1,0.023809523809523808,False
giantess,1,1,0.023809523809523808,False
gibber,1,1,0.023809523809523808,False
giber,1,1,0.023809523809523808,False
gibingli,1,1,0.023809523809523808,False
gilliam,1,1,0.023809523809523808,False
gillian,1,1,0.023809523809523808,False
gimmal,1,1,0.023809523809523808,False
gimmor,1,1,0.023809523809523808,False
ging,1,1,0.023809523809523808,False
gingerli,1,1,0.023809523809523808,False
ginn,1,1,0.023809523809523808,False
gipe,1,1,0.023809523809523808,False
girdlest,1,1,0.023809523809523808,False
girt,1,1,0.023809523809523808,False
glander,1,1,0.023809523809523808,False
gleeful,1,1,0.023809523809523808,False
glideth,1,1,0.023809523809523808,False
gloom,1,1,0.023809523809523808,False
glose,1,1,0.023809523809523808,False
gloster,1,1,0.023809523809523808,False
glover,1,1,0.023809523809523808,False
goatish,1,1,0.023809523809523808,False
godson,1,1,0.023809523809523808,False
gog,1,1,0.023809523809523808,False
goldenli,1,1,0.023809523809523808,False
golias,1,1,0.023809523809523808,False
goliath,1,1,0.023809523809523808,False
gondoli,1,1,0.023809523809523808,False
goodrig,1,1,0.023809523809523808,False
goodwif,1,1,0.023809523809523808,False
goodwil,1,1,0.023809523809523808,False
gooseberri,1,1,0.023809523809523808,False
gorbelli,1,1,0.023809523809523808,False
gorboduc,1,1,0.023809523809523808,False
gorget,1,1,0.023809523809523808,False
gormand,1,1,0.023809523809523808,False
gormandis,1,1,0.023809523809523808,False
goss,1,1,0.023809523809523808,False
gourd,1,1,0.023809523809523808,False
gracefulli,1,1,0.023809523809523808,False
graf,1,1,0.023809523809523808,False
grafter,1,1,0.023809523809523808,False
grandchild,1,1,0.023809523809523808,False
grandeur,1,1,0.023809523809523808,False
granteth,1,1,0.023809523809523808,False
grasshopp,1,1,0.023809523809523808,False
grassi,1,1,0.023809523809523808,False
gratii,1,1,0.023809523809523808,False
gratil,1,1,0.023809523809523808,False
graveless,1,1,0.023809523809523808,False
gravest,1,1,0.023809523809523808,False
graymalkin,1,1,0.023809523809523808,False
greasili,1,1,0.023809523809523808,False
greedili,1,1,0.023809523809523808,False
greener,1,1,0.023809523809523808,False
greenwich,1,1,0.023809523809523808,False
greenwood,1,1,0.023809523809523808,False
greeteth,1,1,0.023809523809523808,False
greybeard,1,1,0.023809523809523808,False
grievest,1,1,0.023809523809523808,False
grievingli,1,1,0.023809523809523808,False
grindston,1,1,0.023809523809523808,False
grip,1,1,0.023809523809523808,False
grissel,1,1,0.023809523809523808,False
grize,1,1,0.023809523809523808,False
gro,1,1,0.023809523809523808,False
groundl,1,1,0.023809523809523808,False
groweth,1,1,0.023809523809523808,False
grubb,1,1,0.023809523809523808,False
gruel,1,1,0.023809523809523808,False
grumblest,1,1,0.023809523809523808,False
grund,1,1,0.023809523809523808,False
guardag,1,1,0.023809523809523808,False
gudgeon,1,1,0.023809523809523808,False
guerra,1,1,0.023809523809523808,False
guessingli,1,1,0.023809523809523808,False
gui,1,1,0.023809523809523808,False
guiana,1,1,0.023809523809523808,False
guichard,1,1,0.023809523809523808,False
guider,1,1,0.023809523809523808,False
guidon,1,1,0.023809523809523808,False
guienn,1,1,0.023809523809523808,False
guild,1,1,0.023809523809523808,False
guiltian,1,1,0.023809523809523808,False
guiltili,1,1,0.023809523809523808,False
guinea,1,1,0.023809523809523808,False
guinov,1,1,0.023809523809523808,False
gurnet,1,1,0.023809523809523808,False
gush,1,1,0.023809523809523808,False
gusti,1,1,0.023809523809523808,False
gutter,1,1,0.023809523809523808,False
guyn,1,1,0.023809523809523808,False
guysor,1,1,0.023809523809523808,False
habitud,1,1,0.023809523809523808,False
hac,1,1,0.023809523809523808,False
haec,1,1,0.023809523809523808,False
haer,1,1,0.023809523809523808,False
hagar,1,1,0.023809523809523808,False
haggerd,1,1,0.023809523809523808,False
haggish,1,1,0.023809523809523808,False
haggl,1,1,0.023809523809523808,False
hakespear,1,1,0.023809523809523808,False
halbert,1,1,0.023809523809523808,False
halfpenc,1,1,0.023809523809523808,False
halfworld,1,1,0.023809523809523808,False
halidom,1,1,0.023809523809523808,False
hallond,1,1,0.023809523809523808,False
hallown,1,1,0.023809523809523808,False
halv,1,1,0.023809523809523808,False
hame,1,1,0.023809523809523808,False
hamper,1,1,0.023809523809523808,False
hamstr,1,1,0.023809523809523808,False
handerch,1,1,0.023809523809523808,False
handi,1,1,0.023809523809523808,False
handlest,1,1,0.023809523809523808,False
handsaw,1,1,0.023809523809523808,False
handwrit,1,1,0.023809523809523808,False
happ,1,1,0.023809523809523808,False
hardiest,1,1,0.023809523809523808,False
harebel,1,1,0.023809523809523808,False
harford,1,1,0.023809523809523808,False
harper,1,1,0.023809523809523808,False
harpier,1,1,0.023809523809523808,False
harshsound,1,1,0.023809523809523808,False
harum,1,1,0.023809523809523808,False
hatchet,1,1,0.023809523809523808,False
hatchment,1,1,0.023809523809523808,False
hatefulli,1,1,0.023809523809523808,False
hatest,1,1,0.023809523809523808,False
hauf,1,1,0.023809523809523808,False
hav,1,1,0.023809523809523808,False
haver,1,1,0.023809523809523808,False
headier,1,1,0.023809523809523808,False
headland,1,1,0.023809523809523808,False
headshak,1,1,0.023809523809523808,False
healeth,1,1,0.023809523809523808,False
healthsom,1,1,0.023809523809523808,False
heapt,1,1,0.023809523809523808,False
heardest,1,1,0.023809523809523808,False
heareth,1,1,0.023809523809523808,False
heartbreak,1,1,0.023809523809523808,False
heartl,1,1,0.023809523809523808,False
heartsick,1,1,0.023809523809523808,False
heartstr,1,1,0.023809523809523808,False
heatest,1,1,0.023809523809523808,False
hebenon,1,1,0.023809523809523808,False
hectic,1,1,0.023809523809523808,False
heedful,1,1,0.023809523809523808,False
heighten,1,1,0.023809523809523808,False
heinous,1,1,0.023809523809523808,False
heirless,1,1,0.023809523809523808,False
helia,1,1,0.023809523809523808,False
helicon,1,1,0.023809523809523808,False
helter,1,1,0.023809523809523808,False
henchman,1,1,0.023809523809523808,False
henricu,1,1,0.023809523809523808,False
herblet,1,1,0.023809523809523808,False
herculean,1,1,0.023809523809523808,False
herdmen,1,1,0.023809523809523808,False
herdsman,1,1,0.023809523809523808,False
heren,1,1,0.023809523809523808,False
hereto,1,1,0.023809523809523808,False
heretofor,1,1,0.023809523809523808,False
hereupon,1,1,0.023809523809523808,False
heriti,1,1,0.023809523809523808,False
herm,1,1,0.023809523809523808,False
hernia,1,1,0.023809523809523808,False
hesperu,1,1,0.023809523809523808,False
heur,1,1,0.023809523809523808,False
heureux,1,1,0.023809523809523808,False
hewgh,1,1,0.023809523809523808,False
hibocr,1,1,0.023809523809523808,False
hick,1,1,0.023809523809523808,False
hideth,1,1,0.023809523809523808,False
hig,1,1,0.023809523809523808,False
highwrought,1,1,0.023809523809523808,False
hilloa,1,1,0.023809523809523808,False
hillock,1,1,0.023809523809523808,False
hinc,1,1,0.023809523809523808,False
hincklei,1,1,0.023809523809523808,False
hinderd,1,1,0.023809523809523808,False
hipparchu,1,1,0.023809523809523808,False
hiren,1,1,0.023809523809523808,False
hirtiu,1,1,0.023809523809523808,False
hisperia,1,1,0.023809523809523808,False
hoari,1,1,0.023809523809523808,False
hobbidid,1,1,0.023809523809523808,False
hobnail,1,1,0.023809523809523808,False
hodg,1,1,0.023809523809523808,False
hois,1,1,0.023809523809523808,False
holborn,1,1,0.023809523809523808,False
holden,1,1,0.023809523809523808,False
holiest,1,1,0.023809523809523808,False
hollo,1,1,0.023809523809523808,False
homili,1,1,0.023809523809523808,False
hominem,1,1,0.023809523809523808,False
homm,1,1,0.023809523809523808,False
homo,1,1,0.023809523809523808,False
honestest,1,1,0.023809523809523808,False
honeycomb,1,1,0.023809523809523808,False
honeyless,1,1,0.023809523809523808,False
honi,1,1,0.023809523809523808,False
honorato,1,1,0.023809523809523808,False
honorificabilitudinitatibu,1,1,0.023809523809523808,False
honourest,1,1,0.023809523809523808,False
hopdanc,1,1,0.023809523809523808,False
horizon,1,1,0.023809523809523808,False
hornbook,1,1,0.023809523809523808,False
horolog,1,1,0.023809523809523808,False
hortensia,1,1,0.023809523809523808,False
hove,1,1,0.023809523809523808,False
howsom,1,1,0.023809523809523808,False
hox,1,1,0.023809523809523808,False
hoydai,1,1,0.023809523809523808,False
hugger,1,1,0.023809523809523808,False
huju,1,1,0.023809523809523808,False
humphri,1,1,0.023809523809523808,False
hundredth,1,1,0.023809523809523808,False
hungarian,1,1,0.023809523809523808,False
hunteth,1,1,0.023809523809523808,False
huntingdon,1,1,0.023809523809523808,False
huntress,1,1,0.023809523809523808,False
hurdl,1,1,0.023809523809523808,False
hurtless,1,1,0.023809523809523808,False
husbandless,1,1,0.023809523809523808,False
husewif,1,1,0.023809523809523808,False
huswiv,1,1,0.023809523809523808,False
hutch,1,1,0.023809523809523808,False
hyen,1,1,0.023809523809523808,False
hymenaeu,1,1,0.023809523809523808,False
hyrcan,1,1,0.023809523809523808,False
hyrcania,1,1,0.023809523809523808,False
hyssop,1,1,0.023809523809523808,False
hysterica,1,1,0.023809523809523808,False
idem,1,1,0.023809523809523808,False
idolatr,1,1,0.023809523809523808,False
igni,1,1,0.023809523809523808,False
ilbow,1,1,0.023809523809523808,False
illiam,1,1,0.023809523809523808,False
illum,1,1,0.023809523809523808,False
illumineth,1,1,0.023809523809523808,False
illyrian,1,1,0.023809523809523808,False
imageri,1,1,0.023809523809523808,False
imbar,1,1,0.023809523809523808,False
imbecil,1,1,0.023809523809523808,False
imitari,1,1,0.023809523809523808,False
imman,1,1,0.023809523809523808,False
immask,1,1,0.023809523809523808,False
immateri,1,1,0.023809523809523808,False
immediaci,1,1,0.023809523809523808,False
immodestli,1,1,0.023809523809523808,False
immoment,1,1,0.023809523809523808,False
immun,1,1,0.023809523809523808,False
impaint,1,1,0.023809523809523808,False
impannel,1,1,0.023809523809523808,False
imparteth,1,1,0.023809523809523808,False
impast,1,1,0.023809523809523808,False
imped,1,1,0.023809523809523808,False
impenetr,1,1,0.023809523809523808,False
imper,1,1,0.023809523809523808,False
imperceiver,1,1,0.023809523809523808,False
imperfectli,1,1,0.023809523809523808,False
impetico,1,1,0.023809523809523808,False
impetuos,1,1,0.023809523809523808,False
implac,1,1,0.023809523809523808,False
impleach,1,1,0.023809523809523808,False
importantli,1,1,0.023809523809523808,False
importless,1,1,0.023809523809523808,False
impost,1,1,0.023809523809523808,False
impound,1,1,0.023809523809523808,False
impres,1,1,0.023809523809523808,False
impressest,1,1,0.023809523809523808,False
imprimendum,1,1,0.023809523809523808,False
improb,1,1,0.023809523809523808,False
improp,1,1,0.023809523809523808,False
improv,1,1,0.023809523809523808,False
impudiqu,1,1,0.023809523809523808,False
inaid,1,1,0.023809523809523808,False
inaud,1,1,0.023809523809523808,False
inauspici,1,1,0.023809523809523808,False
incant,1,1,0.023809523809523808,False
incardin,1,1,0.023809523809523808,False
incarnadin,1,1,0.023809523809523808,False
incessantli,1,1,0.023809523809523808,False
incharit,1,1,0.023809523809523808,False
inclinest,1,1,0.023809523809523808,False
inclip,1,1,0.023809523809523808,False
incom,1,1,0.023809523809523808,False
incomprehens,1,1,0.023809523809523808,False
incorps,1,1,0.023809523809523808,False
incorrect,1,1,0.023809523809523808,False
incred,1,1,0.023809523809523808,False
indig,1,1,0.023809523809523808,False
indispo,1,1,0.023809523809523808,False
indispos,1,1,0.023809523809523808,False
indissolubl,1,1,0.023809523809523808,False
indistinguish,1,1,0.023809523809523808,False
individ,1,1,0.023809523809523808,False
indrench,1,1,0.023809523809523808,False
indubit,1,1,0.023809523809523808,False
indur,1,1,0.023809523809523808,False
inequ,1,1,0.023809523809523808,False
inexecr,1,1,0.023809523809523808,False
inexplic,1,1,0.023809523809523808,False
infamon,1,1,0.023809523809523808,False
inferreth,1,1,0.023809523809523808,False
infest,1,1,0.023809523809523808,False
inflamm,1,1,0.023809523809523808,False
ingen,1,1,0.023809523809523808,False
ingenu,1,1,0.023809523809523808,False
inglori,1,1,0.023809523809523808,False
ingot,1,1,0.023809523809523808,False
ingross,1,1,0.023809523809523808,False
inher,1,1,0.023809523809523808,False
inheritrix,1,1,0.023809523809523808,False
inhoop,1,1,0.023809523809523808,False
inhospit,1,1,0.023809523809523808,False
initi,1,1,0.023809523809523808,False
injoint,1,1,0.023809523809523808,False
inlai,1,1,0.023809523809523808,False
inlaid,1,1,0.023809523809523808,False
innat,1,1,0.023809523809523808,False
innkeep,1,1,0.023809523809523808,False
innumer,1,1,0.023809523809523808,False
inocul,1,1,0.023809523809523808,False
inroad,1,1,0.023809523809523808,False
insan,1,1,0.023809523809523808,False
insani,1,1,0.023809523809523808,False
inscrib,1,1,0.023809523809523808,False
inscrol,1,1,0.023809523809523808,False
inscrut,1,1,0.023809523809523808,False
insculp,1,1,0.023809523809523808,False
insculptur,1,1,0.023809523809523808,False
inset,1,1,0.023809523809523808,False
inshel,1,1,0.023809523809523808,False
inshipp,1,1,0.023809523809523808,False
insinew,1,1,0.023809523809523808,False
insinuateth,1,1,0.023809523809523808,False
insistur,1,1,0.023809523809523808,False
insomuch,1,1,0.023809523809523808,False
instat,1,1,0.023809523809523808,False
insteep,1,1,0.023809523809523808,False
insubstanti,1,1,0.023809523809523808,False
insuppress,1,1,0.023809523809523808,False
integ,1,1,0.023809523809523808,False
integrita,1,1,0.023809523809523808,False
intelligi,1,1,0.023809523809523808,False
intelligo,1,1,0.023809523809523808,False
inten,1,1,0.023809523809523808,False
intendeth,1,1,0.023809523809523808,False
intercessor,1,1,0.023809523809523808,False
interchain,1,1,0.023809523809523808,False
interdict,1,1,0.023809523809523808,False
interess,1,1,0.023809523809523808,False
interject,1,1,0.023809523809523808,False
interjoin,1,1,0.023809523809523808,False
intermit,1,1,0.023809523809523808,False
interpet,1,1,0.023809523809523808,False
interrogatori,1,1,0.023809523809523808,False
intertissu,1,1,0.023809523809523808,False
intervallum,1,1,0.023809523809523808,False
intest,1,1,0.023809523809523808,False
intil,1,1,0.023809523809523808,False
intitl,1,1,0.023809523809523808,False
intox,1,1,0.023809523809523808,False
intreasur,1,1,0.023809523809523808,False
intric,1,1,0.023809523809523808,False
inurn,1,1,0.023809523809523808,False
inveigh,1,1,0.023809523809523808,False
inveigl,1,1,0.023809523809523808,False
inviti,1,1,0.023809523809523808,False
io,1,1,0.023809523809523808,False
ionia,1,1,0.023809523809523808,False
ionian,1,1,0.023809523809523808,False
irishmen,1,1,0.023809523809523808,False
irreconcil,1,1,0.023809523809523808,False
irrecover,1,1,0.023809523809523808,False
irrefrag,1,1,0.023809523809523808,False
irregul,1,1,0.023809523809523808,False
irremov,1,1,0.023809523809523808,False
irrepar,1,1,0.023809523809523808,False
irresolut,1,1,0.023809523809523808,False
iscariot,1,1,0.023809523809523808,False
israel,1,1,0.023809523809523808,False
ista,1,1,0.023809523809523808,False
ition,1,1,0.023809523809523808,False
jacet,1,1,0.023809523809523808,False
jackanap,1,1,0.023809523809523808,False
jacksauc,1,1,0.023809523809523808,False
jaculi,1,1,0.023809523809523808,False
jake,1,1,0.023809523809523808,False
jamani,1,1,0.023809523809523808,False
japhet,1,1,0.023809523809523808,False
javelin,1,1,0.023809523809523808,False
jealosi,1,1,0.023809523809523808,False
jennet,1,1,0.023809523809523808,False
jenni,1,1,0.023809523809523808,False
jeopardi,1,1,0.023809523809523808,False
jer,1,1,0.023809523809523808,False
jerk,1,1,0.023809523809523808,False
jeronimi,1,1,0.023809523809523808,False
jeshu,1,1,0.023809523809523808,False
jess,1,1,0.023809523809523808,False
jewess,1,1,0.023809523809523808,False
jezebel,1,1,0.023809523809523808,False
jingl,1,1,0.023809523809523808,False
jockei,1,1,0.023809523809523808,False
joinder,1,1,0.023809523809523808,False
joineth,1,1,0.023809523809523808,False
jointress,1,1,0.023809523809523808,False
jole,1,1,0.023809523809523808,False
jolt,1,1,0.023809523809523808,False
jolthead,1,1,0.023809523809523808,False
joshua,1,1,0.023809523809523808,False
jounc,1,1,0.023809523809523808,False
journeyman,1,1,0.023809523809523808,False
journeymen,1,1,0.023809523809523808,False
jovem,1,1,0.023809523809523808,False
jud,1,1,0.023809523809523808,False
judas,1,1,0.023809523809523808,False
julio,1,1,0.023809523809523808,False
julla,1,1,0.023809523809523808,False
jumpeth,1,1,0.023809523809523808,False
junior,1,1,0.023809523809523808,False
junket,1,1,0.023809523809523808,False
jure,1,1,0.023809523809523808,False
jurement,1,1,0.023809523809523808,False
justeiu,1,1,0.023809523809523808,False
justest,1,1,0.023809523809523808,False
justif,1,1,0.023809523809523808,False
jut,1,1,0.023809523809523808,False
kam,1,1,0.023809523809523808,False
kecksi,1,1,0.023809523809523808,False
keepdown,1,1,0.023809523809523808,False
keisar,1,1,0.023809523809523808,False
kenilworth,1,1,0.023809523809523808,False
kentishman,1,1,0.023809523809523808,False
kentishmen,1,1,0.023809523809523808,False
kere,1,1,0.023809523809523808,False
ketli,1,1,0.023809523809523808,False
kicki,1,1,0.023809523809523808,False
kickshaw,1,1,0.023809523809523808,False
kickshaws,1,1,0.023809523809523808,False
kid,1,1,0.023809523809523808,False
kildar,1,1,0.023809523809523808,False
killen,1,1,0.023809523809523808,False
killest,1,1,0.023809523809523808,False
killeth,1,1,0.023809523809523808,False
kindless,1,1,0.023809523809523808,False
kindlier,1,1,0.023809523809523808,False
kn,1,1,0.023809523809523808,False
knewest,1,1,0.023809523809523808,False
knitter,1,1,0.023809523809523808,False
knitteth,1,1,0.023809523809523808,False
kno,1,1,0.023809523809523808,False
knob,1,1,0.023809523809523808,False
knowst,1,1,0.023809523809523808,False
labeo,1,1,0.023809523809523808,False
labienu,1,1,0.023809523809523808,False
labra,1,1,0.023809523809523808,False
laci,1,1,0.023809523809523808,False
lackbeard,1,1,0.023809523809523808,False
ladybird,1,1,0.023809523809523808,False
lambert,1,1,0.023809523809523808,False
lamond,1,1,0.023809523809523808,False
lampass,1,1,0.023809523809523808,False
lanceth,1,1,0.023809523809523808,False
landless,1,1,0.023809523809523808,False
landmen,1,1,0.023809523809523808,False
langag,1,1,0.023809523809523808,False
langton,1,1,0.023809523809523808,False
langu,1,1,0.023809523809523808,False
languisheth,1,1,0.023809523809523808,False
languor,1,1,0.023809523809523808,False
lapland,1,1,0.023809523809523808,False
laquai,1,1,0.023809523809523808,False
larder,1,1,0.023809523809523808,False
largest,1,1,0.023809523809523808,False
larron,1,1,0.023809523809523808,False
latten,1,1,0.023809523809523808,False
lau,1,1,0.023809523809523808,False
laudi,1,1,0.023809523809523808,False
laughabl,1,1,0.023809523809523808,False
laughest,1,1,0.023809523809523808,False
launch,1,1,0.023809523809523808,False
launder,1,1,0.023809523809523808,False
laundri,1,1,0.023809523809523808,False
laura,1,1,0.023809523809523808,False
lavach,1,1,0.023809523809523808,False
lavend,1,1,0.023809523809523808,False
lavishli,1,1,0.023809523809523808,False
lavolt,1,1,0.023809523809523808,False
lavolta,1,1,0.023809523809523808,False
lawlessli,1,1,0.023809523809523808,False
lawrenc,1,1,0.023809523809523808,False
layer,1,1,0.023809523809523808,False
layest,1,1,0.023809523809523808,False
lazaru,1,1,0.023809523809523808,False
leaguer,1,1,0.023809523809523808,False
leah,1,1,0.023809523809523808,False
leaner,1,1,0.023809523809523808,False
leaver,1,1,0.023809523809523808,False
leavest,1,1,0.023809523809523808,False
leavetak,1,1,0.023809523809523808,False
lecon,1,1,0.023809523809523808,False
lees,1,1,0.023809523809523808,False
legatin,1,1,0.023809523809523808,False
leger,1,1,0.023809523809523808,False
leicestershir,1,1,0.023809523809523808,False
leiger,1,1,0.023809523809523808,False
lemon,1,1,0.023809523809523808,False
lendeth,1,1,0.023809523809523808,False
leonitu,1,1,0.023809523809523808,False
lequel,1,1,0.023809523809523808,False
lettuc,1,1,0.023809523809523808,False
leur,1,1,0.023809523809523808,False
leve,1,1,0.023809523809523808,False
lever,1,1,0.023809523809523808,False
lewdster,1,1,0.023809523809523808,False
libbard,1,1,0.023809523809523808,False
libert,1,1,0.023809523809523808,False
licens,1,1,0.023809523809523808,False
licker,1,1,0.023809523809523808,False
lictor,1,1,0.023809523809523808,False
liegeman,1,1,0.023809523809523808,False
lieger,1,1,0.023809523809523808,False
lifel,1,1,0.023809523809523808,False
lifter,1,1,0.023809523809523808,False
lifteth,1,1,0.023809523809523808,False
lig,1,1,0.023809523809523808,False
liggen,1,1,0.023809523809523808,False
lighteth,1,1,0.023809523809523808,False
lii,1,1,0.023809523809523808,False
liii,1,1,0.023809523809523808,False
likedst,1,1,0.023809523809523808,False
likeliest,1,1,0.023809523809523808,False
liken,1,1,0.023809523809523808,False
limand,1,1,0.023809523809523808,False
limber,1,1,0.023809523809523808,False
limehous,1,1,0.023809523809523808,False
limekiln,1,1,0.023809523809523808,False
lincolnshir,1,1,0.023809523809523808,False
lingar,1,1,0.023809523809523808,False
linsei,1,1,0.023809523809523808,False
lint,1,1,0.023809523809523808,False
linta,1,1,0.023809523809523808,False
lipsburi,1,1,0.023809523809523808,False
liquorish,1,1,0.023809523809523808,False
lisbon,1,1,0.023809523809523808,False
listeth,1,1,0.023809523809523808,False
literatur,1,1,0.023809523809523808,False
lither,1,1,0.023809523809523808,False
litigi,1,1,0.023809523809523808,False
littlest,1,1,0.023809523809523808,False
liv,1,1,0.023809523809523808,False
livedst,1,1,0.023809523809523808,False
liveli,1,1,0.023809523809523808,False
lix,1,1,0.023809523809523808,False
loa,1,1,0.023809523809523808,False
loach,1,1,0.023809523809523808,False
loaf,1,1,0.023809523809523808,False
loather,1,1,0.023809523809523808,False
loathsomest,1,1,0.023809523809523808,False
loav,1,1,0.023809523809523808,False
lockram,1,1,0.023809523809523808,False
locust,1,1,0.023809523809523808,False
loggat,1,1,0.023809523809523808,False
lombardi,1,1,0.023809523809523808,False
longboat,1,1,0.023809523809523808,False
longli,1,1,0.023809523809523808,False
loof,1,1,0.023809523809523808,False
looketh,1,1,0.023809523809523808,False
loon,1,1,0.023809523809523808,False
loosen,1,1,0.023809523809523808,False
loquitur,1,1,0.023809523809523808,False
lorn,1,1,0.023809523809523808,False
lorum,1,1,0.023809523809523808,False
loudest,1,1,0.023809523809523808,False
loudli,1,1,0.023809523809523808,False
loureth,1,1,0.023809523809523808,False
lowt,1,1,0.023809523809523808,False
lozel,1,1,0.023809523809523808,False
lubberli,1,1,0.023809523809523808,False
luccico,1,1,0.023809523809523808,False
luckier,1,1,0.023809523809523808,False
luckiest,1,1,0.023809523809523808,False
luckili,1,1,0.023809523809523808,False
lugg,1,1,0.023809523809523808,False
lumbert,1,1,0.023809523809523808,False
lumpish,1,1,0.023809523809523808,False
luna,1,1,0.023809523809523808,False
lurketh,1,1,0.023809523809523808,False
lush,1,1,0.023809523809523808,False
lustiest,1,1,0.023809523809523808,False
lustig,1,1,0.023809523809523808,False
lutheran,1,1,0.023809523809523808,False
lux,1,1,0.023809523809523808,False
lv,1,1,0.023809523809523808,False
lvi,1,1,0.023809523809523808,False
lvii,1,1,0.023809523809523808,False
lviii,1,1,0.023809523809523808,False
lx,1,1,0.023809523809523808,False
lxi,1,1,0.023809523809523808,False
lxii,1,1,0.023809523809523808,False
lxiii,1,1,0.023809523809523808,False
lxiv,1,1,0.023809523809523808,False
lxix,1,1,0.023809523809523808,False
lxv,1,1,0.023809523809523808,False
lxvi,1,1,0.023809523809523808,False
lxvii,1,1,0.023809523809523808,False
lxviii,1,1,0.023809523809523808,False
lxx,1,1,0.023809523809523808,False
lxxi,1,1,0.023809523809523808,False
lxxii,1,1,0.023809523809523808,False
lxxiii,1,1,0.023809523809523808,False
lxxiv,1,1,0.023809523809523808,False
lxxix,1,1,0.023809523809523808,False
lxxv,1,1,0.023809523809523808,False
lxxvi,1,1,0.023809523809523808,False
lxxvii,1,1,0.023809523809523808,False
lxxviii,1,1,0.023809523809523808,False
lxxx,1,1,0.023809523809523808,False
lxxxi,1,1,0.023809523809523808,False
lxxxii,1,1,0.023809523809523808,False
lxxxiii,1,1,0.023809523809523808,False
lxxxiv,1,1,0.023809523809523808,False
lxxxix,1,1,0.023809523809523808,False
lxxxv,1,1,0.023809523809523808,False
lxxxvi,1,1,0.023809523809523808,False
lxxxvii,1,1,0.023809523809523808,False
lxxxviii,1,1,0.023809523809523808,False
lycaonia,1,1,0.023809523809523808,False
lycurgus,1,1,0.023809523809523808,False
lym,1,1,0.023809523809523808,False
lymog,1,1,0.023809523809523808,False
lynn,1,1,0.023809523809523808,False
lyra,1,1,0.023809523809523808,False
macdonwald,1,1,0.023809523809523808,False
mackerel,1,1,0.023809523809523808,False
madeira,1,1,0.023809523809523808,False
madst,1,1,0.023809523809523808,False
magni,1,1,0.023809523809523808,False
magnifiest,1,1,0.023809523809523808,False
magnu,1,1,0.023809523809523808,False
magot,1,1,0.023809523809523808,False
mahomet,1,1,0.023809523809523808,False
maidenliest,1,1,0.023809523809523808,False
maison,1,1,0.023809523809523808,False
majesta,1,1,0.023809523809523808,False
majeste,1,1,0.023809523809523808,False
makeless,1,1,0.023809523809523808,False
mal,1,1,0.023809523809523808,False
mala,1,1,0.023809523809523808,False
malchu,1,1,0.023809523809523808,False
maledict,1,1,0.023809523809523808,False
malefact,1,1,0.023809523809523808,False
malignantli,1,1,0.023809523809523808,False
mallard,1,1,0.023809523809523808,False
malleabl,1,1,0.023809523809523808,False
mallecho,1,1,0.023809523809523808,False
mallet,1,1,0.023809523809523808,False
mallow,1,1,0.023809523809523808,False
mammer,1,1,0.023809523809523808,False
mammock,1,1,0.023809523809523808,False
manger,1,1,0.023809523809523808,False
mangi,1,1,0.023809523809523808,False
manifoldli,1,1,0.023809523809523808,False
manikin,1,1,0.023809523809523808,False
manka,1,1,0.023809523809523808,False
manna,1,1,0.023809523809523808,False
manningtre,1,1,0.023809523809523808,False
mansionri,1,1,0.023809523809523808,False
manslaught,1,1,0.023809523809523808,False
manu,1,1,0.023809523809523808,False
mapperi,1,1,0.023809523809523808,False
marchpan,1,1,0.023809523809523808,False
marcian,1,1,0.023809523809523808,False
marg,1,1,0.023809523809523808,False
maritim,1,1,0.023809523809523808,False
marketh,1,1,0.023809523809523808,False
marketplac,1,1,0.023809523809523808,False
marmoset,1,1,0.023809523809523808,False
marrowless,1,1,0.023809523809523808,False
marsh,1,1,0.023809523809523808,False
marshalsea,1,1,0.023809523809523808,False
marshalship,1,1,0.023809523809523808,False
martem,1,1,0.023809523809523808,False
martin,1,1,0.023809523809523808,False
martino,1,1,0.023809523809523808,False
martlema,1,1,0.023809523809523808,False
masterdom,1,1,0.023809523809523808,False
masterpiec,1,1,0.023809523809523808,False
mastic,1,1,0.023809523809523808,False
matcheth,1,1,0.023809523809523808,False
matin,1,1,0.023809523809523808,False
mattress,1,1,0.023809523809523808,False
maud,1,1,0.023809523809523808,False
maudlin,1,1,0.023809523809523808,False
maund,1,1,0.023809523809523808,False
mauri,1,1,0.023809523809523808,False
mauritania,1,1,0.023809523809523808,False
mauvai,1,1,0.023809523809523808,False
maxim,1,1,0.023809523809523808,False
maypol,1,1,0.023809523809523808,False
meacock,1,1,0.023809523809523808,False
meager,1,1,0.023809523809523808,False
meali,1,1,0.023809523809523808,False
meander,1,1,0.023809523809523808,False
meaneth,1,1,0.023809523809523808,False
measl,1,1,0.023809523809523808,False
med,1,1,0.023809523809523808,False
medal,1,1,0.023809523809523808,False
mede,1,1,0.023809523809523808,False
medic,1,1,0.023809523809523808,False
mediterranean,1,1,0.023809523809523808,False
mediterraneum,1,1,0.023809523809523808,False
medler,1,1,0.023809523809523808,False
meekli,1,1,0.023809523809523808,False
meer,1,1,0.023809523809523808,False
meetli,1,1,0.023809523809523808,False
mehercl,1,1,0.023809523809523808,False
meilleur,1,1,0.023809523809523808,False
meini,1,1,0.023809523809523808,False
meisen,1,1,0.023809523809523808,False
melford,1,1,0.023809523809523808,False
meliu,1,1,0.023809523809523808,False
melliflu,1,1,0.023809523809523808,False
memento,1,1,0.023809523809523808,False
memorandum,1,1,0.023809523809523808,False
memphi,1,1,0.023809523809523808,False
menaphon,1,1,0.023809523809523808,False
menon,1,1,0.023809523809523808,False
menti,1,1,0.023809523809523808,False
mephostophilu,1,1,0.023809523809523808,False
mercatant,1,1,0.023809523809523808,False
mercatio,1,1,0.023809523809523808,False
mercer,1,1,0.023809523809523808,False
merchand,1,1,0.023809523809523808,False
mercifulli,1,1,0.023809523809523808,False
merest,1,1,0.023809523809523808,False
meridian,1,1,0.023809523809523808,False
merop,1,1,0.023809523809523808,False
merriman,1,1,0.023809523809523808,False
mervail,1,1,0.023809523809523808,False
mesopotamia,1,1,0.023809523809523808,False
metropoli,1,1,0.023809523809523808,False
mett,1,1,0.023809523809523808,False
mettest,1,1,0.023809523809523808,False
meu,1,1,0.023809523809523808,False
mewl,1,1,0.023809523809523808,False
mich,1,1,0.023809523809523808,False
micher,1,1,0.023809523809523808,False
microcosm,1,1,0.023809523809523808,False
mida,1,1,0.023809523809523808,False
middai,1,1,0.023809523809523808,False
middest,1,1,0.023809523809523808,False
middleham,1,1,0.023809523809523808,False
midriff,1,1,0.023809523809523808,False
midwiv,1,1,0.023809523809523808,False
mienn,1,1,0.023809523809523808,False
militarist,1,1,0.023809523809523808,False
milksop,1,1,0.023809523809523808,False
milo,1,1,0.023809523809523808,False
minikin,1,1,0.023809523809523808,False
minimo,1,1,0.023809523809523808,False
minimu,1,1,0.023809523809523808,False
ministr,1,1,0.023809523809523808,False
ministret,1,1,0.023809523809523808,False
mino,1,1,0.023809523809523808,False
minotaur,1,1,0.023809523809523808,False
mio,1,1,0.023809523809523808,False
mirabl,1,1,0.023809523809523808,False
miretur,1,1,0.023809523809523808,False
misanthropo,1,1,0.023809523809523808,False
misappli,1,1,0.023809523809523808,False
misbecam,1,1,0.023809523809523808,False
misbegot,1,1,0.023809523809523808,False
misbehav,1,1,0.023809523809523808,False
misconceiv,1,1,0.023809523809523808,False
miscreat,1,1,0.023809523809523808,False
misdemean,1,1,0.023809523809523808,False
misdemeanor,1,1,0.023809523809523808,False
misdoubteth,1,1,0.023809523809523808,False
misericord,1,1,0.023809523809523808,False
misgraf,1,1,0.023809523809523808,False
misguid,1,1,0.023809523809523808,False
misheard,1,1,0.023809523809523808,False
misord,1,1,0.023809523809523808,False
misprison,1,1,0.023809523809523808,False
mispriz,1,1,0.023809523809523808,False
misproud,1,1,0.023809523809523808,False
misquot,1,1,0.023809523809523808,False
misreport,1,1,0.023809523809523808,False
misshapen,1,1,0.023809523809523808,False
missingli,1,1,0.023809523809523808,False
mission,1,1,0.023809523809523808,False
misspok,1,1,0.023809523809523808,False
mistaketh,1,1,0.023809523809523808,False
mistership,1,1,0.023809523809523808,False
misthink,1,1,0.023809523809523808,False
misthought,1,1,0.023809523809523808,False
mistleto,1,1,0.023809523809523808,False
mistr,1,1,0.023809523809523808,False
mistread,1,1,0.023809523809523808,False
misusest,1,1,0.023809523809523808,False
mithrid,1,1,0.023809523809523808,False
mockabl,1,1,0.023809523809523808,False
mockwat,1,1,0.023809523809523808,False
mode,1,1,0.023809523809523808,False
modena,1,1,0.023809523809523808,False
modicum,1,1,0.023809523809523808,False
mollif,1,1,0.023809523809523808,False
molto,1,1,0.023809523809523808,False
mome,1,1,0.023809523809523808,False
momentani,1,1,0.023809523809523808,False
monarcho,1,1,0.023809523809523808,False
monast,1,1,0.023809523809523808,False
monopoli,1,1,0.023809523809523808,False
monstruos,1,1,0.023809523809523808,False
montacut,1,1,0.023809523809523808,False
montant,1,1,0.023809523809523808,False
montez,1,1,0.023809523809523808,False
montferrat,1,1,0.023809523809523808,False
moonbeam,1,1,0.023809523809523808,False
moonish,1,1,0.023809523809523808,False
moorfield,1,1,0.023809523809523808,False
moorship,1,1,0.023809523809523808,False
moreo,1,1,0.023809523809523808,False
mori,1,1,0.023809523809523808,False
morisco,1,1,0.023809523809523808,False
morr,1,1,0.023809523809523808,False
mortgag,1,1,0.023809523809523808,False
mose,1,1,0.023809523809523808,False
mothi,1,1,0.023809523809523808,False
motionless,1,1,0.023809523809523808,False
mought,1,1,0.023809523809523808,False
mouldeth,1,1,0.023809523809523808,False
mouldwarp,1,1,0.023809523809523808,False
moult,1,1,0.023809523809523808,False
mounseur,1,1,0.023809523809523808,False
mountant,1,1,0.023809523809523808,False
mountanto,1,1,0.023809523809523808,False
mounteth,1,1,0.023809523809523808,False
mournest,1,1,0.023809523809523808,False
mournfulli,1,1,0.023809523809523808,False
mourningli,1,1,0.023809523809523808,False
movabl,1,1,0.023809523809523808,False
moveth,1,1,0.023809523809523808,False
movingli,1,1,0.023809523809523808,False
movousu,1,1,0.023809523809523808,False
mower,1,1,0.023809523809523808,False
moys,1,1,0.023809523809523808,False
muck,1,1,0.023809523809523808,False
mug,1,1,0.023809523809523808,False
mugger,1,1,0.023809523809523808,False
muli,1,1,0.023809523809523808,False
mull,1,1,0.023809523809523808,False
multipot,1,1,0.023809523809523808,False
mummer,1,1,0.023809523809523808,False
mun,1,1,0.023809523809523808,False
mundan,1,1,0.023809523809523808,False
muniment,1,1,0.023809523809523808,False
mural,1,1,0.023809523809523808,False
mure,1,1,0.023809523809523808,False
murk,1,1,0.023809523809523808,False
murki,1,1,0.023809523809523808,False
murkiest,1,1,0.023809523809523808,False
murrai,1,1,0.023809523809523808,False
murrion,1,1,0.023809523809523808,False
murther,1,1,0.023809523809523808,False
muscadel,1,1,0.023809523809523808,False
muscl,1,1,0.023809523809523808,False
muscovi,1,1,0.023809523809523808,False
muset,1,1,0.023809523809523808,False
mushroom,1,1,0.023809523809523808,False
musko,1,1,0.023809523809523808,False
muss,1,1,0.023809523809523808,False
mussel,1,1,0.023809523809523808,False
mutest,1,1,0.023809523809523808,False
naiad,1,1,0.023809523809523808,False
namest,1,1,0.023809523809523808,False
napless,1,1,0.023809523809523808,False
narin,1,1,0.023809523809523808,False
nate,1,1,0.023809523809523808,False
natif,1,1,0.023809523809523808,False
naughtili,1,1,0.023809523809523808,False
navel,1,1,0.023809523809523808,False
navig,1,1,0.023809523809523808,False
nayward,1,1,0.023809523809523808,False
nayword,1,1,0.023809523809523808,False
nazarit,1,1,0.023809523809523808,False
nd,1,1,0.023809523809523808,False
neatli,1,1,0.023809523809523808,False
neb,1,1,0.023809523809523808,False
nebor,1,1,0.023809523809523808,False
nebuchadnezzar,1,1,0.023809523809523808,False
nec,1,1,0.023809523809523808,False
necessarili,1,1,0.023809523809523808,False
necklac,1,1,0.023809523809523808,False
needer,1,1,0.023809523809523808,False
needest,1,1,0.023809523809523808,False
needeth,1,1,0.023809523809523808,False
needlework,1,1,0.023809523809523808,False
needli,1,1,0.023809523809523808,False
neez,1,1,0.023809523809523808,False
nefa,1,1,0.023809523809523808,False
negat,1,1,0.023809523809523808,False
neglectingli,1,1,0.023809523809523808,False
negro,1,1,0.023809523809523808,False
neighbor,1,1,0.023809523809523808,False
nemesi,1,1,0.023809523809523808,False
neoptolemu,1,1,0.023809523809523808,False
nereid,1,1,0.023809523809523808,False
nervi,1,1,0.023809523809523808,False
nervii,1,1,0.023809523809523808,False
netherland,1,1,0.023809523809523808,False
neuter,1,1,0.023809523809523808,False
newgat,1,1,0.023809523809523808,False
nicand,1,1,0.023809523809523808,False
nicer,1,1,0.023809523809523808,False
niceti,1,1,0.023809523809523808,False
nicknam,1,1,0.023809523809523808,False
nihil,1,1,0.023809523809523808,False
nimbler,1,1,0.023809523809523808,False
ninescor,1,1,0.023809523809523808,False
nineth,1,1,0.023809523809523808,False
nipp,1,1,0.023809523809523808,False
nobi,1,1,0.023809523809523808,False
nobless,1,1,0.023809523809523808,False
noce,1,1,0.023809523809523808,False
noe,1,1,0.023809523809523808,False
noisemak,1,1,0.023809523809523808,False
nole,1,1,0.023809523809523808,False
nomi,1,1,0.023809523809523808,False
nonag,1,1,0.023809523809523808,False
nonsuit,1,1,0.023809523809523808,False
norberi,1,1,0.023809523809523808,False
normal,1,1,0.023809523809523808,False
northamptonshir,1,1,0.023809523809523808,False
northerli,1,1,0.023809523809523808,False
nosegai,1,1,0.023809523809523808,False
noseless,1,1,0.023809523809523808,False
noster,1,1,0.023809523809523808,False
nostra,1,1,0.023809523809523808,False
notch,1,1,0.023809523809523808,False
notedli,1,1,0.023809523809523808,False
notest,1,1,0.023809523809523808,False
noteth,1,1,0.023809523809523808,False
notr,1,1,0.023809523809523808,False
nousl,1,1,0.023809523809523808,False
novel,1,1,0.023809523809523808,False
novi,1,1,0.023809523809523808,False
novum,1,1,0.023809523809523808,False
noyanc,1,1,0.023809523809523808,False
nscienc,1,1,0.023809523809523808,False
nubibu,1,1,0.023809523809523808,False
numa,1,1,0.023809523809523808,False
nuncio,1,1,0.023809523809523808,False
nurser,1,1,0.023809523809523808,False
nursest,1,1,0.023809523809523808,False
nurseth,1,1,0.023809523809523808,False
nursh,1,1,0.023809523809523808,False
nuthook,1,1,0.023809523809523808,False
nutriment,1,1,0.023809523809523808,False
nutshel,1,1,0.023809523809523808,False
nuzzl,1,1,0.023809523809523808,False
oaten,1,1,0.023809523809523808,False
oathabl,1,1,0.023809523809523808,False
ob,1,1,0.023809523809523808,False
obduraci,1,1,0.023809523809523808,False
obeis,1,1,0.023809523809523808,False
obidicut,1,1,0.023809523809523808,False
observingli,1,1,0.023809523809523808,False
obsqu,1,1,0.023809523809523808,False
occident,1,1,0.023809523809523808,False
occult,1,1,0.023809523809523808,False
occupat,1,1,0.023809523809523808,False
ocular,1,1,0.023809523809523808,False
oddest,1,1,0.023809523809523808,False
oe,1,1,0.023809523809523808,False
oeuvr,1,1,0.023809523809523808,False
offenceless,1,1,0.023809523809523808,False
offendendo,1,1,0.023809523809523808,False
offendeth,1,1,0.023809523809523808,False
offendress,1,1,0.023809523809523808,False
offenseless,1,1,0.023809523809523808,False
oldcastl,1,1,0.023809523809523808,False
olden,1,1,0.023809523809523808,False
omen,1,1,0.023809523809523808,False
omiss,1,1,0.023809523809523808,False
oney,1,1,0.023809523809523808,False
oozi,1,1,0.023809523809523808,False
opposeless,1,1,0.023809523809523808,False
oppresseth,1,1,0.023809523809523808,False
opprest,1,1,0.023809523809523808,False
opprobri,1,1,0.023809523809523808,False
oppugn,1,1,0.023809523809523808,False
ord,1,1,0.023809523809523808,False
orderless,1,1,0.023809523809523808,False
ordur,1,1,0.023809523809523808,False
orgul,1,1,0.023809523809523808,False
orifex,1,1,0.023809523809523808,False
orod,1,1,0.023809523809523808,False
oscorbidulcho,1,1,0.023809523809523808,False
osprei,1,1,0.023809523809523808,False
ossa,1,1,0.023809523809523808,False
ostentar,1,1,0.023809523809523808,False
ostrich,1,1,0.023809523809523808,False
ot,1,1,0.023809523809523808,False
otecak,1,1,0.023809523809523808,False
otherg,1,1,0.023809523809523808,False
otherwhil,1,1,0.023809523809523808,False
ottoman,1,1,0.023809523809523808,False
ouch,1,1,0.023809523809523808,False
oughtest,1,1,0.023809523809523808,False
ourag,1,1,0.023809523809523808,False
outbid,1,1,0.023809523809523808,False
outbreak,1,1,0.023809523809523808,False
outdon,1,1,0.023809523809523808,False
outfli,1,1,0.023809523809523808,False
outgrown,1,1,0.023809523809523808,False
outlawri,1,1,0.023809523809523808,False
outlook,1,1,0.023809523809523808,False
outlustr,1,1,0.023809523809523808,False
outpriz,1,1,0.023809523809523808,False
outran,1,1,0.023809523809523808,False
outroar,1,1,0.023809523809523808,False
outrunnest,1,1,0.023809523809523808,False
outscold,1,1,0.023809523809523808,False
outsport,1,1,0.023809523809523808,False
outstai,1,1,0.023809523809523808,False
outstood,1,1,0.023809523809523808,False
outstrik,1,1,0.023809523809523808,False
outstripp,1,1,0.023809523809523808,False
outswel,1,1,0.023809523809523808,False
outvenom,1,1,0.023809523809523808,False
outwent,1,1,0.023809523809523808,False
outwor,1,1,0.023809523809523808,False
outwork,1,1,0.023809523809523808,False
outworth,1,1,0.023809523809523808,False
overbold,1,1,0.023809523809523808,False
overbui,1,1,0.023809523809523808,False
overbulk,1,1,0.023809523809523808,False
overcast,1,1,0.023809523809523808,False
overfar,1,1,0.023809523809523808,False
overflown,1,1,0.023809523809523808,False
overfond,1,1,0.023809523809523808,False
overgl,1,1,0.023809523809523808,False
overgo,1,1,0.023809523809523808,False
overgorg,1,1,0.023809523809523808,False
overgrown,1,1,0.023809523809523808,False
overhead,1,1,0.023809523809523808,False
overhold,1,1,0.023809523809523808,False
overl,1,1,0.023809523809523808,False
overmast,1,1,0.023809523809523808,False
overmuch,1,1,0.023809523809523808,False
overrul,1,1,0.023809523809523808,False
overrun,1,1,0.023809523809523808,False
overscutch,1,1,0.023809523809523808,False
overse,1,1,0.023809523809523808,False
overseen,1,1,0.023809523809523808,False
overset,1,1,0.023809523809523808,False
overshad,1,1,0.023809523809523808,False
overshoot,1,1,0.023809523809523808,False
oversight,1,1,0.023809523809523808,False
overslipp,1,1,0.023809523809523808,False
overspread,1,1,0.023809523809523808,False
overswear,1,1,0.023809523809523808,False
overt,1,1,0.023809523809523808,False
overtaketh,1,1,0.023809523809523808,False
overtook,1,1,0.023809523809523808,False
overtopp,1,1,0.023809523809523808,False
overwatch,1,1,0.023809523809523808,False
overweigh,1,1,0.023809523809523808,False
ovidiu,1,1,0.023809523809523808,False
owedst,1,1,0.023809523809523808,False
oweth,1,1,0.023809523809523808,False
owi,1,1,0.023809523809523808,False
owlet,1,1,0.023809523809523808,False
ownself,1,1,0.023809523809523808,False
oxfordshir,1,1,0.023809523809523808,False
p,1,1,0.023809523809523808,False
pabbl,1,1,0.023809523809523808,False
pabylon,1,1,0.023809523809523808,False
paction,1,1,0.023809523809523808,False
pad,1,1,0.023809523809523808,False
pageantri,1,1,0.023809523809523808,False
pajock,1,1,0.023809523809523808,False
palabra,1,1,0.023809523809523808,False
palamed,1,1,0.023809523809523808,False
palisado,1,1,0.023809523809523808,False
pallabri,1,1,0.023809523809523808,False
pallet,1,1,0.023809523809523808,False
palliament,1,1,0.023809523809523808,False
palmi,1,1,0.023809523809523808,False
pan,1,1,0.023809523809523808,False
panderli,1,1,0.023809523809523808,False
panel,1,1,0.023809523809523808,False
pannier,1,1,0.023809523809523808,False
pansa,1,1,0.023809523809523808,False
pansi,1,1,0.023809523809523808,False
panteth,1,1,0.023809523809523808,False
pantier,1,1,0.023809523809523808,False
pantingli,1,1,0.023809523809523808,False
pantri,1,1,0.023809523809523808,False
panyn,1,1,0.023809523809523808,False
paphlagonia,1,1,0.023809523809523808,False
papist,1,1,0.023809523809523808,False
parabl,1,1,0.023809523809523808,False
paracelsu,1,1,0.023809523809523808,False
parapet,1,1,0.023809523809523808,False
paraquito,1,1,0.023809523809523808,False
parca,1,1,0.023809523809523808,False
pareil,1,1,0.023809523809523808,False
parel,1,1,0.023809523809523808,False
parfect,1,1,0.023809523809523808,False
parisian,1,1,0.023809523809523808,False
paritor,1,1,0.023809523809523808,False
parler,1,1,0.023809523809523808,False
parlez,1,1,0.023809523809523808,False
parmaceti,1,1,0.023809523809523808,False
parslei,1,1,0.023809523809523808,False
partag,1,1,0.023809523809523808,False
partaken,1,1,0.023809523809523808,False
partest,1,1,0.023809523809523808,False
particularis,1,1,0.023809523809523808,False
passant,1,1,0.023809523809523808,False
passi,1,1,0.023809523809523808,False
passio,1,1,0.023809523809523808,False
passiv,1,1,0.023809523809523808,False
pastern,1,1,0.023809523809523808,False
pastri,1,1,0.023809523809523808,False
patai,1,1,0.023809523809523808,False
patern,1,1,0.023809523809523808,False
patin,1,1,0.023809523809523808,False
patrum,1,1,0.023809523809523808,False
pattl,1,1,0.023809523809523808,False
pauser,1,1,0.023809523809523808,False
pausingli,1,1,0.023809523809523808,False
pauvr,1,1,0.023809523809523808,False
payest,1,1,0.023809523809523808,False
pearli,1,1,0.023809523809523808,False
peasantri,1,1,0.023809523809523808,False
peaten,1,1,0.023809523809523808,False
pecu,1,1,0.023809523809523808,False
ped,1,1,0.023809523809523808,False
pedascul,1,1,0.023809523809523808,False
peepeth,1,1,0.023809523809523808,False
peereth,1,1,0.023809523809523808,False
peesel,1,1,0.023809523809523808,False
peevishli,1,1,0.023809523809523808,False
peiz,1,1,0.023809523809523808,False
pella,1,1,0.023809523809523808,False
pellmel,1,1,0.023809523809523808,False
peloponnesu,1,1,0.023809523809523808,False
pelter,1,1,0.023809523809523808,False
pendragon,1,1,0.023809523809523808,False
pendul,1,1,0.023809523809523808,False
penelop,1,1,0.023809523809523808,False
penitenti,1,1,0.023809523809523808,False
penker,1,1,0.023809523809523808,False
penknif,1,1,0.023809523809523808,False
pennon,1,1,0.023809523809523808,False
penthesilea,1,1,0.023809523809523808,False
penthous,1,1,0.023809523809523808,False
peppercorn,1,1,0.023809523809523808,False
perceivest,1,1,0.023809523809523808,False
perceiveth,1,1,0.023809523809523808,False
percuss,1,1,0.023809523809523808,False
perdona,1,1,0.023809523809523808,False
perdonato,1,1,0.023809523809523808,False
pere,1,1,0.023809523809523808,False
peregrin,1,1,0.023809523809523808,False
peremptorili,1,1,0.023809523809523808,False
periapt,1,1,0.023809523809523808,False
perigenia,1,1,0.023809523809523808,False
perigort,1,1,0.023809523809523808,False
perishen,1,1,0.023809523809523808,False
perishest,1,1,0.023809523809523808,False
perisheth,1,1,0.023809523809523808,False
permafoi,1,1,0.023809523809523808,False
perman,1,1,0.023809523809523808,False
peror,1,1,0.023809523809523808,False
perpendicular,1,1,0.023809523809523808,False
perpendicularli,1,1,0.023809523809523808,False
persecutor,1,1,0.023809523809523808,False
persia,1,1,0.023809523809523808,False
perspicu,1,1,0.023809523809523808,False
perttaunt,1,1,0.023809523809523808,False
peseech,1,1,0.023809523809523808,False
petard,1,1,0.023809523809523808,False
petr,1,1,0.023809523809523808,False
petrarch,1,1,0.023809523809523808,False
petrucio,1,1,0.023809523809523808,False
pettish,1,1,0.023809523809523808,False
pettito,1,1,0.023809523809523808,False
phaeton,1,1,0.023809523809523808,False
phantasma,1,1,0.023809523809523808,False
pharsalia,1,1,0.023809523809523808,False
pheezar,1,1,0.023809523809523808,False
phibbu,1,1,0.023809523809523808,False
philadelpho,1,1,0.023809523809523808,False
philarmonu,1,1,0.023809523809523808,False
philippan,1,1,0.023809523809523808,False
phillida,1,1,0.023809523809523808,False
phillip,1,1,0.023809523809523808,False
phlegmat,1,1,0.023809523809523808,False
phoenicia,1,1,0.023809523809523808,False
phoenician,1,1,0.023809523809523808,False
photinu,1,1,0.023809523809523808,False
phraseless,1,1,0.023809523809523808,False
physiognomi,1,1,0.023809523809523808,False
pibbl,1,1,0.023809523809523808,False
pibl,1,1,0.023809523809523808,False
pickax,1,1,0.023809523809523808,False
pickbon,1,1,0.023809523809523808,False
picklock,1,1,0.023809523809523808,False
pickt,1,1,0.023809523809523808,False
pid,1,1,0.023809523809523808,False
pied,1,1,0.023809523809523808,False
pierceth,1,1,0.023809523809523808,False
pignut,1,1,0.023809523809523808,False
pigrogromitu,1,1,0.023809523809523808,False
pilch,1,1,0.023809523809523808,False
pilchard,1,1,0.023809523809523808,False
pimpernel,1,1,0.023809523809523808,False
pineth,1,1,0.023809523809523808,False
pinn,1,1,0.023809523809523808,False
pins,1,1,0.023809523809523808,False
pion,1,1,0.023809523809523808,False
pioneer,1,1,0.023809523809523808,False
pip,1,1,0.023809523809523808,False
pismir,1,1,0.023809523809523808,False
pitfal,1,1,0.023809523809523808,False
pithi,1,1,0.023809523809523808,False
pithless,1,1,0.023809523809523808,False
pittanc,1,1,0.023809523809523808,False
pitti,1,1,0.023809523809523808,False
pittikin,1,1,0.023809523809523808,False
pizzl,1,1,0.023809523809523808,False
placentio,1,1,0.023809523809523808,False
plack,1,1,0.023809523809523808,False
plagui,1,1,0.023809523809523808,False
plainsong,1,1,0.023809523809523808,False
plaintain,1,1,0.023809523809523808,False
planch,1,1,0.023809523809523808,False
plantag,1,1,0.023809523809523808,False
plantat,1,1,0.023809523809523808,False
plantest,1,1,0.023809523809523808,False
planteth,1,1,0.023809523809523808,False
plash,1,1,0.023809523809523808,False
plautu,1,1,0.023809523809523808,False
playeth,1,1,0.023809523809523808,False
pleadeth,1,1,0.023809523809523808,False
pleasanc,1,1,0.023809523809523808,False
pleasantli,1,1,0.023809523809523808,False
pleb,1,1,0.023809523809523808,False
plebeii,1,1,0.023809523809523808,False
plein,1,1,0.023809523809523808,False
plena,1,1,0.023809523809523808,False
plenitud,1,1,0.023809523809523808,False
plenteous,1,1,0.023809523809523808,False
pliant,1,1,0.023809523809523808,False
plighter,1,1,0.023809523809523808,False
plodder,1,1,0.023809523809523808,False
plood,1,1,0.023809523809523808,False
ploodi,1,1,0.023809523809523808,False
plotter,1,1,0.023809523809523808,False
ploughmen,1,1,0.023809523809523808,False
plucker,1,1,0.023809523809523808,False
plue,1,1,0.023809523809523808,False
plumpi,1,1,0.023809523809523808,False
plurisi,1,1,0.023809523809523808,False
po,1,1,0.023809523809523808,False
pocki,1,1,0.023809523809523808,False
pocula,1,1,0.023809523809523808,False
poem,1,1,0.023809523809523808,False
poi,1,1,0.023809523809523808,False
pold,1,1,0.023809523809523808,False
polemon,1,1,0.023809523809523808,False
poli,1,1,0.023809523809523808,False
pollus,1,1,0.023809523809523808,False
poltroon,1,1,0.023809523809523808,False
polydama,1,1,0.023809523809523808,False
polyxen,1,1,0.023809523809523808,False
polyxena,1,1,0.023809523809523808,False
pomand,1,1,0.023809523809523808,False
pomewat,1,1,0.023809523809523808,False
pomgarnet,1,1,0.023809523809523808,False
pommel,1,1,0.023809523809523808,False
pompa,1,1,0.023809523809523808,False
pon,1,1,0.023809523809523808,False
pont,1,1,0.023809523809523808,False
pontic,1,1,0.023809523809523808,False
pontif,1,1,0.023809523809523808,False
ponton,1,1,0.023809523809523808,False
pooh,1,1,0.023809523809523808,False
pop,1,1,0.023809523809523808,False
popedom,1,1,0.023809523809523808,False
poperin,1,1,0.023809523809523808,False
popinjai,1,1,0.023809523809523808,False
popish,1,1,0.023809523809523808,False
poppi,1,1,0.023809523809523808,False
porpu,1,1,0.023809523809523808,False
portculli,1,1,0.023809523809523808,False
portotartarosa,1,1,0.023809523809523808,False
portrait,1,1,0.023809523809523808,False
portraitur,1,1,0.023809523809523808,False
portug,1,1,0.023809523809523808,False
pose,1,1,0.023809523809523808,False
poss,1,1,0.023809523809523808,False
possibilit,1,1,0.023809523809523808,False
possit,1,1,0.023809523809523808,False
potabl,1,1,0.023809523809523808,False
potch,1,1,0.023809523809523808,False
potter,1,1,0.023809523809523808,False
poulter,1,1,0.023809523809523808,False
poultic,1,1,0.023809523809523808,False
poultnei,1,1,0.023809523809523808,False
pouncet,1,1,0.023809523809523808,False
pow,1,1,0.023809523809523808,False
powerfulli,1,1,0.023809523809523808,False
powerless,1,1,0.023809523809523808,False
powl,1,1,0.023809523809523808,False
poysam,1,1,0.023809523809523808,False
practic,1,1,0.023809523809523808,False
praeclarissimu,1,1,0.023809523809523808,False
praemunir,1,1,0.023809523809523808,False
prag,1,1,0.023809523809523808,False
pragu,1,1,0.023809523809523808,False
praisest,1,1,0.023809523809523808,False
praiseworthi,1,1,0.023809523809523808,False
pranc,1,1,0.023809523809523808,False
prater,1,1,0.023809523809523808,False
prattler,1,1,0.023809523809523808,False
prawl,1,1,0.023809523809523808,False
prawn,1,1,0.023809523809523808,False
prayerbook,1,1,0.023809523809523808,False
preacher,1,1,0.023809523809523808,False
preachment,1,1,0.023809523809523808,False
pread,1,1,0.023809523809523808,False
preambul,1,1,0.023809523809523808,False
precepti,1,1,0.023809523809523808,False
precinct,1,1,0.023809523809523808,False
precious,1,1,0.023809523809523808,False
precipic,1,1,0.023809523809523808,False
preconsul,1,1,0.023809523809523808,False
precor,1,1,0.023809523809523808,False
precurs,1,1,0.023809523809523808,False
precursor,1,1,0.023809523809523808,False
preech,1,1,0.023809523809523808,False
preemin,1,1,0.023809523809523808,False
prefac,1,1,0.023809523809523808,False
preferreth,1,1,0.023809523809523808,False
prefigur,1,1,0.023809523809523808,False
preform,1,1,0.023809523809523808,False
pregnanc,1,1,0.023809523809523808,False
pregnantli,1,1,0.023809523809523808,False
prejud,1,1,0.023809523809523808,False
prejudici,1,1,0.023809523809523808,False
prenez,1,1,0.023809523809523808,False
preoccupi,1,1,0.023809523809523808,False
preparedli,1,1,0.023809523809523808,False
prerogatif,1,1,0.023809523809523808,False
prerogativ,1,1,0.023809523809523808,False
presser,1,1,0.023809523809523808,False
prester,1,1,0.023809523809523808,False
presuppos,1,1,0.023809523809523808,False
presurmis,1,1,0.023809523809523808,False
pret,1,1,0.023809523809523808,False
pretext,1,1,0.023809523809523808,False
prethe,1,1,0.023809523809523808,False
pretia,1,1,0.023809523809523808,False
prettier,1,1,0.023809523809523808,False
prevaileth,1,1,0.023809523809523808,False
prey,1,1,0.023809523809523808,False
pri,1,1,0.023809523809523808,False
priapu,1,1,0.023809523809523808,False
priceless,1,1,0.023809523809523808,False
prickest,1,1,0.023809523809523808,False
prickl,1,1,0.023809523809523808,False
prie,1,1,0.023809523809523808,False
prief,1,1,0.023809523809523808,False
priestess,1,1,0.023809523809523808,False
priestli,1,1,0.023809523809523808,False
primer,1,1,0.023809523809523808,False
primest,1,1,0.023809523809523808,False
primi,1,1,0.023809523809523808,False
primit,1,1,0.023809523809523808,False
primo,1,1,0.023809523809523808,False
primogenit,1,1,0.023809523809523808,False
princox,1,1,0.023809523809523808,False
printless,1,1,0.023809523809523808,False
prioress,1,1,0.023809523809523808,False
priscian,1,1,0.023809523809523808,False
priser,1,1,0.023809523809523808,False
prisonni,1,1,0.023809523809523808,False
priviti,1,1,0.023809523809523808,False
prizer,1,1,0.023809523809523808,False
prizest,1,1,0.023809523809523808,False
probal,1,1,0.023809523809523808,False
proclaimeth,1,1,0.023809523809523808,False
procrastin,1,1,0.023809523809523808,False
procreat,1,1,0.023809523809523808,False
proditor,1,1,0.023809523809523808,False
profac,1,1,0.023809523809523808,False
professest,1,1,0.023809523809523808,False
profici,1,1,0.023809523809523808,False
profoundest,1,1,0.023809523809523808,False
profoundli,1,1,0.023809523809523808,False
progn,1,1,0.023809523809523808,False
prolixi,1,1,0.023809523809523808,False
prometheu,1,1,0.023809523809523808,False
promi,1,1,0.023809523809523808,False
promptement,1,1,0.023809523809523808,False
promptur,1,1,0.023809523809523808,False
promulg,1,1,0.023809523809523808,False
prononc,1,1,0.023809523809523808,False
prononcez,1,1,0.023809523809523808,False
propend,1,1,0.023809523809523808,False
propens,1,1,0.023809523809523808,False
properest,1,1,0.023809523809523808,False
propinqu,1,1,0.023809523809523808,False
propont,1,1,0.023809523809523808,False
propound,1,1,0.023809523809523808,False
propp,1,1,0.023809523809523808,False
propr,1,1,0.023809523809523808,False
propugn,1,1,0.023809523809523808,False
proselyt,1,1,0.023809523809523808,False
proserpin,1,1,0.023809523809523808,False
proserpina,1,1,0.023809523809523808,False
protectress,1,1,0.023809523809523808,False
proudlier,1,1,0.023809523809523808,False
provand,1,1,0.023809523809523808,False
prover,1,1,0.023809523809523808,False
provexit,1,1,0.023809523809523808,False
proviso,1,1,0.023809523809523808,False
provoketh,1,1,0.023809523809523808,False
prunest,1,1,0.023809523809523808,False
psalmist,1,1,0.023809523809523808,False
psalteri,1,1,0.023809523809523808,False
publican,1,1,0.023809523809523808,False
pudenc,1,1,0.023809523809523808,False
pueritia,1,1,0.023809523809523808,False
pug,1,1,0.023809523809523808,False
pui,1,1,0.023809523809523808,False
puisni,1,1,0.023809523809523808,False
pulcher,1,1,0.023809523809523808,False
puller,1,1,0.023809523809523808,False
pullet,1,1,0.023809523809523808,False
pulsidg,1,1,0.023809523809523808,False
pumpion,1,1,0.023809523809523808,False
pun,1,1,0.023809523809523808,False
punch,1,1,0.023809523809523808,False
pur,1,1,0.023809523809523808,False
purchaseth,1,1,0.023809523809523808,False
purger,1,1,0.023809523809523808,False
purl,1,1,0.023809523809523808,False
purlieu,1,1,0.023809523809523808,False
purloin,1,1,0.023809523809523808,False
purport,1,1,0.023809523809523808,False
purr,1,1,0.023809523809523808,False
pursent,1,1,0.023809523809523808,False
pursueth,1,1,0.023809523809523808,False
puru,1,1,0.023809523809523808,False
purveyor,1,1,0.023809523809523808,False
pusillanim,1,1,0.023809523809523808,False
putrifi,1,1,0.023809523809523808,False
puzzel,1,1,0.023809523809523808,False
py,1,1,0.023809523809523808,False
pygmalion,1,1,0.023809523809523808,False
pyrami,1,1,0.023809523809523808,False
pyramis,1,1,0.023809523809523808,False
pyrenean,1,1,0.023809523809523808,False
quadrangl,1,1,0.023809523809523808,False
quaf,1,1,0.023809523809523808,False
quai,1,1,0.023809523809523808,False
qualif,1,1,0.023809523809523808,False
qualit,1,1,0.023809523809523808,False
qualmish,1,1,0.023809523809523808,False
qualtiti,1,1,0.023809523809523808,False
quam,1,1,0.023809523809523808,False
quando,1,1,0.023809523809523808,False
quar,1,1,0.023809523809523808,False
quasi,1,1,0.023809523809523808,False
quat,1,1,0.023809523809523808,False
quatch,1,1,0.023809523809523808,False
quea,1,1,0.023809523809523808,False
quern,1,1,0.023809523809523808,False
questant,1,1,0.023809523809523808,False
questrist,1,1,0.023809523809523808,False
queubu,1,1,0.023809523809523808,False
quicklier,1,1,0.023809523809523808,False
quicksand,1,1,0.023809523809523808,False
quid,1,1,0.023809523809523808,False
quieter,1,1,0.023809523809523808,False
quilt,1,1,0.023809523809523808,False
quinapalu,1,1,0.023809523809523808,False
quintain,1,1,0.023809523809523808,False
quittal,1,1,0.023809523809523808,False
quoint,1,1,0.023809523809523808,False
quoniam,1,1,0.023809523809523808,False
rabato,1,1,0.023809523809523808,False
racker,1,1,0.023809523809523808,False
raft,1,1,0.023809523809523808,False
ragamuffin,1,1,0.023809523809523808,False
rageth,1,1,0.023809523809523808,False
ragg,1,1,0.023809523809523808,False
ragged,1,1,0.023809523809523808,False
rah,1,1,0.023809523809523808,False
railer,1,1,0.023809523809523808,False
railest,1,1,0.023809523809523808,False
raileth,1,1,0.023809523809523808,False
rainold,1,1,0.023809523809523808,False
raisin,1,1,0.023809523809523808,False
raker,1,1,0.023809523809523808,False
ramm,1,1,0.023809523809523808,False
rampallion,1,1,0.023809523809523808,False
rampant,1,1,0.023809523809523808,False
rampir,1,1,0.023809523809523808,False
ramsei,1,1,0.023809523809523808,False
ramston,1,1,0.023809523809523808,False
ranger,1,1,0.023809523809523808,False
rankli,1,1,0.023809523809523808,False
rascalliest,1,1,0.023809523809523808,False
rase,1,1,0.023809523809523808,False
rasher,1,1,0.023809523809523808,False
ratherest,1,1,0.023809523809523808,False
rato,1,1,0.023809523809523808,False
ravag,1,1,0.023809523809523808,False
rawer,1,1,0.023809523809523808,False
rawli,1,1,0.023809523809523808,False
razeth,1,1,0.023809523809523808,False
razur,1,1,0.023809523809523808,False
reacheth,1,1,0.023809523809523808,False
reader,1,1,0.023809523809523808,False
readin,1,1,0.023809523809523808,False
realli,1,1,0.023809523809523808,False
rebat,1,1,0.023809523809523808,False
rebeck,1,1,0.023809523809523808,False
rebus,1,1,0.023809523809523808,False
receiveth,1,1,0.023809523809523808,False
recept,1,1,0.023809523809523808,False
recheat,1,1,0.023809523809523808,False
recketh,1,1,0.023809523809523808,False
reclin,1,1,0.023809523809523808,False
reclus,1,1,0.023809523809523808,False
recomfort,1,1,0.023809523809523808,False
recomfortur,1,1,0.023809523809523808,False
reconcili,1,1,0.023809523809523808,False
recover,1,1,0.023809523809523808,False
recruit,1,1,0.023809523809523808,False
rector,1,1,0.023809523809523808,False
rectorship,1,1,0.023809523809523808,False
redbreast,1,1,0.023809523809523808,False
redder,1,1,0.023809523809523808,False
reddest,1,1,0.023809523809523808,False
rede,1,1,0.023809523809523808,False
redeliv,1,1,0.023809523809523808,False
redim,1,1,0.023809523809523808,False
redound,1,1,0.023809523809523808,False
reedi,1,1,0.023809523809523808,False
reeleth,1,1,0.023809523809523808,False
reenter,1,1,0.023809523809523808,False
refel,1,1,0.023809523809523808,False
referr,1,1,0.023809523809523808,False
refigur,1,1,0.023809523809523808,False
refractori,1,1,0.023809523809523808,False
refusest,1,1,0.023809523809523808,False
regalia,1,1,0.023809523809523808,False
regardfulli,1,1,0.023809523809523808,False
regener,1,1,0.023809523809523808,False
regentship,1,1,0.023809523809523808,False
regina,1,1,0.023809523809523808,False
regress,1,1,0.023809523809523808,False
regular,1,1,0.023809523809523808,False
reiter,1,1,0.023809523809523808,False
rejoiceth,1,1,0.023809523809523808,False
rejoicingli,1,1,0.023809523809523808,False
rejoindur,1,1,0.023809523809523808,False
rejourn,1,1,0.023809523809523808,False
rel,1,1,0.023809523809523808,False
relenteth,1,1,0.023809523809523808,False
relianc,1,1,0.023809523809523808,False
relier,1,1,0.023809523809523808,False
relieveth,1,1,0.023809523809523808,False
relinquish,1,1,0.023809523809523808,False
reliquit,1,1,0.023809523809523808,False
relum,1,1,0.023809523809523808,False
remercimen,1,1,0.023809523809523808,False
remonstr,1,1,0.023809523809523808,False
removed,1,1,0.023809523809523808,False
renegado,1,1,0.023809523809523808,False
renewest,1,1,0.023809523809523808,False
repass,1,1,0.023809523809523808,False
repastur,1,1,0.023809523809523808,False
replant,1,1,0.023809523809523808,False
repliest,1,1,0.023809523809523808,False
reportest,1,1,0.023809523809523808,False
reportingli,1,1,0.023809523809523808,False
reposeth,1,1,0.023809523809523808,False
repris,1,1,0.023809523809523808,False
reproachfulli,1,1,0.023809523809523808,False
reprovest,1,1,0.023809523809523808,False
repur,1,1,0.023809523809523808,False
reputeless,1,1,0.023809523809523808,False
requiem,1,1,0.023809523809523808,False
requireth,1,1,0.023809523809523808,False
rere,1,1,0.023809523809523808,False
resembleth,1,1,0.023809523809523808,False
resent,1,1,0.023809523809523808,False
residu,1,1,0.023809523809523808,False
resisteth,1,1,0.023809523809523808,False
resolvedli,1,1,0.023809523809523808,False
resolveth,1,1,0.023809523809523808,False
respic,1,1,0.023809523809523808,False
respons,1,1,0.023809523809523808,False
restem,1,1,0.023809523809523808,False
resurrect,1,1,0.023809523809523808,False
retourn,1,1,0.023809523809523808,False
retract,1,1,0.023809523809523808,False
revania,1,1,0.023809523809523808,False
revelri,1,1,0.023809523809523808,False
revengingli,1,1,0.023809523809523808,False
reverb,1,1,0.023809523809523808,False
reverso,1,1,0.023809523809523808,False
reviewest,1,1,0.023809523809523808,False
revisit,1,1,0.023809523809523808,False
reviveth,1,1,0.023809523809523808,False
rewel,1,1,0.023809523809523808,False
reword,1,1,0.023809523809523808,False
rhapsodi,1,1,0.023809523809523808,False
rhesu,1,1,0.023809523809523808,False
rheumi,1,1,0.023809523809523808,False
rhinocero,1,1,0.023809523809523808,False
rhodop,1,1,0.023809523809523808,False
rhubarb,1,1,0.023809523809523808,False
ribald,1,1,0.023809523809523808,False
ribaudr,1,1,0.023809523809523808,False
ridest,1,1,0.023809523809523808,False
rideth,1,1,0.023809523809523808,False
ridgewai,1,1,0.023809523809523808,False
rien,1,1,0.023809523809523808,False
rig,1,1,0.023809523809523808,False
riggish,1,1,0.023809523809523808,False
righteous,1,1,0.023809523809523808,False
rightfulli,1,1,0.023809523809523808,False
ringlead,1,1,0.023809523809523808,False
ringwood,1,1,0.023809523809523808,False
rins,1,1,0.023809523809523808,False
rioter,1,1,0.023809523809523808,False
ript,1,1,0.023809523809523808,False
rivel,1,1,0.023809523809523808,False
rivo,1,1,0.023809523809523808,False
roarer,1,1,0.023809523809523808,False
rochford,1,1,0.023809523809523808,False
rogero,1,1,0.023809523809523808,False
roguish,1,1,0.023809523809523808,False
roist,1,1,0.023809523809523808,False
romag,1,1,0.023809523809523808,False
romish,1,1,0.023809523809523808,False
rondur,1,1,0.023809523809523808,False
ronyon,1,1,0.023809523809523808,False
rooki,1,1,0.023809523809523808,False
rootedli,1,1,0.023809523809523808,False
rooteth,1,1,0.023809523809523808,False
roperi,1,1,0.023809523809523808,False
rosalinda,1,1,0.023809523809523808,False
rother,1,1,0.023809523809523808,False
rotund,1,1,0.023809523809523808,False
rougemont,1,1,0.023809523809523808,False
roundel,1,1,0.023809523809523808,False
rounder,1,1,0.023809523809523808,False
roundest,1,1,0.023809523809523808,False
roundur,1,1,0.023809523809523808,False
rouseth,1,1,0.023809523809523808,False
rove,1,1,0.023809523809523808,False
rover,1,1,0.023809523809523808,False
roynish,1,1,0.023809523809523808,False
ru,1,1,0.023809523809523808,False
rubiou,1,1,0.023809523809523808,False
ruddock,1,1,0.023809523809523808,False
rudeliest,1,1,0.023809523809523808,False
rumbl,1,1,0.023809523809523808,False
ruminat,1,1,0.023809523809523808,False
runyon,1,1,0.023809523809523808,False
rushi,1,1,0.023809523809523808,False
rushl,1,1,0.023809523809523808,False
ruttish,1,1,0.023809523809523808,False
rystal,1,1,0.023809523809523808,False
saba,1,1,0.023809523809523808,False
sackbut,1,1,0.023809523809523808,False
sackerson,1,1,0.023809523809523808,False
sacrifici,1,1,0.023809523809523808,False
sag,1,1,0.023809523809523808,False
saidst,1,1,0.023809523809523808,False
sailmak,1,1,0.023809523809523808,False
sain,1,1,0.023809523809523808,False
salamand,1,1,0.023809523809523808,False
salari,1,1,0.023809523809523808,False
salicam,1,1,0.023809523809523808,False
sallow,1,1,0.023809523809523808,False
salter,1,1,0.023809523809523808,False
saltier,1,1,0.023809523809523808,False
samingo,1,1,0.023809523809523808,False
samphir,1,1,0.023809523809523808,False
sampl,1,1,0.023809523809523808,False
sancta,1,1,0.023809523809523808,False
sanctuar,1,1,0.023809523809523808,False
sang,1,1,0.023809523809523808,False
sangui,1,1,0.023809523809523808,False
saniti,1,1,0.023809523809523808,False
santrail,1,1,0.023809523809523808,False
sapient,1,1,0.023809523809523808,False
sapit,1,1,0.023809523809523808,False
sappi,1,1,0.023809523809523808,False
saracen,1,1,0.023809523809523808,False
sardian,1,1,0.023809523809523808,False
sardinia,1,1,0.023809523809523808,False
sarum,1,1,0.023809523809523808,False
satchel,1,1,0.023809523809523808,False
sati,1,1,0.023809523809523808,False
satiat,1,1,0.023809523809523808,False
saucer,1,1,0.023809523809523808,False
saviour,1,1,0.023809523809523808,False
savoi,1,1,0.023809523809523808,False
savor,1,1,0.023809523809523808,False
sawn,1,1,0.023809523809523808,False
sawpit,1,1,0.023809523809523808,False
sawyer,1,1,0.023809523809523808,False
saxoni,1,1,0.023809523809523808,False
saxton,1,1,0.023809523809523808,False
sayst,1,1,0.023809523809523808,False
scaffoldag,1,1,0.023809523809523808,False
scali,1,1,0.023809523809523808,False
scall,1,1,0.023809523809523808,False
scamel,1,1,0.023809523809523808,False
scanter,1,1,0.023809523809523808,False
scantl,1,1,0.023809523809523808,False
scapeth,1,1,0.023809523809523808,False
scelera,1,1,0.023809523809523808,False
scelerisqu,1,1,0.023809523809523808,False
scholarli,1,1,0.023809523809523808,False
schoolfellow,1,1,0.023809523809523808,False
scissor,1,1,0.023809523809523808,False
scof,1,1,0.023809523809523808,False
scoffer,1,1,0.023809523809523808,False
scoundrel,1,1,0.023809523809523808,False
scrambl,1,1,0.023809523809523808,False
scrimer,1,1,0.023809523809523808,False
scrippag,1,1,0.023809523809523808,False
scrowl,1,1,0.023809523809523808,False
scroyl,1,1,0.023809523809523808,False
scud,1,1,0.023809523809523808,False
scull,1,1,0.023809523809523808,False
scut,1,1,0.023809523809523808,False
scylla,1,1,0.023809523809523808,False
sdeath,1,1,0.023809523809523808,False
seafar,1,1,0.023809523809523808,False
seamen,1,1,0.023809523809523808,False
seami,1,1,0.023809523809523808,False
searcher,1,1,0.023809523809523808,False
searcheth,1,1,0.023809523809523808,False
seashor,1,1,0.023809523809523808,False
secondarili,1,1,0.023809523809523808,False
secundo,1,1,0.023809523809523808,False
sedgi,1,1,0.023809523809523808,False
seedsman,1,1,0.023809523809523808,False
seeli,1,1,0.023809523809523808,False
seemer,1,1,0.023809523809523808,False
seemest,1,1,0.023809523809523808,False
seemingli,1,1,0.023809523809523808,False
seer,1,1,0.023809523809523808,False
segreg,1,1,0.023809523809523808,False
seigeuri,1,1,0.023809523809523808,False
sembl,1,1,0.023809523809523808,False
semi,1,1,0.023809523809523808,False
semicircl,1,1,0.023809523809523808,False
semper,1,1,0.023809523809523808,False
sendeth,1,1,0.023809523809523808,False
seneca,1,1,0.023809523809523808,False
seniori,1,1,0.023809523809523808,False
senoi,1,1,0.023809523809523808,False
septentrion,1,1,0.023809523809523808,False
sepulch,1,1,0.023809523809523808,False
serenissima,1,1,0.023809523809523808,False
serg,1,1,0.023809523809523808,False
serpentin,1,1,0.023809523809523808,False
server,1,1,0.023809523809523808,False
serveth,1,1,0.023809523809523808,False
serviu,1,1,0.023809523809523808,False
sesto,1,1,0.023809523809523808,False
settlest,1,1,0.023809523809523808,False
sevenfold,1,1,0.023809523809523808,False
severest,1,1,0.023809523809523808,False
seymour,1,1,0.023809523809523808,False
sfoot,1,1,0.023809523809523808,False
sha,1,1,0.023809523809523808,False
shal,1,1,0.023809523809523808,False
shale,1,1,0.023809523809523808,False
shalleng,1,1,0.023809523809523808,False
shallowli,1,1,0.023809523809523808,False
shamefast,1,1,0.023809523809523808,False
sharer,1,1,0.023809523809523808,False
shatter,1,1,0.023809523809523808,False
shaven,1,1,0.023809523809523808,False
shaw,1,1,0.023809523809523808,False
sheal,1,1,0.023809523809523808,False
shearman,1,1,0.023809523809523808,False
sheepcot,1,1,0.023809523809523808,False
sheepskin,1,1,0.023809523809523808,False
sheffield,1,1,0.023809523809523808,False
shekel,1,1,0.023809523809523808,False
shelf,1,1,0.023809523809523808,False
shelli,1,1,0.023809523809523808,False
shelvi,1,1,0.023809523809523808,False
shepard,1,1,0.023809523809523808,False
sheweth,1,1,0.023809523809523808,False
shinest,1,1,0.023809523809523808,False
shineth,1,1,0.023809523809523808,False
shini,1,1,0.023809523809523808,False
shipmen,1,1,0.023809523809523808,False
shirlei,1,1,0.023809523809523808,False
shive,1,1,0.023809523809523808,False
shod,1,1,0.023809523809523808,False
shoemak,1,1,0.023809523809523808,False
shooter,1,1,0.023809523809523808,False
shooteth,1,1,0.023809523809523808,False
shooti,1,1,0.023809523809523808,False
shortcak,1,1,0.023809523809523808,False
shough,1,1,0.023809523809523808,False
shouldest,1,1,0.023809523809523808,False
shrewishli,1,1,0.023809523809523808,False
shriev,1,1,0.023809523809523808,False
shriller,1,1,0.023809523809523808,False
shrivel,1,1,0.023809523809523808,False
shriver,1,1,0.023809523809523808,False
shrow,1,1,0.023809523809523808,False
shrowd,1,1,0.023809523809523808,False
shunless,1,1,0.023809523809523808,False
shuttl,1,1,0.023809523809523808,False
sibylla,1,1,0.023809523809523808,False
sic,1,1,0.023809523809523808,False
sicilian,1,1,0.023809523809523808,False
sicker,1,1,0.023809523809523808,False
sicklemen,1,1,0.023809523809523808,False
sightli,1,1,0.023809523809523808,False
signiori,1,1,0.023809523809523808,False
signor,1,1,0.023809523809523808,False
signum,1,1,0.023809523809523808,False
silkman,1,1,0.023809523809523808,False
sill,1,1,0.023809523809523808,False
silliest,1,1,0.023809523809523808,False
silverli,1,1,0.023809523809523808,False
simoni,1,1,0.023809523809523808,False
simul,1,1,0.023809523809523808,False
sinel,1,1,0.023809523809523808,False
singest,1,1,0.023809523809523808,False
singeth,1,1,0.023809523809523808,False
singularit,1,1,0.023809523809523808,False
sinketh,1,1,0.023809523809523808,False
sisterli,1,1,0.023809523809523808,False
sixpenni,1,1,0.023809523809523808,False
sixscor,1,1,0.023809523809523808,False
skain,1,1,0.023809523809523808,False
skambl,1,1,0.023809523809523808,False
skelter,1,1,0.023809523809523808,False
skilfulli,1,1,0.023809523809523808,False
skillet,1,1,0.023809523809523808,False
skimbl,1,1,0.023809523809523808,False
skinker,1,1,0.023809523809523808,False
skinni,1,1,0.023809523809523808,False
skipp,1,1,0.023809523809523808,False
skipper,1,1,0.023809523809523808,False
skitless,1,1,0.023809523809523808,False
skogan,1,1,0.023809523809523808,False
skulk,1,1,0.023809523809523808,False
skyei,1,1,0.023809523809523808,False
skyish,1,1,0.023809523809523808,False
slab,1,1,0.023809523809523808,False
slacker,1,1,0.023809523809523808,False
slaketh,1,1,0.023809523809523808,False
slaughterhous,1,1,0.023809523809523808,False
slaughterman,1,1,0.023809523809523808,False
slaver,1,1,0.023809523809523808,False
slayer,1,1,0.023809523809523808,False
slayeth,1,1,0.023809523809523808,False
sleav,1,1,0.023809523809523808,False
sled,1,1,0.023809523809523808,False
sleekli,1,1,0.023809523809523808,False
sleeveless,1,1,0.023809523809523808,False
slenderli,1,1,0.023809523809523808,False
slewest,1,1,0.023809523809523808,False
slipt,1,1,0.023809523809523808,False
slish,1,1,0.023809523809523808,False
slit,1,1,0.023809523809523808,False
slobberi,1,1,0.023809523809523808,False
slomber,1,1,0.023809523809523808,False
slope,1,1,0.023809523809523808,False
slovenli,1,1,0.023809523809523808,False
slovenri,1,1,0.023809523809523808,False
sluggish,1,1,0.023809523809523808,False
slumberi,1,1,0.023809523809523808,False
slunk,1,1,0.023809523809523808,False
smalu,1,1,0.023809523809523808,False
smartli,1,1,0.023809523809523808,False
smatch,1,1,0.023809523809523808,False
smatter,1,1,0.023809523809523808,False
smiledst,1,1,0.023809523809523808,False
smilet,1,1,0.023809523809523808,False
smit,1,1,0.023809523809523808,False
smiteth,1,1,0.023809523809523808,False
smulkin,1,1,0.023809523809523808,False
smutch,1,1,0.023809523809523808,False
snaffl,1,1,0.023809523809523808,False
snaki,1,1,0.023809523809523808,False
snarleth,1,1,0.023809523809523808,False
snatcher,1,1,0.023809523809523808,False
sneck,1,1,0.023809523809523808,False
snipe,1,1,0.023809523809523808,False
snipt,1,1,0.023809523809523808,False
snowi,1,1,0.023809523809523808,False
soberli,1,1,0.023809523809523808,False
sock,1,1,0.023809523809523808,False
socrat,1,1,0.023809523809523808,False
soilur,1,1,0.023809523809523808,False
soit,1,1,0.023809523809523808,False
soldat,1,1,0.023809523809523808,False
soldest,1,1,0.023809523809523808,False
solem,1,1,0.023809523809523808,False
solidar,1,1,0.023809523809523808,False
solon,1,1,0.023809523809523808,False
solum,1,1,0.023809523809523808,False
solv,1,1,0.023809523809523808,False
solyman,1,1,0.023809523809523808,False
somewhith,1,1,0.023809523809523808,False
somm,1,1,0.023809523809523808,False
sonanc,1,1,0.023809523809523808,False
sonti,1,1,0.023809523809523808,False
soother,1,1,0.023809523809523808,False
soothest,1,1,0.023809523809523808,False
soothsai,1,1,0.023809523809523808,False
sooti,1,1,0.023809523809523808,False
sorer,1,1,0.023809523809523808,False
sorrier,1,1,0.023809523809523808,False
sorriest,1,1,0.023809523809523808,False
sorrowest,1,1,0.023809523809523808,False
sortanc,1,1,0.023809523809523808,False
sorteth,1,1,0.023809523809523808,False
sossiu,1,1,0.023809523809523808,False
soto,1,1,0.023809523809523808,False
sould,1,1,0.023809523809523808,False
soulless,1,1,0.023809523809523808,False
soundpost,1,1,0.023809523809523808,False
southerli,1,1,0.023809523809523808,False
souviendrai,1,1,0.023809523809523808,False
sovereignli,1,1,0.023809523809523808,False
sowl,1,1,0.023809523809523808,False
sowter,1,1,0.023809523809523808,False
spann,1,1,0.023809523809523808,False
spe,1,1,0.023809523809523808,False
speaketh,1,1,0.023809523809523808,False
spectanda,1,1,0.023809523809523808,False
spectatorship,1,1,0.023809523809523808,False
speedeth,1,1,0.023809523809523808,False
speken,1,1,0.023809523809523808,False
spelt,1,1,0.023809523809523808,False
spendest,1,1,0.023809523809523808,False
sperato,1,1,0.023809523809523808,False
sperm,1,1,0.023809523809523808,False
spero,1,1,0.023809523809523808,False
sperr,1,1,0.023809523809523808,False
spheri,1,1,0.023809523809523808,False
sphinx,1,1,0.023809523809523808,False
spiceri,1,1,0.023809523809523808,False
spieth,1,1,0.023809523809523808,False
spigot,1,1,0.023809523809523808,False
spilth,1,1,0.023809523809523808,False
spinii,1,1,0.023809523809523808,False
spinner,1,1,0.023809523809523808,False
spire,1,1,0.023809523809523808,False
spiritless,1,1,0.023809523809523808,False
spiritualti,1,1,0.023809523809523808,False
spitteth,1,1,0.023809523809523808,False
splai,1,1,0.023809523809523808,False
spleeni,1,1,0.023809523809523808,False
splenit,1,1,0.023809523809523808,False
spokesman,1,1,0.023809523809523808,False
sprag,1,1,0.023809523809523808,False
sprat,1,1,0.023809523809523808,False
sprig,1,1,0.023809523809523808,False
sprightfulli,1,1,0.023809523809523808,False
springeth,1,1,0.023809523809523808,False
springhalt,1,1,0.023809523809523808,False
sprout,1,1,0.023809523809523808,False
spurrer,1,1,0.023809523809523808,False
squabbl,1,1,0.023809523809523808,False
squarer,1,1,0.023809523809523808,False
squarest,1,1,0.023809523809523808,False
squel,1,1,0.023809523809523808,False
squini,1,1,0.023809523809523808,False
stack,1,1,0.023809523809523808,False
staffordshir,1,1,0.023809523809523808,False
staider,1,1,0.023809523809523808,False
stamford,1,1,0.023809523809523808,False
stammer,1,1,0.023809523809523808,False
stanchless,1,1,0.023809523809523808,False
staniel,1,1,0.023809523809523808,False
stanz,1,1,0.023809523809523808,False
starkli,1,1,0.023809523809523808,False
starl,1,1,0.023809523809523808,False
starri,1,1,0.023809523809523808,False
starteth,1,1,0.023809523809523808,False
startingli,1,1,0.023809523809523808,False
starveth,1,1,0.023809523809523808,False
stateli,1,1,0.023809523809523808,False
statesmen,1,1,0.023809523809523808,False
statiliu,1,1,0.023809523809523808,False
steadfastli,1,1,0.023809523809523808,False
steadier,1,1,0.023809523809523808,False
stealthi,1,1,0.023809523809523808,False
steam,1,1,0.023809523809523808,False
steepi,1,1,0.023809523809523808,False
stepdam,1,1,0.023809523809523808,False
stepmoth,1,1,0.023809523809523808,False
sternag,1,1,0.023809523809523808,False
sternest,1,1,0.023809523809523808,False
stickest,1,1,0.023809523809523808,False
stickler,1,1,0.023809523809523808,False
stiffen,1,1,0.023809523809523808,False
stiffli,1,1,0.023809523809523808,False
stiller,1,1,0.023809523809523808,False
stillest,1,1,0.023809523809523808,False
stilli,1,1,0.023809523809523808,False
stillitori,1,1,0.023809523809523808,False
stingless,1,1,0.023809523809523808,False
stinkingli,1,1,0.023809523809523808,False
stirrest,1,1,0.023809523809523808,False
stirreth,1,1,0.023809523809523808,False
stitcheri,1,1,0.023809523809523808,False
stoccado,1,1,0.023809523809523808,False
stoccata,1,1,0.023809523809523808,False
stockfish,1,1,0.023809523809523808,False
stockish,1,1,0.023809523809523808,False
stog,1,1,0.023809523809523808,False
stoic,1,1,0.023809523809523808,False
stokesli,1,1,0.023809523809523808,False
stonish,1,1,0.023809523809523808,False
stormest,1,1,0.023809523809523808,False
stouter,1,1,0.023809523809523808,False
stove,1,1,0.023809523809523808,False
stover,1,1,0.023809523809523808,False
stowag,1,1,0.023809523809523808,False
strachi,1,1,0.023809523809523808,False
straggler,1,1,0.023809523809523808,False
straightest,1,1,0.023809523809523808,False
straiter,1,1,0.023809523809523808,False
strangler,1,1,0.023809523809523808,False
strap,1,1,0.023809523809523808,False
strappado,1,1,0.023809523809523808,False
stratford,1,1,0.023809523809523808,False
strawi,1,1,0.023809523809523808,False
streamer,1,1,0.023809523809523808,False
strewment,1,1,0.023809523809523808,False
stricter,1,1,0.023809523809523808,False
strictli,1,1,0.023809523809523808,False
strictur,1,1,0.023809523809523808,False
striker,1,1,0.023809523809523808,False
stringless,1,1,0.023809523809523808,False
strivest,1,1,0.023809523809523808,False
stroi,1,1,0.023809523809523808,False
strokedst,1,1,0.023809523809523808,False
strook,1,1,0.023809523809523808,False
strosser,1,1,0.023809523809523808,False
strown,1,1,0.023809523809523808,False
stubbornest,1,1,0.023809523809523808,False
stubbornli,1,1,0.023809523809523808,False
studious,1,1,0.023809523809523808,False
stumblest,1,1,0.023809523809523808,False
stunk,1,1,0.023809523809523808,False
stupid,1,1,0.023809523809523808,False
stuprum,1,1,0.023809523809523808,False
styga,1,1,0.023809523809523808,False
stygian,1,1,0.023809523809523808,False
subduement,1,1,0.023809523809523808,False
submerg,1,1,0.023809523809523808,False
subscript,1,1,0.023809523809523808,False
subsequ,1,1,0.023809523809523808,False
subtilti,1,1,0.023809523809523808,False
subtractor,1,1,0.023809523809523808,False
subvers,1,1,0.023809523809523808,False
subvert,1,1,0.023809523809523808,False
succed,1,1,0.023809523809523808,False
successantli,1,1,0.023809523809523808,False
suchlik,1,1,0.023809523809523808,False
suerli,1,1,0.023809523809523808,False
sueth,1,1,0.023809523809523808,False
sufferd,1,1,0.023809523809523808,False
sufficit,1,1,0.023809523809523808,False
suffig,1,1,0.023809523809523808,False
sugarsop,1,1,0.023809523809523808,False
suggesteth,1,1,0.023809523809523808,False
suitabl,1,1,0.023809523809523808,False
suivez,1,1,0.023809523809523808,False
sultan,1,1,0.023809523809523808,False
summ,1,1,0.023809523809523808,False
summa,1,1,0.023809523809523808,False
sumpter,1,1,0.023809523809523808,False
sumptuous,1,1,0.023809523809523808,False
sunbeam,1,1,0.023809523809523808,False
sunless,1,1,0.023809523809523808,False
sunris,1,1,0.023809523809523808,False
superbu,1,1,0.023809523809523808,False
superflux,1,1,0.023809523809523808,False
superl,1,1,0.023809523809523808,False
supern,1,1,0.023809523809523808,False
supernatur,1,1,0.023809523809523808,False
superprais,1,1,0.023809523809523808,False
supersubtl,1,1,0.023809523809523808,False
supervisor,1,1,0.023809523809523808,False
suppertim,1,1,0.023809523809523808,False
supplianc,1,1,0.023809523809523808,False
suppliest,1,1,0.023809523809523808,False
supplyant,1,1,0.023809523809523808,False
supplyment,1,1,0.023809523809523808,False
supposest,1,1,0.023809523809523808,False
suppresseth,1,1,0.023809523809523808,False
suranc,1,1,0.023809523809523808,False
surecard,1,1,0.023809523809523808,False
surger,1,1,0.023809523809523808,False
surpasseth,1,1,0.023809523809523808,False
surplic,1,1,0.023809523809523808,False
surround,1,1,0.023809523809523808,False
surveyest,1,1,0.023809523809523808,False
suspecteth,1,1,0.023809523809523808,False
sutler,1,1,0.023809523809523808,False
sutton,1,1,0.023809523809523808,False
swaddl,1,1,0.023809523809523808,False
swag,1,1,0.023809523809523808,False
sward,1,1,0.023809523809523808,False
sware,1,1,0.023809523809523808,False
swarthi,1,1,0.023809523809523808,False
swasher,1,1,0.023809523809523808,False
swathl,1,1,0.023809523809523808,False
sweaten,1,1,0.023809523809523808,False
sweatest,1,1,0.023809523809523808,False
swelleth,1,1,0.023809523809523808,False
swelter,1,1,0.023809523809523808,False
sweno,1,1,0.023809523809523808,False
swerver,1,1,0.023809523809523808,False
swirl,1,1,0.023809523809523808,False
switzer,1,1,0.023809523809523808,False
swollen,1,1,0.023809523809523808,False
swoop,1,1,0.023809523809523808,False
swoopstak,1,1,0.023809523809523808,False
swung,1,1,0.023809523809523808,False
syenna,1,1,0.023809523809523808,False
sylla,1,1,0.023809523809523808,False
syllog,1,1,0.023809523809523808,False
symbol,1,1,0.023809523809523808,False
taber,1,1,0.023809523809523808,False
tablet,1,1,0.023809523809523808,False
taciturn,1,1,0.023809523809523808,False
taintless,1,1,0.023809523809523808,False
taintur,1,1,0.023809523809523808,False
taketh,1,1,0.023809523809523808,False
talbotit,1,1,0.023809523809523808,False
tamer,1,1,0.023809523809523808,False
tank,1,1,0.023809523809523808,False
tann,1,1,0.023809523809523808,False
tanquam,1,1,0.023809523809523808,False
tanta,1,1,0.023809523809523808,False
tantaen,1,1,0.023809523809523808,False
tapesti,1,1,0.023809523809523808,False
tapp,1,1,0.023809523809523808,False
tardili,1,1,0.023809523809523808,False
tarentum,1,1,0.023809523809523808,False
tarrianc,1,1,0.023809523809523808,False
tartli,1,1,0.023809523809523808,False
tasker,1,1,0.023809523809523808,False
tauntingli,1,1,0.023809523809523808,False
tavi,1,1,0.023809523809523808,False
tawdri,1,1,0.023809523809523808,False
teipsum,1,1,0.023809523809523808,False
telamon,1,1,0.023809523809523808,False
telamoniu,1,1,0.023809523809523808,False
temp,1,1,0.023809523809523808,False
temporari,1,1,0.023809523809523808,False
tempteth,1,1,0.023809523809523808,False
tenabl,1,1,0.023809523809523808,False
tendenc,1,1,0.023809523809523808,False
tenedo,1,1,0.023809523809523808,False
tenfold,1,1,0.023809523809523808,False
tenur,1,1,0.023809523809523808,False
tercel,1,1,0.023809523809523808,False
termin,1,1,0.023809523809523808,False
termless,1,1,0.023809523809523808,False
terr,1,1,0.023809523809523808,False
terrac,1,1,0.023809523809523808,False
terram,1,1,0.023809523809523808,False
terren,1,1,0.023809523809523808,False
tertian,1,1,0.023809523809523808,False
tertio,1,1,0.023809523809523808,False
testern,1,1,0.023809523809523808,False
testril,1,1,0.023809523809523808,False
tether,1,1,0.023809523809523808,False
tevil,1,1,0.023809523809523808,False
tharborough,1,1,0.023809523809523808,False
thaso,1,1,0.023809523809523808,False
theban,1,1,0.023809523809523808,False
thebe,1,1,0.023809523809523808,False
theis,1,1,0.023809523809523808,False
thereaft,1,1,0.023809523809523808,False
theretak,1,1,0.023809523809523808,False
thessalian,1,1,0.023809523809523808,False
thicklip,1,1,0.023809523809523808,False
thirtieth,1,1,0.023809523809523808,False
thitherward,1,1,0.023809523809523808,False
thoa,1,1,0.023809523809523808,False
thong,1,1,0.023809523809523808,False
thornier,1,1,0.023809523809523808,False
thorp,1,1,0.023809523809523808,False
thoughten,1,1,0.023809523809523808,False
thraldom,1,1,0.023809523809523808,False
threatenest,1,1,0.023809523809523808,False
threateningli,1,1,0.023809523809523808,False
threatest,1,1,0.023809523809523808,False
thresher,1,1,0.023809523809523808,False
thriver,1,1,0.023809523809523808,False
thriveth,1,1,0.023809523809523808,False
throca,1,1,0.023809523809523808,False
thromuldo,1,1,0.023809523809523808,False
throttl,1,1,0.023809523809523808,False
thrower,1,1,0.023809523809523808,False
throwest,1,1,0.023809523809523808,False
thrush,1,1,0.023809523809523808,False
thrusteth,1,1,0.023809523809523808,False
tiberio,1,1,0.023809523809523808,False
tice,1,1,0.023809523809523808,False
ticklish,1,1,0.023809523809523808,False
tiddl,1,1,0.023809523809523808,False
tidi,1,1,0.023809523809523808,False
tile,1,1,0.023809523809523808,False
tillag,1,1,0.023809523809523808,False
tilli,1,1,0.023809523809523808,False
tillyv,1,1,0.023809523809523808,False
timeli,1,1,0.023809523809523808,False
tin,1,1,0.023809523809523808,False
tinderbox,1,1,0.023809523809523808,False
tingl,1,1,0.023809523809523808,False
tinsel,1,1,0.023809523809523808,False
tippl,1,1,0.023809523809523808,False
tipsi,1,1,0.023809523809523808,False
tipto,1,1,0.023809523809523808,False
tirest,1,1,0.023809523809523808,False
tirra,1,1,0.023809523809523808,False
tirrit,1,1,0.023809523809523808,False
tissu,1,1,0.023809523809523808,False
titleless,1,1,0.023809523809523808,False
toadstool,1,1,0.023809523809523808,False
toaz,1,1,0.023809523809523808,False
toddl,1,1,0.023809523809523808,False
toledo,1,1,0.023809523809523808,False
tombless,1,1,0.023809523809523808,False
tomboi,1,1,0.023809523809523808,False
tomyri,1,1,0.023809523809523808,False
tong,1,1,0.023809523809523808,False
toothpick,1,1,0.023809523809523808,False
topless,1,1,0.023809523809523808,False
topmost,1,1,0.023809523809523808,False
topsail,1,1,0.023809523809523808,False
topsi,1,1,0.023809523809523808,False
torcher,1,1,0.023809523809523808,False
tormenta,1,1,0.023809523809523808,False
tormenteth,1,1,0.023809523809523808,False
tormentor,1,1,0.023809523809523808,False
tortiv,1,1,0.023809523809523808,False
torturest,1,1,0.023809523809523808,False
tosseth,1,1,0.023809523809523808,False
tou,1,1,0.023809523809523808,False
tougher,1,1,0.023809523809523808,False
tournament,1,1,0.023809523809523808,False
tous,1,1,0.023809523809523808,False
tow,1,1,0.023809523809523808,False
towardli,1,1,0.023809523809523808,False
township,1,1,0.023809523809523808,False
towton,1,1,0.023809523809523808,False
tradesman,1,1,0.023809523809523808,False
traffick,1,1,0.023809523809523808,False
trai,1,1,0.023809523809523808,False
traitorli,1,1,0.023809523809523808,False
traitress,1,1,0.023809523809523808,False
trammel,1,1,0.023809523809523808,False
tranect,1,1,0.023809523809523808,False
transferr,1,1,0.023809523809523808,False
transfigur,1,1,0.023809523809523808,False
transfix,1,1,0.023809523809523808,False
transmigr,1,1,0.023809523809523808,False
transmut,1,1,0.023809523809523808,False
transshap,1,1,0.023809523809523808,False
transylvanian,1,1,0.023809523809523808,False
travellest,1,1,0.023809523809523808,False
traytrip,1,1,0.023809523809523808,False
trei,1,1,0.023809523809523808,False
tremblingli,1,1,0.023809523809523808,False
tremor,1,1,0.023809523809523808,False
trempl,1,1,0.023809523809523808,False
trenchant,1,1,0.023809523809523808,False
trencherman,1,1,0.023809523809523808,False
trescher,1,1,0.023809523809523808,False
tribul,1,1,0.023809523809523808,False
trickl,1,1,0.023809523809523808,False
trier,1,1,0.023809523809523808,False
trifler,1,1,0.023809523809523808,False
trigon,1,1,0.023809523809523808,False
trill,1,1,0.023809523809523808,False
trimli,1,1,0.023809523809523808,False
tripartit,1,1,0.023809523809523808,False
triplex,1,1,0.023809523809523808,False
triton,1,1,0.023809523809523808,False
triumvir,1,1,0.023809523809523808,False
triumviri,1,1,0.023809523809523808,False
troat,1,1,0.023809523809523808,False
troien,1,1,0.023809523809523808,False
troilus,1,1,0.023809523809523808,False
tromperi,1,1,0.023809523809523808,False
trompet,1,1,0.023809523809523808,False
trop,1,1,0.023809523809523808,False
tropic,1,1,0.023809523809523808,False
troublest,1,1,0.023809523809523808,False
trough,1,1,0.023809523809523808,False
trovato,1,1,0.023809523809523808,False
trowel,1,1,0.023809523809523808,False
trowest,1,1,0.023809523809523808,False
trueborn,1,1,0.023809523809523808,False
truepenni,1,1,0.023809523809523808,False
truie,1,1,0.023809523809523808,False
trundl,1,1,0.023809523809523808,False
trustless,1,1,0.023809523809523808,False
tua,1,1,0.023809523809523808,False
tuae,1,1,0.023809523809523808,False
tuff,1,1,0.023809523809523808,False
tuition,1,1,0.023809523809523808,False
tulliu,1,1,0.023809523809523808,False
tumbler,1,1,0.023809523809523808,False
tundish,1,1,0.023809523809523808,False
tuner,1,1,0.023809523809523808,False
turd,1,1,0.023809523809523808,False
turfi,1,1,0.023809523809523808,False
turlygod,1,1,0.023809523809523808,False
turnbul,1,1,0.023809523809523808,False
turneth,1,1,0.023809523809523808,False
turnip,1,1,0.023809523809523808,False
turph,1,1,0.023809523809523808,False
turquois,1,1,0.023809523809523808,False
turvi,1,1,0.023809523809523808,False
tusk,1,1,0.023809523809523808,False
tutto,1,1,0.023809523809523808,False
tutu,1,1,0.023809523809523808,False
twai,1,1,0.023809523809523808,False
twang,1,1,0.023809523809523808,False
tweak,1,1,0.023809523809523808,False
twelfth,1,1,0.023809523809523808,False
twiggen,1,1,0.023809523809523808,False
twilight,1,1,0.023809523809523808,False
twire,1,1,0.023809523809523808,False
twopenc,1,1,0.023809523809523808,False
tyburn,1,1,0.023809523809523808,False
tymbria,1,1,0.023809523809523808,False
ubiqu,1,1,0.023809523809523808,False
udder,1,1,0.023809523809523808,False
udg,1,1,0.023809523809523808,False
ugliest,1,1,0.023809523809523808,False
umbra,1,1,0.023809523809523808,False
umbrag,1,1,0.023809523809523808,False
umfrevil,1,1,0.023809523809523808,False
unaccommod,1,1,0.023809523809523808,False
unaccompani,1,1,0.023809523809523808,False
unach,1,1,0.023809523809523808,False
unadvisedli,1,1,0.023809523809523808,False
unaffect,1,1,0.023809523809523808,False
unagre,1,1,0.023809523809523808,False
unanel,1,1,0.023809523809523808,False
unansw,1,1,0.023809523809523808,False
unappeas,1,1,0.023809523809523808,False
unapprov,1,1,0.023809523809523808,False
unask,1,1,0.023809523809523808,False
unattaint,1,1,0.023809523809523808,False
unattempt,1,1,0.023809523809523808,False
unattend,1,1,0.023809523809523808,False
unauspici,1,1,0.023809523809523808,False
unauthor,1,1,0.023809523809523808,False
unbak,1,1,0.023809523809523808,False
unband,1,1,0.023809523809523808,False
unbarb,1,1,0.023809523809523808,False
unbash,1,1,0.023809523809523808,False
unbatt,1,1,0.023809523809523808,False
unbecom,1,1,0.023809523809523808,False
unbefit,1,1,0.023809523809523808,False
unbegot,1,1,0.023809523809523808,False
unbegotten,1,1,0.023809523809523808,False
unbeliev,1,1,0.023809523809523808,False
unbend,1,1,0.023809523809523808,False
unbeseem,1,1,0.023809523809523808,False
unbewail,1,1,0.023809523809523808,False
unbid,1,1,0.023809523809523808,False
unbidden,1,1,0.023809523809523808,False
unbit,1,1,0.023809523809523808,False
unblest,1,1,0.023809523809523808,False
unblind,1,1,0.023809523809523808,False
unbloodi,1,1,0.023809523809523808,False
unblown,1,1,0.023809523809523808,False
unblush,1,1,0.023809523809523808,False
unbodi,1,1,0.023809523809523808,False
unbookish,1,1,0.023809523809523808,False
unbosom,1,1,0.023809523809523808,False
unbr,1,1,0.023809523809523808,False
unbraid,1,1,0.023809523809523808,False
unbreath,1,1,0.023809523809523808,False
unbreech,1,1,0.023809523809523808,False
unbrok,1,1,0.023809523809523808,False
unbuild,1,1,0.023809523809523808,False
unburden,1,1,0.023809523809523808,False
unburnt,1,1,0.023809523809523808,False
uncertainli,1,1,0.023809523809523808,False
unchain,1,1,0.023809523809523808,False
unchang,1,1,0.023809523809523808,False
unchari,1,1,0.023809523809523808,False
uncharit,1,1,0.023809523809523808,False
uncheck,1,1,0.023809523809523808,False
uncheer,1,1,0.023809523809523808,False
unchequ,1,1,0.023809523809523808,False
unchild,1,1,0.023809523809523808,False
unclaim,1,1,0.023809523809523808,False
unclew,1,1,0.023809523809523808,False
unclog,1,1,0.023809523809523808,False
uncoin,1,1,0.023809523809523808,False
uncolt,1,1,0.023809523809523808,False
uncomeli,1,1,0.023809523809523808,False
uncomfort,1,1,0.023809523809523808,False
uncompassion,1,1,0.023809523809523808,False
uncomprehens,1,1,0.023809523809523808,False
unconfin,1,1,0.023809523809523808,False
uncontemn,1,1,0.023809523809523808,False
uncorrect,1,1,0.023809523809523808,False
uncount,1,1,0.023809523809523808,False
uncourt,1,1,0.023809523809523808,False
uncrop,1,1,0.023809523809523808,False
uncross,1,1,0.023809523809523808,False
unctuou,1,1,0.023809523809523808,False
uncuckold,1,1,0.023809523809523808,False
uncurl,1,1,0.023809523809523808,False
uncurs,1,1,0.023809523809523808,False
undeaf,1,1,0.023809523809523808,False
undeck,1,1,0.023809523809523808,False
undeed,1,1,0.023809523809523808,False
underbear,1,1,0.023809523809523808,False
underborn,1,1,0.023809523809523808,False
undercrest,1,1,0.023809523809523808,False
undergon,1,1,0.023809523809523808,False
underl,1,1,0.023809523809523808,False
underpr,1,1,0.023809523809523808,False
understandeth,1,1,0.023809523809523808,False
underta,1,1,0.023809523809523808,False
underw,1,1,0.023809523809523808,False
undescri,1,1,0.023809523809523808,False
undetermin,1,1,0.023809523809523808,False
undint,1,1,0.023809523809523808,False
undiscern,1,1,0.023809523809523808,False
undishonour,1,1,0.023809523809523808,False
undispos,1,1,0.023809523809523808,False
undraw,1,1,0.023809523809523808,False
undream,1,1,0.023809523809523808,False
undut,1,1,0.023809523809523808,False
unduti,1,1,0.023809523809523808,False
unear,1,1,0.023809523809523808,False
unearn,1,1,0.023809523809523808,False
unearthli,1,1,0.023809523809523808,False
uneath,1,1,0.023809523809523808,False
uneduc,1,1,0.023809523809523808,False
uneffectu,1,1,0.023809523809523808,False
unelect,1,1,0.023809523809523808,False
unexamin,1,1,0.023809523809523808,False
unexecut,1,1,0.023809523809523808,False
unexperi,1,1,0.023809523809523808,False
unexperienc,1,1,0.023809523809523808,False
unexpress,1,1,0.023809523809523808,False
unf,1,1,0.023809523809523808,False
unfair,1,1,0.023809523809523808,False
unfaith,1,1,0.023809523809523808,False
unfal,1,1,0.023809523809523808,False
unfam,1,1,0.023809523809523808,False
unfamiliar,1,1,0.023809523809523808,False
unfashion,1,1,0.023809523809523808,False
unfasten,1,1,0.023809523809523808,False
unfe,1,1,0.023809523809523808,False
unfellow,1,1,0.023809523809523808,False
unfenc,1,1,0.023809523809523808,False
unfili,1,1,0.023809523809523808,False
unfoldeth,1,1,0.023809523809523808,False
unfool,1,1,0.023809523809523808,False
unforfeit,1,1,0.023809523809523808,False
unfortifi,1,1,0.023809523809523808,False
unfought,1,1,0.023809523809523808,False
unfriendli,1,1,0.023809523809523808,False
unfruit,1,1,0.023809523809523808,False
ungenitur,1,1,0.023809523809523808,False
ungird,1,1,0.023809523809523808,False
ungodli,1,1,0.023809523809523808,False
ungor,1,1,0.023809523809523808,False
ungot,1,1,0.023809523809523808,False
ungotten,1,1,0.023809523809523808,False
ungrav,1,1,0.023809523809523808,False
unguem,1,1,0.023809523809523808,False
unhand,1,1,0.023809523809523808,False
unhang,1,1,0.023809523809523808,False
unharden,1,1,0.023809523809523808,False
unharm,1,1,0.023809523809523808,False
unheart,1,1,0.023809523809523808,False
unheedfulli,1,1,0.023809523809523808,False
unheedi,1,1,0.023809523809523808,False
unhelp,1,1,0.023809523809523808,False
unhidden,1,1,0.023809523809523808,False
unhold,1,1,0.023809523809523808,False
unhop,1,1,0.023809523809523808,False
unhopefullest,1,1,0.023809523809523808,False
unhors,1,1,0.023809523809523808,False
unhospit,1,1,0.023809523809523808,False
unhousel,1,1,0.023809523809523808,False
unhurt,1,1,0.023809523809523808,False
unimprov,1,1,0.023809523809523808,False
uninhabit,1,1,0.023809523809523808,False
unintellig,1,1,0.023809523809523808,False
unjoint,1,1,0.023809523809523808,False
unkept,1,1,0.023809523809523808,False
unkinglik,1,1,0.023809523809523808,False
unknow,1,1,0.023809523809523808,False
unlac,1,1,0.023809523809523808,False
unlesson,1,1,0.023809523809523808,False
unlicens,1,1,0.023809523809523808,False
unlick,1,1,0.023809523809523808,False
unlimit,1,1,0.023809523809523808,False
unlin,1,1,0.023809523809523808,False
unlink,1,1,0.023809523809523808,False
unliv,1,1,0.023809523809523808,False
unlustr,1,1,0.023809523809523808,False
unmad,1,1,0.023809523809523808,False
unmarri,1,1,0.023809523809523808,False
unmast,1,1,0.023809523809523808,False
unmellow,1,1,0.023809523809523808,False
unmerci,1,1,0.023809523809523808,False
unmix,1,1,0.023809523809523808,False
unmoan,1,1,0.023809523809523808,False
unmus,1,1,0.023809523809523808,False
unnecessarili,1,1,0.023809523809523808,False
unneighbourli,1,1,0.023809523809523808,False
unnerv,1,1,0.023809523809523808,False
unnobl,1,1,0.023809523809523808,False
unow,1,1,0.023809523809523808,False
unpack,1,1,0.023809523809523808,False
unpai,1,1,0.023809523809523808,False
unpardon,1,1,0.023809523809523808,False
unpart,1,1,0.023809523809523808,False
unparti,1,1,0.023809523809523808,False
unpath,1,1,0.023809523809523808,False
unpav,1,1,0.023809523809523808,False
unpeac,1,1,0.023809523809523808,False
unpeg,1,1,0.023809523809523808,False
unperceiv,1,1,0.023809523809523808,False
unpick,1,1,0.023809523809523808,False
unpink,1,1,0.023809523809523808,False
unpitifulli,1,1,0.023809523809523808,False
unplagu,1,1,0.023809523809523808,False
unplaus,1,1,0.023809523809523808,False
unpolici,1,1,0.023809523809523808,False
unpollut,1,1,0.023809523809523808,False
unposs,1,1,0.023809523809523808,False
unpremedit,1,1,0.023809523809523808,False
unpress,1,1,0.023809523809523808,False
unprev,1,1,0.023809523809523808,False
unprop,1,1,0.023809523809523808,False
unproperli,1,1,0.023809523809523808,False
unproport,1,1,0.023809523809523808,False
unprovok,1,1,0.023809523809523808,False
unpublish,1,1,0.023809523809523808,False
unpurg,1,1,0.023809523809523808,False
unpurpos,1,1,0.023809523809523808,False
unqual,1,1,0.023809523809523808,False
unqueen,1,1,0.023809523809523808,False
unquestion,1,1,0.023809523809523808,False
unquietli,1,1,0.023809523809523808,False
unrais,1,1,0.023809523809523808,False
unrak,1,1,0.023809523809523808,False
unread,1,1,0.023809523809523808,False
unrecal,1,1,0.023809523809523808,False
unreclaim,1,1,0.023809523809523808,False
unreconcil,1,1,0.023809523809523808,False
unreconcili,1,1,0.023809523809523808,False
unrecount,1,1,0.023809523809523808,False
unrecur,1,1,0.023809523809523808,False
unregard,1,1,0.023809523809523808,False
unregist,1,1,0.023809523809523808,False
unrememb,1,1,0.023809523809523808,False
unrepriev,1,1,0.023809523809523808,False
unresist,1,1,0.023809523809523808,False
unresolv,1,1,0.023809523809523808,False
unrestor,1,1,0.023809523809523808,False
unrestrain,1,1,0.023809523809523808,False
unrevers,1,1,0.023809523809523808,False
unreward,1,1,0.023809523809523808,False
unrival,1,1,0.023809523809523808,False
unroof,1,1,0.023809523809523808,False
unroost,1,1,0.023809523809523808,False
unroot,1,1,0.023809523809523808,False
unrough,1,1,0.023809523809523808,False
unsalut,1,1,0.023809523809523808,False
unsati,1,1,0.023809523809523808,False
unscal,1,1,0.023809523809523808,False
unscann,1,1,0.023809523809523808,False
unscissor,1,1,0.023809523809523808,False
unscorch,1,1,0.023809523809523808,False
unscour,1,1,0.023809523809523808,False
unscratch,1,1,0.023809523809523808,False
unseam,1,1,0.023809523809523808,False
unsearch,1,1,0.023809523809523808,False
unsecond,1,1,0.023809523809523808,False
unsecret,1,1,0.023809523809523808,False
unseduc,1,1,0.023809523809523808,False
unseem,1,1,0.023809523809523808,False
unseemli,1,1,0.023809523809523808,False
unseminar,1,1,0.023809523809523808,False
unsepar,1,1,0.023809523809523808,False
unservic,1,1,0.023809523809523808,False
unset,1,1,0.023809523809523808,False
unsev,1,1,0.023809523809523808,False
unsex,1,1,0.023809523809523808,False
unshapen,1,1,0.023809523809523808,False
unshorn,1,1,0.023809523809523808,False
unshout,1,1,0.023809523809523808,False
unshown,1,1,0.023809523809523808,False
unshrink,1,1,0.023809523809523808,False
unshrubb,1,1,0.023809523809523808,False
unshun,1,1,0.023809523809523808,False
unshunn,1,1,0.023809523809523808,False
unsift,1,1,0.023809523809523808,False
unsightli,1,1,0.023809523809523808,False
unsinew,1,1,0.023809523809523808,False
unsist,1,1,0.023809523809523808,False
unskilfulli,1,1,0.023809523809523808,False
unslip,1,1,0.023809523809523808,False
unsmirch,1,1,0.023809523809523808,False
unsoil,1,1,0.023809523809523808,False
unsort,1,1,0.023809523809523808,False
unspher,1,1,0.023809523809523808,False
unspok,1,1,0.023809523809523808,False
unspoken,1,1,0.023809523809523808,False
unsquar,1,1,0.023809523809523808,False
unstabl,1,1,0.023809523809523808,False
unsteadfast,1,1,0.023809523809523808,False
unsteadi,1,1,0.023809523809523808,False
unstoop,1,1,0.023809523809523808,False
unstring,1,1,0.023809523809523808,False
unstuff,1,1,0.023809523809523808,False
unsulli,1,1,0.023809523809523808,False
unsunn,1,1,0.023809523809523808,False
unsway,1,1,0.023809523809523808,False
unsworn,1,1,0.023809523809523808,False
untalk,1,1,0.023809523809523808,False
untast,1,1,0.023809523809523808,False
untemp,1,1,0.023809523809523808,False
unthink,1,1,0.023809523809523808,False
unthread,1,1,0.023809523809523808,False
untidi,1,1,0.023809523809523808,False
untimb,1,1,0.023809523809523808,False
untitl,1,1,0.023809523809523808,False
untowardli,1,1,0.023809523809523808,False
untrad,1,1,0.023809523809523808,False
untreasur,1,1,0.023809523809523808,False
untri,1,1,0.023809523809523808,False
untrim,1,1,0.023809523809523808,False
untrimm,1,1,0.023809523809523808,False
untrod,1,1,0.023809523809523808,False
untrodden,1,1,0.023809523809523808,False
untroubl,1,1,0.023809523809523808,False
untruss,1,1,0.023809523809523808,False
untuck,1,1,0.023809523809523808,False
unvanquish,1,1,0.023809523809523808,False
unvarnish,1,1,0.023809523809523808,False
unvener,1,1,0.023809523809523808,False
unvex,1,1,0.023809523809523808,False
unvirtu,1,1,0.023809523809523808,False
unvisit,1,1,0.023809523809523808,False
unvulner,1,1,0.023809523809523808,False
unw,1,1,0.023809523809523808,False
unwar,1,1,0.023809523809523808,False
unwarili,1,1,0.023809523809523808,False
unwatch,1,1,0.023809523809523808,False
unweari,1,1,0.023809523809523808,False
unweav,1,1,0.023809523809523808,False
unwedg,1,1,0.023809523809523808,False
unweed,1,1,0.023809523809523808,False
unwept,1,1,0.023809523809523808,False
unwhipp,1,1,0.023809523809523808,False
unwillig,1,1,0.023809523809523808,False
unwip,1,1,0.023809523809523808,False
unwoo,1,1,0.023809523809523808,False
unwrung,1,1,0.023809523809523808,False
unyield,1,1,0.023809523809523808,False
uphoard,1,1,0.023809523809523808,False
upholdeth,1,1,0.023809523809523808,False
upmost,1,1,0.023809523809523808,False
upshoot,1,1,0.023809523809523808,False
upstair,1,1,0.023809523809523808,False
urchinfield,1,1,0.023809523809523808,False
ursa,1,1,0.023809523809523808,False
ursurp,1,1,0.023809523809523808,False
urswick,1,1,0.023809523809523808,False
usurpingli,1,1,0.023809523809523808,False
uti,1,1,0.023809523809523808,False
util,1,1,0.023809523809523808,False
uttereth,1,1,0.023809523809523808,False
va,1,1,0.023809523809523808,False
vacat,1,1,0.023809523809523808,False
vagram,1,1,0.023809523809523808,False
vagrom,1,1,0.023809523809523808,False
vai,1,1,0.023809523809523808,False
vaillant,1,1,0.023809523809523808,False
vainer,1,1,0.023809523809523808,False
valanc,1,1,0.023809523809523808,False
vald,1,1,0.023809523809523808,False
valentio,1,1,0.023809523809523808,False
valueless,1,1,0.023809523809523808,False
van,1,1,0.023809523809523808,False
vanisheth,1,1,0.023809523809523808,False
vanquishest,1,1,0.023809523809523808,False
vanquisheth,1,1,0.023809523809523808,False
vantbrac,1,1,0.023809523809523808,False
vapian,1,1,0.023809523809523808,False
vara,1,1,0.023809523809523808,False
varianc,1,1,0.023809523809523808,False
variest,1,1,0.023809523809523808,False
varld,1,1,0.023809523809523808,False
varletri,1,1,0.023809523809523808,False
varletto,1,1,0.023809523809523808,False
vastid,1,1,0.023809523809523808,False
vastli,1,1,0.023809523809523808,False
vaultag,1,1,0.023809523809523808,False
vaumond,1,1,0.023809523809523808,False
vaunter,1,1,0.023809523809523808,False
vauntingli,1,1,0.023809523809523808,False
vauvado,1,1,0.023809523809523808,False
vede,1,1,0.023809523809523808,False
veget,1,1,0.023809523809523808,False
vehor,1,1,0.023809523809523808,False
velur,1,1,0.023809523809523808,False
venei,1,1,0.023809523809523808,False
veni,1,1,0.023809523809523808,False
venial,1,1,0.023809523809523808,False
venit,1,1,0.023809523809523808,False
ventag,1,1,0.023809523809523808,False
ventricl,1,1,0.023809523809523808,False
verbatim,1,1,0.023809523809523808,False
verbos,1,1,0.023809523809523808,False
verdun,1,1,0.023809523809523808,False
verger,1,1,0.023809523809523808,False
vermilion,1,1,0.023809523809523808,False
vermin,1,1,0.023809523809523808,False
verol,1,1,0.023809523809523808,False
veronesa,1,1,0.023809523809523808,False
versal,1,1,0.023809523809523808,False
vert,1,1,0.023809523809523808,False
vesper,1,1,0.023809523809523808,False
veux,1,1,0.023809523809523808,False
vexest,1,1,0.023809523809523808,False
vexeth,1,1,0.023809523809523808,False
vherefor,1,1,0.023809523809523808,False
viceger,1,1,0.023809523809523808,False
vici,1,1,0.023809523809523808,False
vicious,1,1,0.023809523809523808,False
victress,1,1,0.023809523809523808,False
vide,1,1,0.023809523809523808,False
videlicit,1,1,0.023809523809523808,False
video,1,1,0.023809523809523808,False
videsn,1,1,0.023809523809523808,False
vidi,1,1,0.023809523809523808,False
vieweth,1,1,0.023809523809523808,False
viewless,1,1,0.023809523809523808,False
vigit,1,1,0.023809523809523808,False
viler,1,1,0.023809523809523808,False
vilia,1,1,0.023809523809523808,False
villageri,1,1,0.023809523809523808,False
villaini,1,1,0.023809523809523808,False
villiago,1,1,0.023809523809523808,False
villiando,1,1,0.023809523809523808,False
vinaigr,1,1,0.023809523809523808,False
vincer,1,1,0.023809523809523808,False
vindic,1,1,0.023809523809523808,False
vinewedst,1,1,0.023809523809523808,False
violenta,1,1,0.023809523809523808,False
violentest,1,1,0.023809523809523808,False
violenteth,1,1,0.023809523809523808,False
vir,1,1,0.023809523809523808,False
virginal,1,1,0.023809523809523808,False
virgo,1,1,0.023809523809523808,False
viscount,1,1,0.023809523809523808,False
vit,1,1,0.023809523809523808,False
vitement,1,1,0.023809523809523808,False
vitravio,1,1,0.023809523809523808,False
viva,1,1,0.023809523809523808,False
vivant,1,1,0.023809523809523808,False
vive,1,1,0.023809523809523808,False
vivo,1,1,0.023809523809523808,False
vixen,1,1,0.023809523809523808,False
viz,1,1,0.023809523809523808,False
vizament,1,1,0.023809523809523808,False
vocativo,1,1,0.023809523809523808,False
vocatur,1,1,0.023809523809523808,False
voce,1,1,0.023809523809523808,False
volant,1,1,0.023809523809523808,False
volivorco,1,1,0.023809523809523808,False
volk,1,1,0.023809523809523808,False
volquessen,1,1,0.023809523809523808,False
voluntarili,1,1,0.023809523809523808,False
vomiss,1,1,0.023809523809523808,False
vorld,1,1,0.023809523809523808,False
vortnight,1,1,0.023809523809523808,False
voudrai,1,1,0.023809523809523808,False
voutsaf,1,1,0.023809523809523808,False
vox,1,1,0.023809523809523808,False
vulgarli,1,1,0.023809523809523808,False
vulgo,1,1,0.023809523809523808,False
vulgu,1,1,0.023809523809523808,False
vulner,1,1,0.023809523809523808,False
vurther,1,1,0.023809523809523808,False
wad,1,1,0.023809523809523808,False
waddl,1,1,0.023809523809523808,False
wafer,1,1,0.023809523809523808,False
waftur,1,1,0.023809523809523808,False
wagg,1,1,0.023809523809523808,False
waggl,1,1,0.023809523809523808,False
wagtail,1,1,0.023809523809523808,False
wain,1,1,0.023809523809523808,False
wainrop,1,1,0.023809523809523808,False
wainscot,1,1,0.023809523809523808,False
waiteth,1,1,0.023809523809523808,False
wallon,1,1,0.023809523809523808,False
walloon,1,1,0.023809523809523808,False
wanderingli,1,1,0.023809523809523808,False
wanion,1,1,0.023809523809523808,False
wann,1,1,0.023809523809523808,False
wantonli,1,1,0.023809523809523808,False
wappen,1,1,0.023809523809523808,False
warden,1,1,0.023809523809523808,False
warranteth,1,1,0.023809523809523808,False
warrantis,1,1,0.023809523809523808,False
washer,1,1,0.023809523809523808,False
washford,1,1,0.023809523809523808,False
waster,1,1,0.023809523809523808,False
wat,1,1,0.023809523809523808,False
waterdrop,1,1,0.023809523809523808,False
waterfli,1,1,0.023809523809523808,False
waterford,1,1,0.023809523809523808,False
waterton,1,1,0.023809523809523808,False
wawl,1,1,0.023809523809523808,False
waxeth,1,1,0.023809523809523808,False
waylai,1,1,0.023809523809523808,False
waylaid,1,1,0.023809523809523808,False
wealsmen,1,1,0.023809523809523808,False
wealthiest,1,1,0.023809523809523808,False
wearest,1,1,0.023809523809523808,False
weariest,1,1,0.023809523809523808,False
wearili,1,1,0.023809523809523808,False
wee,1,1,0.023809523809523808,False
weeder,1,1,0.023809523809523808,False
weedi,1,1,0.023809523809523808,False
weekli,1,1,0.023809523809523808,False
weeper,1,1,0.023809523809523808,False
weepingli,1,1,0.023809523809523808,False
weet,1,1,0.023809523809523808,False
weightless,1,1,0.023809523809523808,False
welcomest,1,1,0.023809523809523808,False
welshwomen,1,1,0.023809523809523808,False
wen,1,1,0.023809523809523808,False
wenchless,1,1,0.023809523809523808,False
weringli,1,1,0.023809523809523808,False
westerli,1,1,0.023809523809523808,False
wezand,1,1,0.023809523809523808,False
wheaten,1,1,0.023809523809523808,False
wheeson,1,1,0.023809523809523808,False
wheez,1,1,0.023809523809523808,False
whelm,1,1,0.023809523809523808,False
whencesoev,1,1,0.023809523809523808,False
whereout,1,1,0.023809523809523808,False
wheresom,1,1,0.023809523809523808,False
whetteth,1,1,0.023809523809523808,False
whew,1,1,0.023809523809523808,False
whi,1,1,0.023809523809523808,False
whiff,1,1,0.023809523809523808,False
whiffler,1,1,0.023809523809523808,False
whimpl,1,1,0.023809523809523808,False
whipper,1,1,0.023809523809523808,False
whipster,1,1,0.023809523809523808,False
whir,1,1,0.023809523809523808,False
whirligig,1,1,0.023809523809523808,False
whirlipool,1,1,0.023809523809523808,False
whist,1,1,0.023809523809523808,False
whitehal,1,1,0.023809523809523808,False
whitster,1,1,0.023809523809523808,False
whittl,1,1,0.023809523809523808,False
whizz,1,1,0.023809523809523808,False
wholesomest,1,1,0.023809523809523808,False
whoo,1,1,0.023809523809523808,False
whoremong,1,1,0.023809523809523808,False
whorish,1,1,0.023809523809523808,False
wickedli,1,1,0.023809523809523808,False
wicki,1,1,0.023809523809523808,False
widen,1,1,0.023809523809523808,False
widest,1,1,0.023809523809523808,False
widowhood,1,1,0.023809523809523808,False
wightli,1,1,0.023809523809523808,False
willer,1,1,0.023809523809523808,False
willfulli,1,1,0.023809523809523808,False
wincot,1,1,0.023809523809523808,False
windlass,1,1,0.023809523809523808,False
windpip,1,1,0.023809523809523808,False
windr,1,1,0.023809523809523808,False
wingdal,1,1,0.023809523809523808,False
wingfield,1,1,0.023809523809523808,False
wingham,1,1,0.023809523809523808,False
winterli,1,1,0.023809523809523808,False
wiseli,1,1,0.023809523809523808,False
wisher,1,1,0.023809523809523808,False
wisheth,1,1,0.023809523809523808,False
wisp,1,1,0.023809523809523808,False
wist,1,1,0.023809523809523808,False
withold,1,1,0.023809523809523808,False
withstood,1,1,0.023809523809523808,False
wittiest,1,1,0.023809523809523808,False
wittol,1,1,0.023809523809523808,False
wittolli,1,1,0.023809523809523808,False
wn,1,1,0.023809523809523808,False
wode,1,1,0.023809523809523808,False
woefullest,1,1,0.023809523809523808,False
womankind,1,1,0.023809523809523808,False
wombi,1,1,0.023809523809523808,False
woncot,1,1,0.023809523809523808,False
wonderfulli,1,1,0.023809523809523808,False
wondrous,1,1,0.023809523809523808,False
woodland,1,1,0.023809523809523808,False
woodmong,1,1,0.023809523809523808,False
woof,1,1,0.023809523809523808,False
wooingli,1,1,0.023809523809523808,False
woolsei,1,1,0.023809523809523808,False
woolvish,1,1,0.023809523809523808,False
woolward,1,1,0.023809523809523808,False
wordless,1,1,0.023809523809523808,False
worest,1,1,0.023809523809523808,False
worker,1,1,0.023809523809523808,False
worki,1,1,0.023809523809523808,False
workmanli,1,1,0.023809523809523808,False
wormi,1,1,0.023809523809523808,False
worshippest,1,1,0.023809523809523808,False
wouldest,1,1,0.023809523809523808,False
woun,1,1,0.023809523809523808,False
wrathfulli,1,1,0.023809523809523808,False
wreathen,1,1,0.023809523809523808,False
wringer,1,1,0.023809523809523808,False
writhl,1,1,0.023809523809523808,False
wrongli,1,1,0.023809523809523808,False
wroth,1,1,0.023809523809523808,False
xanthipp,1,1,0.023809523809523808,False
xc,1,1,0.023809523809523808,False
xci,1,1,0.023809523809523808,False
xcii,1,1,0.023809523809523808,False
xciii,1,1,0.023809523809523808,False
xciv,1,1,0.023809523809523808,False
xcix,1,1,0.023809523809523808,False
xcv,1,1,0.023809523809523808,False
xcvi,1,1,0.023809523809523808,False
xcvii,1,1,0.023809523809523808,False
xcviii,1,1,0.023809523809523808,False
xix,1,1,0.023809523809523808,False
xl,1,1,0.023809523809523808,False
xli,1,1,0.023809523809523808,False
xlii,1,1,0.023809523809523808,False
xliii,1,1,0.023809523809523808,False
xliv,1,1,0.023809523809523808,False
xlix,1,1,0.023809523809523808,False
xlv,1,1,0.023809523809523808,False
xlvi,1,1,0.023809523809523808,False
xlvii,1,1,0.023809523809523808,False
xlviii,1,1,0.023809523809523808,False
xvi,1,1,0.023809523809523808,False
xvii,1,1,0.023809523809523808,False
xviii,1,1,0.023809523809523808,False
xx,1,1,0.023809523809523808,False
xxi,1,1,0.023809523809523808,False
xxii,1,1,0.023809523809523808,False
xxiii,1,1,0.023809523809523808,False
xxiv,1,1,0.023809523809523808,False
xxix,1,1,0.023809523809523808,False
xxv,1,1,0.023809523809523808,False
xxvi,1,1,0.023809523809523808,False
xxvii,1,1,0.023809523809523808,False
xxviii,1,1,0.023809523809523808,False
xxx,1,1,0.023809523809523808,False
xxxi,1,1,0.023809523809523808,False
xxxii,1,1,0.023809523809523808,False
xxxiii,1,1,0.023809523809523808,False
xxxiv,1,1,0.023809523809523808,False
xxxix,1,1,0.023809523809523808,False
xxxv,1,1,0.023809523809523808,False
xxxvi,1,1,0.023809523809523808,False
xxxvii,1,1,0.023809523809523808,False
xxxviii,1,1,0.023809523809523808,False
yaughan,1,1,0.023809523809523808,False
yaw,1,1,0.023809523809523808,False
yclipe,1,1,0.023809523809523808,False
yead,1,1,0.023809523809523808,False
yedward,1,1,0.023809523809523808,False
yeomen,1,1,0.023809523809523808,False
yest,1,1,0.023809523809523808,False
yoemen,1,1,0.023809523809523808,False
yoketh,1,1,0.023809523809523808,False
yore,1,1,0.023809523809523808,False
zed,1,1,0.023809523809523808,False
zenelophon,1,1,0.023809523809523808,False
zenith,1,1,0.023809523809523808,False
zephyr,1,1,0.023809523809523808,False
zo,1,1,0.023809523809523808,False
zone,1,1,0.023809523809523808,False
zwagger,1,1,0.023809523809523808,False
